WellName,CardDate,Point,SurfacePosition_in,SurfaceLoad_kips
WELL-001,2026-09-01 08:00:00,1,0.0,23.53542
WELL-001,2026-09-01 08:00:00,2,0.022959,23.795949
WELL-001,2026-09-01 08:00:00,3,0.091809,24.052422
WELL-001,2026-09-01 08:00:00,4,0.206465,24.302607
WELL-001,2026-09-01 08:00:00,5,0.366788,24.544879
WELL-001,2026-09-01 08:00:00,6,0.572582,24.778408
WELL-001,2026-09-01 08:00:00,7,0.823597,25.003228
WELL-001,2026-09-01 08:00:00,8,1.119527,25.22019
WELL-001,2026-09-01 08:00:00,9,1.460011,25.430789
WELL-001,2026-09-01 08:00:00,10,1.844635,25.636914
WELL-001,2026-09-01 08:00:00,11,2.27293,25.840526
WELL-001,2026-09-01 08:00:00,12,2.744374,26.04334
WELL-001,2026-09-01 08:00:00,13,3.258393,26.246541
WELL-001,2026-09-01 08:00:00,14,3.81436,26.450577
WELL-001,2026-09-01 08:00:00,15,4.411598,26.655067
WELL-001,2026-09-01 08:00:00,16,5.04938,26.858822
WELL-001,2026-09-01 08:00:00,17,5.726928,27.059999
WELL-001,2026-09-01 08:00:00,18,6.443418,27.256335
WELL-001,2026-09-01 08:00:00,19,7.197975,27.445461
WELL-001,2026-09-01 08:00:00,20,7.989681,27.625217
WELL-001,2026-09-01 08:00:00,21,8.817571,27.793947
WELL-001,2026-09-01 08:00:00,22,9.680637,27.950718
WELL-001,2026-09-01 08:00:00,23,10.577826,28.095437
WELL-001,2026-09-01 08:00:00,24,11.508047,28.228842
WELL-001,2026-09-01 08:00:00,25,12.470165,28.352377
WELL-001,2026-09-01 08:00:00,26,13.463009,28.467959
WELL-001,2026-09-01 08:00:00,27,14.485368,28.577684
WELL-001,2026-09-01 08:00:00,28,15.535997,28.683497
WELL-001,2026-09-01 08:00:00,29,16.613617,28.786895
WELL-001,2026-09-01 08:00:00,30,17.716913,28.88869
WELL-001,2026-09-01 08:00:00,31,18.844543,28.988865
WELL-001,2026-09-01 08:00:00,32,19.995132,29.086569
WELL-001,2026-09-01 08:00:00,33,21.167278,29.18021
WELL-001,2026-09-01 08:00:00,34,22.359554,29.26768
WELL-001,2026-09-01 08:00:00,35,23.570506,29.346634
WELL-001,2026-09-01 08:00:00,36,24.798659,29.41482
WELL-001,2026-09-01 08:00:00,37,26.042518,29.470388
WELL-001,2026-09-01 08:00:00,38,27.300566,29.51214
WELL-001,2026-09-01 08:00:00,39,28.571271,29.539693
WELL-001,2026-09-01 08:00:00,40,29.853084,29.553514
WELL-001,2026-09-01 08:00:00,41,31.144445,29.554843
WELL-001,2026-09-01 08:00:00,42,32.443779,29.545497
WELL-001,2026-09-01 08:00:00,43,33.749504,29.527594
WELL-001,2026-09-01 08:00:00,44,35.060028,29.503234
WELL-001,2026-09-01 08:00:00,45,36.373756,29.474188
WELL-001,2026-09-01 08:00:00,46,37.689086,29.441631
WELL-001,2026-09-01 08:00:00,47,39.004416,29.405969
WELL-001,2026-09-01 08:00:00,48,40.318144,29.366779
WELL-001,2026-09-01 08:00:00,49,41.628668,29.322869
WELL-001,2026-09-01 08:00:00,50,42.934393,29.27246
WELL-001,2026-09-01 08:00:00,51,44.233727,29.213449
WELL-001,2026-09-01 08:00:00,52,45.525088,29.143727
WELL-001,2026-09-01 08:00:00,53,46.806901,29.061499
WELL-001,2026-09-01 08:00:00,54,48.077606,28.965561
WELL-001,2026-09-01 08:00:00,55,49.335654,28.855497
WELL-001,2026-09-01 08:00:00,56,50.579513,28.731763
WELL-001,2026-09-01 08:00:00,57,51.807666,28.595647
WELL-001,2026-09-01 08:00:00,58,53.018618,28.44911
WELL-001,2026-09-01 08:00:00,59,54.210894,28.294539
WELL-001,2026-09-01 08:00:00,60,55.38304,28.134431
WELL-001,2026-09-01 08:00:00,61,56.533629,27.971073
WELL-001,2026-09-01 08:00:00,62,57.661259,27.806253
WELL-001,2026-09-01 08:00:00,63,58.764556,27.641043
WELL-001,2026-09-01 08:00:00,64,59.842175,27.475696
WELL-001,2026-09-01 08:00:00,65,60.892804,27.309659
WELL-001,2026-09-01 08:00:00,66,61.915164,27.141709
WELL-001,2026-09-01 08:00:00,67,62.908007,26.970187
WELL-001,2026-09-01 08:00:00,68,63.870125,26.793298
WELL-001,2026-09-01 08:00:00,69,64.800346,26.609433
WELL-001,2026-09-01 08:00:00,70,65.697535,26.417466
WELL-001,2026-09-01 08:00:00,71,66.560601,26.216976
WELL-001,2026-09-01 08:00:00,72,67.388491,26.008377
WELL-001,2026-09-01 08:00:00,73,68.180197,25.792916
WELL-001,2026-09-01 08:00:00,74,68.934754,25.572557
WELL-001,2026-09-01 08:00:00,75,69.651244,25.349756
WELL-001,2026-09-01 08:00:00,76,70.328792,25.127167
WELL-001,2026-09-01 08:00:00,77,70.966574,24.907315
WELL-001,2026-09-01 08:00:00,78,71.563812,24.692286
WELL-001,2026-09-01 08:00:00,79,72.119779,24.483484
WELL-001,2026-09-01 08:00:00,80,72.633798,24.281477
WELL-001,2026-09-01 08:00:00,81,73.105242,24.085973
WELL-001,2026-09-01 08:00:00,82,73.533537,23.895906
WELL-001,2026-09-01 08:00:00,83,73.918161,23.709642
WELL-001,2026-09-01 08:00:00,84,74.258645,23.525261
WELL-001,2026-09-01 08:00:00,85,74.554575,23.340875
WELL-001,2026-09-01 08:00:00,86,74.80559,23.15494
WELL-001,2026-09-01 08:00:00,87,75.011385,22.966515
WELL-001,2026-09-01 08:00:00,88,75.171707,22.77543
WELL-001,2026-09-01 08:00:00,89,75.286363,22.58233
WELL-001,2026-09-01 08:00:00,90,75.355213,22.388608
WELL-001,2026-09-01 08:00:00,91,75.378172,22.19622
WELL-001,2026-09-01 08:00:00,92,75.355213,22.007409
WELL-001,2026-09-01 08:00:00,93,75.286363,21.824392
WELL-001,2026-09-01 08:00:00,94,75.171707,21.649043
WELL-001,2026-09-01 08:00:00,95,75.011385,21.482621
WELL-001,2026-09-01 08:00:00,96,74.80559,21.325589
WELL-001,2026-09-01 08:00:00,97,74.554575,21.177537
WELL-001,2026-09-01 08:00:00,98,74.258645,21.037244
WELL-001,2026-09-01 08:00:00,99,73.918161,20.902837
WELL-001,2026-09-01 08:00:00,100,73.533537,20.77206
WELL-001,2026-09-01 08:00:00,101,73.105242,20.642582
WELL-001,2026-09-01 08:00:00,102,72.633798,20.512328
WELL-001,2026-09-01 08:00:00,103,72.119779,20.37976
WELL-001,2026-09-01 08:00:00,104,71.563812,20.244084
WELL-001,2026-09-01 08:00:00,105,70.966574,20.105351
WELL-001,2026-09-01 08:00:00,106,70.328792,19.964426
WELL-001,2026-09-01 08:00:00,107,69.651244,19.822849
WELL-001,2026-09-01 08:00:00,108,68.934754,19.68259
WELL-001,2026-09-01 08:00:00,109,68.180197,19.545747
WELL-001,2026-09-01 08:00:00,110,67.388491,19.414225
WELL-001,2026-09-01 08:00:00,111,66.560601,19.289444
WELL-001,2026-09-01 08:00:00,112,65.697535,19.172123
WELL-001,2026-09-01 08:00:00,113,64.800346,19.062164
WELL-001,2026-09-01 08:00:00,114,63.870125,18.958657
WELL-001,2026-09-01 08:00:00,115,62.908007,18.860016
WELL-001,2026-09-01 08:00:00,116,61.915164,18.764199
WELL-001,2026-09-01 08:00:00,117,60.892804,18.669018
WELL-001,2026-09-01 08:00:00,118,59.842175,18.572453
WELL-001,2026-09-01 08:00:00,119,58.764556,18.472963
WELL-001,2026-09-01 08:00:00,120,57.661259,18.36972
WELL-001,2026-09-01 08:00:00,121,56.533629,18.262743
WELL-001,2026-09-01 08:00:00,122,55.38304,18.152921
WELL-001,2026-09-01 08:00:00,123,54.210894,18.041901
WELL-001,2026-09-01 08:00:00,124,53.018618,17.931879
WELL-001,2026-09-01 08:00:00,125,51.807666,17.825308
WELL-001,2026-09-01 08:00:00,126,50.579513,17.724574
WELL-001,2026-09-01 08:00:00,127,49.335654,17.631687
WELL-001,2026-09-01 08:00:00,128,48.077606,17.548027
WELL-001,2026-09-01 08:00:00,129,46.806901,17.47418
WELL-001,2026-09-01 08:00:00,130,45.525088,17.409905
WELL-001,2026-09-01 08:00:00,131,44.233727,17.354207
WELL-001,2026-09-01 08:00:00,132,42.934393,17.305536
WELL-001,2026-09-01 08:00:00,133,41.628668,17.262055
WELL-001,2026-09-01 08:00:00,134,40.318144,17.221963
WELL-001,2026-09-01 08:00:00,135,39.004416,17.183804
WELL-001,2026-09-01 08:00:00,136,37.689086,17.146729
WELL-001,2026-09-01 08:00:00,137,36.373756,17.110672
WELL-001,2026-09-01 08:00:00,138,35.060028,17.076407
WELL-001,2026-09-01 08:00:00,139,33.749504,17.045481
WELL-001,2026-09-01 08:00:00,140,32.443779,17.020039
WELL-001,2026-09-01 08:00:00,141,31.144445,17.002554
WELL-001,2026-09-01 08:00:00,142,29.853084,16.995507
WELL-001,2026-09-01 08:00:00,143,28.571271,17.001067
WELL-001,2026-09-01 08:00:00,144,27.300566,17.020813
WELL-001,2026-09-01 08:00:00,145,26.042518,17.055529
WELL-001,2026-09-01 08:00:00,146,24.798659,17.105129
WELL-001,2026-09-01 08:00:00,147,23.570506,17.168685
WELL-001,2026-09-01 08:00:00,148,22.359554,17.244589
WELL-001,2026-09-01 08:00:00,149,21.167278,17.330799
WELL-001,2026-09-01 08:00:00,150,19.995132,17.425151
WELL-001,2026-09-01 08:00:00,151,18.844543,17.525678
WELL-001,2026-09-01 08:00:00,152,17.716913,17.6309
WELL-001,2026-09-01 08:00:00,153,16.613617,17.740032
WELL-001,2026-09-01 08:00:00,154,15.535997,17.853096
WELL-001,2026-09-01 08:00:00,155,14.485368,17.970899
WELL-001,2026-09-01 08:00:00,156,13.463009,18.0949
WELL-001,2026-09-01 08:00:00,157,12.470165,18.226972
WELL-001,2026-09-01 08:00:00,158,11.508047,18.369102
WELL-001,2026-09-01 08:00:00,159,10.577826,18.523068
WELL-001,2026-09-01 08:00:00,160,9.680637,18.690142
WELL-001,2026-09-01 08:00:00,161,8.817571,18.870865
WELL-001,2026-09-01 08:00:00,162,7.989681,19.064921
WELL-001,2026-09-01 08:00:00,163,7.197975,19.271134
WELL-001,2026-09-01 08:00:00,164,6.443418,19.487584
WELL-001,2026-09-01 08:00:00,165,5.726928,19.711834
WELL-001,2026-09-01 08:00:00,166,5.04938,19.941224
WELL-001,2026-09-01 08:00:00,167,4.411598,20.173196
WELL-001,2026-09-01 08:00:00,168,3.81436,20.405603
WELL-001,2026-09-01 08:00:00,169,3.258393,20.636958
WELL-001,2026-09-01 08:00:00,170,2.744374,20.866581
WELL-001,2026-09-01 08:00:00,171,2.27293,21.094633
WELL-001,2026-09-01 08:00:00,172,1.844635,21.322019
WELL-001,2026-09-01 08:00:00,173,1.460011,21.550191
WELL-001,2026-09-01 08:00:00,174,1.119527,21.780866
WELL-001,2026-09-01 08:00:00,175,0.823597,22.015707
WELL-001,2026-09-01 08:00:00,176,0.572582,22.25601
WELL-001,2026-09-01 08:00:00,177,0.366788,22.502452
WELL-001,2026-09-01 08:00:00,178,0.206465,22.754921
WELL-001,2026-09-01 08:00:00,179,0.091809,23.012473
WELL-001,2026-09-01 08:00:00,180,0.022959,23.2734
WELL-001,2026-09-01 08:00:00,181,0.0,23.53542
WELL-001,2026-09-04 08:00:00,1,0.0,23.549946
WELL-001,2026-09-04 08:00:00,2,0.023235,23.817278
WELL-001,2026-09-04 08:00:00,3,0.09291,24.080673
WELL-001,2026-09-04 08:00:00,4,0.208942,24.337892
WELL-001,2026-09-04 08:00:00,5,0.371189,24.587302
WELL-001,2026-09-04 08:00:00,6,0.579453,24.828063
WELL-001,2026-09-04 08:00:00,7,0.83348,25.060201
WELL-001,2026-09-04 08:00:00,8,1.132961,25.284556
WELL-001,2026-09-04 08:00:00,9,1.477531,25.502618
WELL-001,2026-09-04 08:00:00,10,1.866771,25.716264
WELL-001,2026-09-04 08:00:00,11,2.300205,25.927447
WELL-001,2026-09-04 08:00:00,12,2.777306,26.137872
WELL-001,2026-09-04 08:00:00,13,3.297493,26.348714
WELL-001,2026-09-04 08:00:00,14,3.860132,26.560414
WELL-001,2026-09-04 08:00:00,15,4.464537,26.772579
WELL-001,2026-09-04 08:00:00,16,5.109973,26.984013
WELL-001,2026-09-04 08:00:00,17,5.795652,27.192862
WELL-001,2026-09-04 08:00:00,18,6.520739,27.396856
WELL-001,2026-09-04 08:00:00,19,7.284351,27.593614
WELL-001,2026-09-04 08:00:00,20,8.085557,27.780967
WELL-001,2026-09-04 08:00:00,21,8.923382,27.957251
WELL-001,2026-09-04 08:00:00,22,9.796804,28.121523
WELL-001,2026-09-04 08:00:00,23,10.70476,28.273682
WELL-001,2026-09-04 08:00:00,24,11.646144,28.414456
WELL-001,2026-09-04 08:00:00,25,12.619807,28.545279
WELL-001,2026-09-04 08:00:00,26,13.624565,28.668061
WELL-001,2026-09-04 08:00:00,27,14.659192,28.784887
WELL-001,2026-09-04 08:00:00,28,15.722429,28.897696
WELL-001,2026-09-04 08:00:00,29,16.81298,29.007976
WELL-001,2026-09-04 08:00:00,30,17.929516,29.116528
WELL-001,2026-09-04 08:00:00,31,19.070678,29.223331
WELL-001,2026-09-04 08:00:00,32,20.235074,29.327521
WELL-001,2026-09-04 08:00:00,33,21.421286,29.427502
WELL-001,2026-09-04 08:00:00,34,22.627868,29.521156
WELL-001,2026-09-04 08:00:00,35,23.853352,29.606132
WELL-001,2026-09-04 08:00:00,36,25.096243,29.680171
WELL-001,2026-09-04 08:00:00,37,26.355028,29.741413
WELL-001,2026-09-04 08:00:00,38,27.628173,29.788657
WELL-001,2026-09-04 08:00:00,39,28.914126,29.821509
WELL-001,2026-09-04 08:00:00,40,30.211321,29.840434
WELL-001,2026-09-04 08:00:00,41,31.518178,29.846663
WELL-001,2026-09-04 08:00:00,42,32.833104,29.842007
WELL-001,2026-09-04 08:00:00,43,34.154498,29.828579
WELL-001,2026-09-04 08:00:00,44,35.480749,29.808475
WELL-001,2026-09-04 08:00:00,45,36.810241,29.783458
WELL-001,2026-09-04 08:00:00,46,38.141355,29.754699
WELL-001,2026-09-04 08:00:00,47,39.472469,29.722601
WELL-001,2026-09-04 08:00:00,48,40.801962,29.686734
WELL-001,2026-09-04 08:00:00,49,42.128212,29.645904
WELL-001,2026-09-04 08:00:00,50,43.449606,29.598328
WELL-001,2026-09-04 08:00:00,51,44.764532,29.5419
WELL-001,2026-09-04 08:00:00,52,46.071389,29.474506
WELL-001,2026-09-04 08:00:00,53,47.368584,29.394349
WELL-001,2026-09-04 08:00:00,54,48.654537,29.300222
WELL-001,2026-09-04 08:00:00,55,49.927682,29.191709
WELL-001,2026-09-04 08:00:00,56,51.186467,29.069262
WELL-001,2026-09-04 08:00:00,57,52.429358,28.934168
WELL-001,2026-09-04 08:00:00,58,53.654842,28.788387
WELL-001,2026-09-04 08:00:00,59,54.861425,28.634304
WELL-001,2026-09-04 08:00:00,60,56.047637,28.474417
WELL-001,2026-09-04 08:00:00,61,57.212033,28.311012
WELL-001,2026-09-04 08:00:00,62,58.353194,28.145876
WELL-001,2026-09-04 08:00:00,63,59.46973,27.980084
WELL-001,2026-09-04 08:00:00,64,60.560281,27.813887
WELL-001,2026-09-04 08:00:00,65,61.623518,27.646735
WELL-001,2026-09-04 08:00:00,66,62.658146,27.477405
WELL-001,2026-09-04 08:00:00,67,63.662903,27.30424
WELL-001,2026-09-04 08:00:00,68,64.636567,27.125447
WELL-001,2026-09-04 08:00:00,69,65.57795,26.939421
WELL-001,2026-09-04 08:00:00,70,66.485906,26.745036
WELL-001,2026-09-04 08:00:00,71,67.359328,26.541875
WELL-001,2026-09-04 08:00:00,72,68.197153,26.330356
WELL-001,2026-09-04 08:00:00,73,68.99836,26.111729
WELL-001,2026-09-04 08:00:00,74,69.761972,25.887961
WELL-001,2026-09-04 08:00:00,75,70.487059,25.661513
WELL-001,2026-09-04 08:00:00,76,71.172738,25.435044
WELL-001,2026-09-04 08:00:00,77,71.818173,25.211083
WELL-001,2026-09-04 08:00:00,78,72.422578,24.991721
WELL-001,2026-09-04 08:00:00,79,72.985217,24.778366
WELL-001,2026-09-04 08:00:00,80,73.505404,24.571595
WELL-001,2026-09-04 08:00:00,81,73.982505,24.371119
WELL-001,2026-09-04 08:00:00,82,74.415939,24.175879
WELL-001,2026-09-04 08:00:00,83,74.805179,23.984247
WELL-001,2026-09-04 08:00:00,84,75.149749,23.794309
WELL-001,2026-09-04 08:00:00,85,75.44923,23.604184
WELL-001,2026-09-04 08:00:00,86,75.703257,23.412337
WELL-001,2026-09-04 08:00:00,87,75.911521,23.217832
WELL-001,2026-09-04 08:00:00,88,76.073768,23.020507
WELL-001,2026-09-04 08:00:00,89,76.1898,22.821014
WELL-001,2026-09-04 08:00:00,90,76.259475,22.620756
WELL-001,2026-09-04 08:00:00,91,76.28271,22.421694
WELL-001,2026-09-04 08:00:00,92,76.259475,22.22608
WELL-001,2026-09-04 08:00:00,93,76.1898,22.036141
WELL-001,2026-09-04 08:00:00,94,76.073768,21.853758
WELL-001,2026-09-04 08:00:00,95,75.911521,21.680199
WELL-001,2026-09-04 08:00:00,96,75.703257,21.515934
WELL-001,2026-09-04 08:00:00,97,75.44923,21.360565
WELL-001,2026-09-04 08:00:00,98,75.149749,21.212877
WELL-001,2026-09-04 08:00:00,99,74.805179,21.071008
WELL-001,2026-09-04 08:00:00,100,74.415939,20.93271
WELL-001,2026-09-04 08:00:00,101,73.982505,20.795662
WELL-001,2026-09-04 08:00:00,102,73.505404,20.657797
WELL-001,2026-09-04 08:00:00,103,72.985217,20.517587
WELL-001,2026-09-04 08:00:00,104,72.422578,20.374248
WELL-001,2026-09-04 08:00:00,105,71.818173,20.227839
WELL-001,2026-09-04 08:00:00,106,71.172738,20.079235
WELL-001,2026-09-04 08:00:00,107,70.487059,19.929985
WELL-001,2026-09-04 08:00:00,108,69.761972,19.782069
WELL-001,2026-09-04 08:00:00,109,68.99836,19.637594
WELL-001,2026-09-04 08:00:00,110,68.197153,19.498475
WELL-001,2026-09-04 08:00:00,111,67.359328,19.36614
WELL-001,2026-09-04 08:00:00,112,66.485906,19.241318
WELL-001,2026-09-04 08:00:00,113,65.57795,19.123919
WELL-001,2026-09-04 08:00:00,114,64.636567,19.013044
WELL-001,2026-09-04 08:00:00,115,63.662903,18.907114
WELL-001,2026-09-04 08:00:00,116,62.658146,18.804098
WELL-001,2026-09-04 08:00:00,117,61.623518,18.701814
WELL-001,2026-09-04 08:00:00,118,60.560281,18.598254
WELL-001,2026-09-04 08:00:00,119,59.46973,18.491883
WELL-001,2026-09-04 08:00:00,120,58.353194,18.381881
WELL-001,2026-09-04 08:00:00,121,57.212033,18.268278
WELL-001,2026-09-04 08:00:00,122,56.047637,18.151969
WELL-001,2026-09-04 08:00:00,123,54.861425,18.034609
WELL-001,2026-09-04 08:00:00,124,53.654842,17.918402
WELL-001,2026-09-04 08:00:00,125,52.429358,17.805809
WELL-001,2026-09-04 08:00:00,126,51.186467,17.699223
WELL-001,2026-09-04 08:00:00,127,49.927682,17.600662
WELL-001,2026-09-04 08:00:00,128,48.654537,17.51151
WELL-001,2026-09-04 08:00:00,129,47.368584,17.432363
WELL-001,2026-09-04 08:00:00,130,46.071389,17.362985
WELL-001,2026-09-04 08:00:00,131,44.764532,17.302388
WELL-001,2026-09-04 08:00:00,132,43.449606,17.249026
WELL-001,2026-09-04 08:00:00,133,42.128212,17.201069
WELL-001,2026-09-04 08:00:00,134,40.801962,17.156722
WELL-001,2026-09-04 08:00:00,135,39.472469,17.114534
WELL-001,2026-09-04 08:00:00,136,38.141355,17.073661
WELL-001,2026-09-04 08:00:00,137,36.810241,17.034041
WELL-001,2026-09-04 08:00:00,138,35.480749,16.996452
WELL-001,2026-09-04 08:00:00,139,34.154498,16.962446
WELL-001,2026-09-04 08:00:00,140,32.833104,16.934171
WELL-001,2026-09-04 08:00:00,141,31.518178,16.914104
WELL-001,2026-09-04 08:00:00,142,30.211321,16.904729
WELL-001,2026-09-04 08:00:00,143,28.914126,16.908218
WELL-001,2026-09-04 08:00:00,144,27.628173,16.926151
WELL-001,2026-09-04 08:00:00,145,26.355028,16.959317
WELL-001,2026-09-04 08:00:00,146,25.096243,17.00763
WELL-001,2026-09-04 08:00:00,147,23.853352,17.070164
WELL-001,2026-09-04 08:00:00,148,22.627868,17.145312
WELL-001,2026-09-04 08:00:00,149,21.421286,17.231034
WELL-001,2026-09-04 08:00:00,150,20.235074,17.325165
WELL-001,2026-09-04 08:00:00,151,19.070678,17.42574
WELL-001,2026-09-04 08:00:00,152,17.929516,17.531276
WELL-001,2026-09-04 08:00:00,153,16.81298,17.640991
WELL-001,2026-09-04 08:00:00,154,15.722429,17.754904
WELL-001,2026-09-04 08:00:00,155,14.659192,17.873823
WELL-001,2026-09-04 08:00:00,156,13.624565,17.999204
WELL-001,2026-09-04 08:00:00,157,12.619807,18.132919
WELL-001,2026-09-04 08:00:00,158,11.646144,18.276952
WELL-001,2026-09-04 08:00:00,159,10.70476,18.43308
WELL-001,2026-09-04 08:00:00,160,9.796804,18.602572
WELL-001,2026-09-04 08:00:00,161,8.923382,18.785966
WELL-001,2026-09-04 08:00:00,162,8.085557,18.982942
WELL-001,2026-09-04 08:00:00,163,7.284351,19.192321
WELL-001,2026-09-04 08:00:00,164,6.520739,19.41218
WELL-001,2026-09-04 08:00:00,165,5.795652,19.640077
WELL-001,2026-09-04 08:00:00,166,5.109973,19.873347
WELL-001,2026-09-04 08:00:00,167,4.464537,20.109428
WELL-001,2026-09-04 08:00:00,168,3.860132,20.346168
WELL-001,2026-09-04 08:00:00,169,3.297493,20.582075
WELL-001,2026-09-04 08:00:00,170,2.777306,20.816463
WELL-001,2026-09-04 08:00:00,171,2.300205,21.049487
WELL-001,2026-09-04 08:00:00,172,1.866771,21.282046
WELL-001,2026-09-04 08:00:00,173,1.477531,21.515587
WELL-001,2026-09-04 08:00:00,174,1.132961,21.751818
WELL-001,2026-09-04 08:00:00,175,0.83348,21.992397
WELL-001,2026-09-04 08:00:00,176,0.579453,22.238613
WELL-001,2026-09-04 08:00:00,177,0.371189,22.491135
WELL-001,2026-09-04 08:00:00,178,0.208942,22.749845
WELL-001,2026-09-04 08:00:00,179,0.09291,23.013789
WELL-001,2026-09-04 08:00:00,180,0.023235,23.281253
WELL-001,2026-09-04 08:00:00,181,0.0,23.549946
WELL-002,2026-09-02 09:00:00,1,0.0,23.621536
WELL-002,2026-09-02 09:00:00,2,0.024239,23.882131
WELL-002,2026-09-02 09:00:00,3,0.096926,24.137636
WELL-002,2026-09-02 09:00:00,4,0.217972,24.386096
WELL-002,2026-09-02 09:00:00,5,0.38723,24.626273
WELL-002,2026-09-02 09:00:00,6,0.604494,24.857775
WELL-002,2026-09-02 09:00:00,7,0.869499,25.081065
WELL-002,2026-09-02 09:00:00,8,1.181923,25.297348
WELL-002,2026-09-02 09:00:00,9,1.541383,25.508349
WELL-002,2026-09-02 09:00:00,10,1.947444,25.716027
WELL-002,2026-09-02 09:00:00,11,2.399609,25.922243
WELL-002,2026-09-02 09:00:00,12,2.897329,26.12846
WELL-002,2026-09-02 09:00:00,13,3.439996,26.33549
WELL-002,2026-09-02 09:00:00,14,4.026949,26.543344
WELL-002,2026-09-02 09:00:00,15,4.657474,26.751205
WELL-002,2026-09-02 09:00:00,16,5.330802,26.957509
WELL-002,2026-09-02 09:00:00,17,6.046113,27.160156
WELL-002,2026-09-02 09:00:00,18,6.802535,27.356781
WELL-002,2026-09-02 09:00:00,19,7.599147,27.54508
WELL-002,2026-09-02 09:00:00,20,8.434978,27.723119
WELL-002,2026-09-02 09:00:00,21,9.309009,27.889594
WELL-002,2026-09-02 09:00:00,22,10.220177,28.044001
WELL-002,2026-09-02 09:00:00,23,11.167371,28.186687
WELL-002,2026-09-02 09:00:00,24,12.149436,28.318777
WELL-002,2026-09-02 09:00:00,25,13.165177,28.441996
WELL-002,2026-09-02 09:00:00,26,14.213355,28.558392
WELL-002,2026-09-02 09:00:00,27,15.292695,28.670023
WELL-002,2026-09-02 09:00:00,28,16.40188,28.778634
WELL-002,2026-09-02 09:00:00,29,17.539559,28.88539
WELL-002,2026-09-02 09:00:00,30,18.704347,28.990679
WELL-002,2026-09-02 09:00:00,31,19.894824,29.094045
WELL-002,2026-09-02 09:00:00,32,21.10954,29.194229
WELL-002,2026-09-02 09:00:00,33,22.347015,29.289338
WELL-002,2026-09-02 09:00:00,34,23.60574,29.377099
WELL-002,2026-09-02 09:00:00,35,24.884184,29.455175
WELL-002,2026-09-02 09:00:00,36,26.180787,29.521484
WELL-002,2026-09-02 09:00:00,37,27.493971,29.574487
WELL-002,2026-09-02 09:00:00,38,28.822135,29.613396
WELL-002,2026-09-02 09:00:00,39,30.163661,29.638269
WELL-002,2026-09-02 09:00:00,40,31.516915,29.649991
WELL-002,2026-09-02 09:00:00,41,32.880248,29.650125
WELL-002,2026-09-02 09:00:00,42,34.252,29.640678
WELL-002,2026-09-02 09:00:00,43,35.630498,29.623793
WELL-002,2026-09-02 09:00:00,44,37.014063,29.601429
WELL-002,2026-09-02 09:00:00,45,38.40101,29.575066
WELL-002,2026-09-02 09:00:00,46,39.789648,29.545484
WELL-002,2026-09-02 09:00:00,47,41.178287,29.512649
WELL-002,2026-09-02 09:00:00,48,42.565234,29.475711
WELL-002,2026-09-02 09:00:00,49,43.948799,29.433134
WELL-002,2026-09-02 09:00:00,50,45.327297,29.382921
WELL-002,2026-09-02 09:00:00,51,46.699048,29.322912
WELL-002,2026-09-02 09:00:00,52,48.062381,29.251113
WELL-002,2026-09-02 09:00:00,53,49.415636,29.165994
WELL-002,2026-09-02 09:00:00,54,50.757162,29.06673
WELL-002,2026-09-02 09:00:00,55,52.085326,28.953345
WELL-002,2026-09-02 09:00:00,56,53.39851,28.826727
WELL-002,2026-09-02 09:00:00,57,54.695113,28.688529
WELL-002,2026-09-02 09:00:00,58,55.973556,28.540958
WELL-002,2026-09-02 09:00:00,59,57.232282,28.386487
WELL-002,2026-09-02 09:00:00,60,58.469757,28.22753
WELL-002,2026-09-02 09:00:00,61,59.684473,28.066137
WELL-002,2026-09-02 09:00:00,62,60.87495,27.903732
WELL-002,2026-09-02 09:00:00,63,62.039737,27.740956
WELL-002,2026-09-02 09:00:00,64,63.177417,27.577626
WELL-002,2026-09-02 09:00:00,65,64.286602,27.412806
WELL-002,2026-09-02 09:00:00,66,65.365941,27.245005
WELL-002,2026-09-02 09:00:00,67,66.41412,27.072449
WELL-002,2026-09-02 09:00:00,68,67.429861,26.893396
WELL-002,2026-09-02 09:00:00,69,68.411926,26.70645
WELL-002,2026-09-02 09:00:00,70,69.35912,26.51083
WELL-002,2026-09-02 09:00:00,71,70.270287,26.306541
WELL-002,2026-09-02 09:00:00,72,71.144319,26.094438
WELL-002,2026-09-02 09:00:00,73,71.98015,25.876167
WELL-002,2026-09-02 09:00:00,74,72.776762,25.653985
WELL-002,2026-09-02 09:00:00,75,73.533184,25.430496
WELL-002,2026-09-02 09:00:00,76,74.248495,25.208333
WELL-002,2026-09-02 09:00:00,77,74.921823,24.989838
WELL-002,2026-09-02 09:00:00,78,75.552347,24.776773
WELL-002,2026-09-02 09:00:00,79,76.139301,24.57013
WELL-002,2026-09-02 09:00:00,80,76.681968,24.370036
WELL-002,2026-09-02 09:00:00,81,77.179687,24.175789
WELL-002,2026-09-02 09:00:00,82,77.631853,23.986008
WELL-002,2026-09-02 09:00:00,83,78.037913,23.798887
WELL-002,2026-09-02 09:00:00,84,78.397374,23.612495
WELL-002,2026-09-02 09:00:00,85,78.709797,23.425103
WELL-002,2026-09-02 09:00:00,86,78.974803,23.23547
WELL-002,2026-09-02 09:00:00,87,79.192067,23.043059
WELL-002,2026-09-02 09:00:00,88,79.361325,22.84814
WELL-002,2026-09-02 09:00:00,89,79.482371,22.651783
WELL-002,2026-09-02 09:00:00,90,79.555058,22.455718
WELL-002,2026-09-02 09:00:00,91,79.579297,22.262104
WELL-002,2026-09-02 09:00:00,92,79.555058,22.073228
WELL-002,2026-09-02 09:00:00,93,79.482371,21.891178
WELL-002,2026-09-02 09:00:00,94,79.361325,21.717554
WELL-002,2026-09-02 09:00:00,95,79.192067,21.553227
WELL-002,2026-09-02 09:00:00,96,78.974803,21.398221
WELL-002,2026-09-02 09:00:00,97,78.709797,21.2517
WELL-002,2026-09-02 09:00:00,98,78.397374,21.112086
WELL-002,2026-09-02 09:00:00,99,78.037913,20.977278
WELL-002,2026-09-02 09:00:00,100,77.631853,20.844947
WELL-002,2026-09-02 09:00:00,101,77.179687,20.712865
WELL-002,2026-09-02 09:00:00,102,76.681968,20.579208
WELL-002,2026-09-02 09:00:00,103,76.139301,20.442811
WELL-002,2026-09-02 09:00:00,104,75.552347,20.303317
WELL-002,2026-09-02 09:00:00,105,74.921823,20.161213
WELL-002,2026-09-02 09:00:00,106,74.248495,20.017739
WELL-002,2026-09-02 09:00:00,107,73.533184,19.874692
WELL-002,2026-09-02 09:00:00,108,72.776762,19.734144
WELL-002,2026-09-02 09:00:00,109,71.98015,19.598129
WELL-002,2026-09-02 09:00:00,110,71.144319,19.468323
WELL-002,2026-09-02 09:00:00,111,70.270287,19.345797
WELL-002,2026-09-02 09:00:00,112,69.35912,19.23084
WELL-002,2026-09-02 09:00:00,113,68.411926,19.122913
WELL-002,2026-09-02 09:00:00,114,67.429861,19.020722
WELL-002,2026-09-02 09:00:00,115,66.41412,18.922397
WELL-002,2026-09-02 09:00:00,116,65.365941,18.825767
WELL-002,2026-09-02 09:00:00,117,64.286602,18.728679
WELL-002,2026-09-02 09:00:00,118,63.177417,18.629315
WELL-002,2026-09-02 09:00:00,119,62.039737,18.526469
WELL-002,2026-09-02 09:00:00,120,60.87495,18.41973
WELL-002,2026-09-02 09:00:00,121,59.684473,18.309563
WELL-002,2026-09-02 09:00:00,122,58.469757,18.19726
WELL-002,2026-09-02 09:00:00,123,57.232282,18.084774
WELL-002,2026-09-02 09:00:00,124,55.973556,17.97446
WELL-002,2026-09-02 09:00:00,125,54.695113,17.868767
WELL-002,2026-09-02 09:00:00,126,53.39851,17.76991
WELL-002,2026-09-02 09:00:00,127,52.085326,17.679588
WELL-002,2026-09-02 09:00:00,128,50.757162,17.59877
WELL-002,2026-09-02 09:00:00,129,49.415636,17.527603
WELL-002,2026-09-02 09:00:00,130,48.062381,17.465428
WELL-002,2026-09-02 09:00:00,131,46.699048,17.410926
WELL-002,2026-09-02 09:00:00,132,45.327297,17.362355
WELL-002,2026-09-02 09:00:00,133,43.948799,17.317856
WELL-002,2026-09-02 09:00:00,134,42.565234,17.275768
WELL-002,2026-09-02 09:00:00,135,41.178287,17.234926
WELL-002,2026-09-02 09:00:00,136,39.789648,17.194876
WELL-002,2026-09-02 09:00:00,137,38.40101,17.155992
WELL-002,2026-09-02 09:00:00,138,37.014063,17.119474
WELL-002,2026-09-02 09:00:00,139,35.630498,17.087216
WELL-002,2026-09-02 09:00:00,140,34.252,17.061579
WELL-002,2026-09-02 09:00:00,141,32.880248,17.045091
WELL-002,2026-09-02 09:00:00,142,31.516915,17.040121
WELL-002,2026-09-02 09:00:00,143,30.163661,17.048573
WELL-002,2026-09-02 09:00:00,144,28.822135,17.071644
WELL-002,2026-09-02 09:00:00,145,27.493971,17.109681
WELL-002,2026-09-02 09:00:00,146,26.180787,17.162165
WELL-002,2026-09-02 09:00:00,147,24.884184,17.227802
WELL-002,2026-09-02 09:00:00,148,23.60574,17.304741
WELL-002,2026-09-02 09:00:00,149,22.347015,17.390851
WELL-002,2026-09-02 09:00:00,150,21.10954,17.484052
WELL-002,2026-09-02 09:00:00,151,19.894824,17.582615
WELL-002,2026-09-02 09:00:00,152,18.704347,17.685421
WELL-002,2026-09-02 09:00:00,153,17.539559,17.792118
WELL-002,2026-09-02 09:00:00,154,16.40188,17.903166
WELL-002,2026-09-02 09:00:00,155,15.292695,18.019752
WELL-002,2026-09-02 09:00:00,156,14.213355,18.143604
WELL-002,2026-09-02 09:00:00,157,13.165177,18.27671
WELL-002,2026-09-02 09:00:00,158,12.149436,18.421004
WELL-002,2026-09-02 09:00:00,159,11.167371,18.578051
WELL-002,2026-09-02 09:00:00,160,10.220177,18.748777
WELL-002,2026-09-02 09:00:00,161,9.309009,18.933301
WELL-002,2026-09-02 09:00:00,162,8.434978,19.130861
WELL-002,2026-09-02 09:00:00,163,7.599147,19.339883
WELL-002,2026-09-02 09:00:00,164,6.802535,19.558157
WELL-002,2026-09-02 09:00:00,165,6.046113,19.783095
WELL-002,2026-09-02 09:00:00,166,5.330802,20.012058
WELL-002,2026-09-02 09:00:00,167,4.657474,20.242673
WELL-002,2026-09-02 09:00:00,168,4.026949,20.473116
WELL-002,2026-09-02 09:00:00,169,3.439996,20.702311
WELL-002,2026-09-02 09:00:00,170,2.897329,20.930022
WELL-002,2026-09-02 09:00:00,171,2.399609,21.156817
WELL-002,2026-09-02 09:00:00,172,1.947444,21.383917
WELL-002,2026-09-02 09:00:00,173,1.541383,21.612947
WELL-002,2026-09-02 09:00:00,174,1.181923,21.845633
WELL-002,2026-09-02 09:00:00,175,0.869499,22.083478
WELL-002,2026-09-02 09:00:00,176,0.604494,22.327479
WELL-002,2026-09-02 09:00:00,177,0.38723,22.577908
WELL-002,2026-09-02 09:00:00,178,0.217972,22.834211
WELL-002,2026-09-02 09:00:00,179,0.096926,23.09502
WELL-002,2026-09-02 09:00:00,180,0.024239,23.35829
WELL-002,2026-09-02 09:00:00,181,0.0,23.621536
WELL-002,2026-09-05 09:00:00,1,0.0,23.636062
WELL-002,2026-09-05 09:00:00,2,0.02453,23.903459
WELL-002,2026-09-05 09:00:00,3,0.098089,24.165887
WELL-002,2026-09-05 09:00:00,4,0.220588,24.421381
WELL-002,2026-09-05 09:00:00,5,0.391877,24.668696
WELL-002,2026-09-05 09:00:00,6,0.611748,24.90743
WELL-002,2026-09-05 09:00:00,7,0.879933,25.138038
WELL-002,2026-09-05 09:00:00,8,1.196106,25.361714
WELL-002,2026-09-05 09:00:00,9,1.55988,25.580178
WELL-002,2026-09-05 09:00:00,10,1.970813,25.795377
WELL-002,2026-09-05 09:00:00,11,2.428405,26.009164
WELL-002,2026-09-05 09:00:00,12,2.932097,26.222991
WELL-002,2026-09-05 09:00:00,13,3.481276,26.437663
WELL-002,2026-09-05 09:00:00,14,4.075273,26.653181
WELL-002,2026-09-05 09:00:00,15,4.713364,26.868717
WELL-002,2026-09-05 09:00:00,16,5.394772,27.082701
WELL-002,2026-09-05 09:00:00,17,6.118666,27.29302
WELL-002,2026-09-05 09:00:00,18,6.884165,27.497302
WELL-002,2026-09-05 09:00:00,19,7.690336,27.693233
WELL-002,2026-09-05 09:00:00,20,8.536197,27.878869
WELL-002,2026-09-05 09:00:00,21,9.420717,28.052898
WELL-002,2026-09-05 09:00:00,22,10.342819,28.214807
WELL-002,2026-09-05 09:00:00,23,11.301379,28.364932
WELL-002,2026-09-05 09:00:00,24,12.295229,28.504391
WELL-002,2026-09-05 09:00:00,25,13.323159,28.634898
WELL-002,2026-09-05 09:00:00,26,14.383916,28.758494
WELL-002,2026-09-05 09:00:00,27,15.476207,28.877226
WELL-002,2026-09-05 09:00:00,28,16.598702,28.992834
WELL-002,2026-09-05 09:00:00,29,17.750034,29.106471
WELL-002,2026-09-05 09:00:00,30,18.928799,29.218518
WELL-002,2026-09-05 09:00:00,31,20.133562,29.32851
WELL-002,2026-09-05 09:00:00,32,21.362854,29.435181
WELL-002,2026-09-05 09:00:00,33,22.615179,29.53663
WELL-002,2026-09-05 09:00:00,34,23.889009,29.630576
WELL-002,2026-09-05 09:00:00,35,25.182794,29.714673
WELL-002,2026-09-05 09:00:00,36,26.494957,29.786834
WELL-002,2026-09-05 09:00:00,37,27.823898,29.845513
WELL-002,2026-09-05 09:00:00,38,29.168001,29.889913
WELL-002,2026-09-05 09:00:00,39,30.525625,29.920086
WELL-002,2026-09-05 09:00:00,40,31.895118,29.936911
WELL-002,2026-09-05 09:00:00,41,33.274811,29.941944
WELL-002,2026-09-05 09:00:00,42,34.663024,29.937188
WELL-002,2026-09-05 09:00:00,43,36.058064,29.924779
WELL-002,2026-09-05 09:00:00,44,37.458232,29.906669
WELL-002,2026-09-05 09:00:00,45,38.861822,29.884335
WELL-002,2026-09-05 09:00:00,46,40.267124,29.858553
WELL-002,2026-09-05 09:00:00,47,41.672427,29.829281
WELL-002,2026-09-05 09:00:00,48,43.076017,29.795667
WELL-002,2026-09-05 09:00:00,49,44.476185,29.75617
WELL-002,2026-09-05 09:00:00,50,45.871225,29.708789
WELL-002,2026-09-05 09:00:00,51,47.259437,29.651363
WELL-002,2026-09-05 09:00:00,52,48.63913,29.581892
WELL-002,2026-09-05 09:00:00,53,50.008623,29.498843
WELL-002,2026-09-05 09:00:00,54,51.366248,29.401391
WELL-002,2026-09-05 09:00:00,55,52.71035,29.289556
WELL-002,2026-09-05 09:00:00,56,54.039292,29.164226
WELL-002,2026-09-05 09:00:00,57,55.351454,29.02705
WELL-002,2026-09-05 09:00:00,58,56.645239,28.880235
WELL-002,2026-09-05 09:00:00,59,57.91907,28.726252
WELL-002,2026-09-05 09:00:00,60,59.171394,28.567516
WELL-002,2026-09-05 09:00:00,61,60.400686,28.406076
WELL-002,2026-09-05 09:00:00,62,61.605449,28.243355
WELL-002,2026-09-05 09:00:00,63,62.784214,28.079997
WELL-002,2026-09-05 09:00:00,64,63.935546,27.915817
WELL-002,2026-09-05 09:00:00,65,65.058041,27.749882
WELL-002,2026-09-05 09:00:00,66,66.150333,27.580701
WELL-002,2026-09-05 09:00:00,67,67.211089,27.406502
WELL-002,2026-09-05 09:00:00,68,68.239019,27.225545
WELL-002,2026-09-05 09:00:00,69,69.232869,27.036438
WELL-002,2026-09-05 09:00:00,70,70.191429,26.8384
WELL-002,2026-09-05 09:00:00,71,71.113531,26.63144
WELL-002,2026-09-05 09:00:00,72,71.998051,26.416417
WELL-002,2026-09-05 09:00:00,73,72.843912,26.194979
WELL-002,2026-09-05 09:00:00,74,73.650083,25.969389
WELL-002,2026-09-05 09:00:00,75,74.415582,25.742253
WELL-002,2026-09-05 09:00:00,76,75.139477,25.51621
WELL-002,2026-09-05 09:00:00,77,75.820885,25.293605
WELL-002,2026-09-05 09:00:00,78,76.458976,25.076208
WELL-002,2026-09-05 09:00:00,79,77.052973,24.865013
WELL-002,2026-09-05 09:00:00,80,77.602152,24.660154
WELL-002,2026-09-05 09:00:00,81,78.105844,24.460935
WELL-002,2026-09-05 09:00:00,82,78.563435,24.265981
WELL-002,2026-09-05 09:00:00,83,78.974368,24.073491
WELL-002,2026-09-05 09:00:00,84,79.338143,23.881543
WELL-002,2026-09-05 09:00:00,85,79.654315,23.688413
WELL-002,2026-09-05 09:00:00,86,79.9225,23.492868
WELL-002,2026-09-05 09:00:00,87,80.142371,23.294376
WELL-002,2026-09-05 09:00:00,88,80.313661,23.093217
WELL-002,2026-09-05 09:00:00,89,80.43616,22.890467
WELL-002,2026-09-05 09:00:00,90,80.509719,22.687865
WELL-002,2026-09-05 09:00:00,91,80.534248,22.487578
WELL-002,2026-09-05 09:00:00,92,80.509719,22.291899
WELL-002,2026-09-05 09:00:00,93,80.43616,22.102927
WELL-002,2026-09-05 09:00:00,94,80.313661,21.922269
WELL-002,2026-09-05 09:00:00,95,80.142371,21.750805
WELL-002,2026-09-05 09:00:00,96,79.9225,21.588567
WELL-002,2026-09-05 09:00:00,97,79.654315,21.434728
WELL-002,2026-09-05 09:00:00,98,79.338143,21.287719
WELL-002,2026-09-05 09:00:00,99,78.974368,21.145449
WELL-002,2026-09-05 09:00:00,100,78.563435,21.005597
WELL-002,2026-09-05 09:00:00,101,78.105844,20.865945
WELL-002,2026-09-05 09:00:00,102,77.602152,20.724677
WELL-002,2026-09-05 09:00:00,103,77.052973,20.580638
WELL-002,2026-09-05 09:00:00,104,76.458976,20.433481
WELL-002,2026-09-05 09:00:00,105,75.820885,20.283701
WELL-002,2026-09-05 09:00:00,106,75.139477,20.132548
WELL-002,2026-09-05 09:00:00,107,74.415582,19.981828
WELL-002,2026-09-05 09:00:00,108,73.650083,19.833624
WELL-002,2026-09-05 09:00:00,109,72.843912,19.689976
WELL-002,2026-09-05 09:00:00,110,71.998051,19.552573
WELL-002,2026-09-05 09:00:00,111,71.113531,19.422492
WELL-002,2026-09-05 09:00:00,112,70.191429,19.300034
WELL-002,2026-09-05 09:00:00,113,69.232869,19.184668
WELL-002,2026-09-05 09:00:00,114,68.239019,19.075108
WELL-002,2026-09-05 09:00:00,115,67.211089,18.969495
WELL-002,2026-09-05 09:00:00,116,66.150333,18.865665
WELL-002,2026-09-05 09:00:00,117,65.058041,18.761475
WELL-002,2026-09-05 09:00:00,118,63.935546,18.655116
WELL-002,2026-09-05 09:00:00,119,62.784214,18.545388
WELL-002,2026-09-05 09:00:00,120,61.605449,18.431891
WELL-002,2026-09-05 09:00:00,121,60.400686,18.315098
WELL-002,2026-09-05 09:00:00,122,59.171394,18.196308
WELL-002,2026-09-05 09:00:00,123,57.91907,18.077482
WELL-002,2026-09-05 09:00:00,124,56.645239,17.960983
WELL-002,2026-09-05 09:00:00,125,55.351454,17.849268
WELL-002,2026-09-05 09:00:00,126,54.039292,17.74456
WELL-002,2026-09-05 09:00:00,127,52.71035,17.648562
WELL-002,2026-09-05 09:00:00,128,51.366248,17.562254
WELL-002,2026-09-05 09:00:00,129,50.008623,17.485786
WELL-002,2026-09-05 09:00:00,130,48.63913,17.418508
WELL-002,2026-09-05 09:00:00,131,47.259437,17.359106
WELL-002,2026-09-05 09:00:00,132,45.871225,17.305845
WELL-002,2026-09-05 09:00:00,133,44.476185,17.25687
WELL-002,2026-09-05 09:00:00,134,43.076017,17.210528
WELL-002,2026-09-05 09:00:00,135,41.672427,17.165656
WELL-002,2026-09-05 09:00:00,136,40.267124,17.121808
WELL-002,2026-09-05 09:00:00,137,38.861822,17.079361
WELL-002,2026-09-05 09:00:00,138,37.458232,17.039519
WELL-002,2026-09-05 09:00:00,139,36.058064,17.004181
WELL-002,2026-09-05 09:00:00,140,34.663024,16.975711
WELL-002,2026-09-05 09:00:00,141,33.274811,16.956641
WELL-002,2026-09-05 09:00:00,142,31.895118,16.949343
WELL-002,2026-09-05 09:00:00,143,30.525625,16.955723
WELL-002,2026-09-05 09:00:00,144,29.168001,16.976982
WELL-002,2026-09-05 09:00:00,145,27.823898,17.01347
WELL-002,2026-09-05 09:00:00,146,26.494957,17.064666
WELL-002,2026-09-05 09:00:00,147,25.182794,17.129281
WELL-002,2026-09-05 09:00:00,148,23.889009,17.205464
WELL-002,2026-09-05 09:00:00,149,22.615179,17.291086
WELL-002,2026-09-05 09:00:00,150,21.362854,17.384066
WELL-002,2026-09-05 09:00:00,151,20.133562,17.482676
WELL-002,2026-09-05 09:00:00,152,18.928799,17.585797
WELL-002,2026-09-05 09:00:00,153,17.750034,17.693077
WELL-002,2026-09-05 09:00:00,154,16.598702,17.804974
WELL-002,2026-09-05 09:00:00,155,15.476207,17.922676
WELL-002,2026-09-05 09:00:00,156,14.383916,18.047908
WELL-002,2026-09-05 09:00:00,157,13.323159,18.182657
WELL-002,2026-09-05 09:00:00,158,12.295229,18.328854
WELL-002,2026-09-05 09:00:00,159,11.301379,18.488063
WELL-002,2026-09-05 09:00:00,160,10.342819,18.661207
WELL-002,2026-09-05 09:00:00,161,9.420717,18.848401
WELL-002,2026-09-05 09:00:00,162,8.536197,19.048882
WELL-002,2026-09-05 09:00:00,163,7.690336,19.261071
WELL-002,2026-09-05 09:00:00,164,6.884165,19.482753
WELL-002,2026-09-05 09:00:00,165,6.118666,19.711338
WELL-002,2026-09-05 09:00:00,166,5.394772,19.944181
WELL-002,2026-09-05 09:00:00,167,4.713364,20.178905
WELL-002,2026-09-05 09:00:00,168,4.075273,20.413681
WELL-002,2026-09-05 09:00:00,169,3.481276,20.647428
WELL-002,2026-09-05 09:00:00,170,2.932097,20.879904
WELL-002,2026-09-05 09:00:00,171,2.428405,21.111671
WELL-002,2026-09-05 09:00:00,172,1.970813,21.343944
WELL-002,2026-09-05 09:00:00,173,1.55988,21.578342
WELL-002,2026-09-05 09:00:00,174,1.196106,21.816585
WELL-002,2026-09-05 09:00:00,175,0.879933,22.060168
WELL-002,2026-09-05 09:00:00,176,0.611748,22.310082
WELL-002,2026-09-05 09:00:00,177,0.391877,22.566591
WELL-002,2026-09-05 09:00:00,178,0.220588,22.829134
WELL-002,2026-09-05 09:00:00,179,0.098089,23.096336
WELL-002,2026-09-05 09:00:00,180,0.02453,23.366143
WELL-002,2026-09-05 09:00:00,181,0.0,23.636062
WELL-003,2026-09-03 10:00:00,1,0.0,23.707335
WELL-003,2026-09-03 10:00:00,2,0.026125,23.967433
WELL-003,2026-09-03 10:00:00,3,0.104467,24.221536
WELL-003,2026-09-03 10:00:00,4,0.234931,24.468029
WELL-003,2026-09-03 10:00:00,5,0.417359,24.706094
WELL-003,2026-09-03 10:00:00,6,0.651528,24.935782
WELL-003,2026-09-03 10:00:00,7,0.937152,25.157953
WELL-003,2026-09-03 10:00:00,8,1.273884,25.374105
WELL-003,2026-09-03 10:00:00,9,1.661313,25.586116
WELL-003,2026-09-03 10:00:00,10,2.098968,25.795923
WELL-003,2026-09-03 10:00:00,11,2.586314,26.005207
WELL-003,2026-09-03 10:00:00,12,3.12276,26.215109
WELL-003,2026-09-03 10:00:00,13,3.70765,26.426026
WELL-003,2026-09-03 10:00:00,14,4.340272,26.637527
WELL-003,2026-09-03 10:00:00,15,5.019856,26.848379
WELL-003,2026-09-03 10:00:00,16,5.745573,27.056704
WELL-003,2026-09-03 10:00:00,17,6.516539,27.260217
WELL-003,2026-09-03 10:00:00,18,7.331816,27.456541
WELL-003,2026-09-03 10:00:00,19,8.190409,27.643523
WELL-003,2026-09-03 10:00:00,20,9.091273,27.819527
WELL-003,2026-09-03 10:00:00,21,10.03331,27.983648
WELL-003,2026-09-03 10:00:00,22,11.015373,28.135822
WELL-003,2026-09-03 10:00:00,23,12.036264,28.276819
WELL-003,2026-09-03 10:00:00,24,13.09474,28.408101
WELL-003,2026-09-03 10:00:00,25,14.189512,28.5316
WELL-003,2026-09-03 10:00:00,26,15.319246,28.649408
WELL-003,2026-09-03 10:00:00,27,16.482565,28.763459
WELL-003,2026-09-03 10:00:00,28,17.678052,28.875223
WELL-003,2026-09-03 10:00:00,29,18.90425,28.985478
WELL-003,2026-09-03 10:00:00,30,20.159666,29.094173
WELL-003,2026-09-03 10:00:00,31,21.44277,29.20042
WELL-003,2026-09-03 10:00:00,32,22.751998,29.302602
WELL-003,2026-09-03 10:00:00,33,24.085756,29.398591
WELL-003,2026-09-03 10:00:00,34,25.442419,29.48604
WELL-003,2026-09-03 10:00:00,35,26.820334,29.562702
WELL-003,2026-09-03 10:00:00,36,28.217821,29.626746
WELL-003,2026-09-03 10:00:00,37,29.633179,29.677003
WELL-003,2026-09-03 10:00:00,38,31.064683,29.713115
WELL-003,2026-09-03 10:00:00,39,32.510588,29.735581
WELL-003,2026-09-03 10:00:00,40,33.969134,29.745657
WELL-003,2026-09-03 10:00:00,41,35.438544,29.745169
WELL-003,2026-09-03 10:00:00,42,36.917026,29.736229
WELL-003,2026-09-03 10:00:00,43,38.40278,29.720917
WELL-003,2026-09-03 10:00:00,44,39.893995,29.700968
WELL-003,2026-09-03 10:00:00,45,41.388856,29.677511
WELL-003,2026-09-03 10:00:00,46,42.885539,29.650901
WELL-003,2026-09-03 10:00:00,47,44.382223,29.62066
WELL-003,2026-09-03 10:00:00,48,45.877083,29.585548
WELL-003,2026-09-03 10:00:00,49,47.368299,29.543745
WELL-003,2026-09-03 10:00:00,50,48.854053,29.493119
WELL-003,2026-09-03 10:00:00,51,50.332535,29.431543
WELL-003,2026-09-03 10:00:00,52,51.801944,29.357218
WELL-003,2026-09-03 10:00:00,53,53.26049,29.268945
WELL-003,2026-09-03 10:00:00,54,54.706396,29.166318
WELL-003,2026-09-03 10:00:00,55,56.1379,29.049804
WELL-003,2026-09-03 10:00:00,56,57.553258,28.920697
WELL-003,2026-09-03 10:00:00,57,58.950745,28.780958
WELL-003,2026-09-03 10:00:00,58,60.32866,28.632958
WELL-003,2026-09-03 10:00:00,59,61.685323,28.47917
WELL-003,2026-09-03 10:00:00,60,63.019081,28.321842
WELL-003,2026-09-03 10:00:00,61,64.328309,28.162713
WELL-003,2026-09-03 10:00:00,62,65.611413,28.002802
WELL-003,2026-09-03 10:00:00,63,66.866829,27.84231
WELL-003,2026-09-03 10:00:00,64,68.093027,27.680634
WELL-003,2026-09-03 10:00:00,65,69.288514,27.516512
WELL-003,2026-09-03 10:00:00,66,70.451833,27.348261
WELL-003,2026-09-03 10:00:00,67,71.581566,27.174077
WELL-003,2026-09-03 10:00:00,68,72.676338,26.992357
WELL-003,2026-09-03 10:00:00,69,73.734815,26.801994
WELL-003,2026-09-03 10:00:00,70,74.755706,26.6026
WELL-003,2026-09-03 10:00:00,71,75.737769,26.394621
WELL-003,2026-09-03 10:00:00,72,76.679806,26.179341
WELL-003,2026-09-03 10:00:00,73,77.58067,25.958755
WELL-003,2026-09-03 10:00:00,74,78.439263,25.735342
WELL-003,2026-09-03 10:00:00,75,79.25454,25.511767
WELL-003,2026-09-03 10:00:00,76,80.025506,25.290555
WELL-003,2026-09-03 10:00:00,77,80.751223,25.073787
WELL-003,2026-09-03 10:00:00,78,81.430807,24.86285
WELL-003,2026-09-03 10:00:00,79,82.063429,24.658298
WELL-003,2026-09-03 10:00:00,80,82.648319,24.459827
WELL-003,2026-09-03 10:00:00,81,83.184764,24.266366
WELL-003,2026-09-03 10:00:00,82,83.672111,24.076292
WELL-003,2026-09-03 10:00:00,83,84.109766,23.887706
WELL-003,2026-09-03 10:00:00,84,84.497195,23.698759
WELL-003,2026-09-03 10:00:00,85,84.833927,23.507958
WELL-003,2026-09-03 10:00:00,86,85.119551,23.314424
WELL-003,2026-09-03 10:00:00,87,85.35372,23.118051
WELL-003,2026-09-03 10:00:00,88,85.536147,22.919551
WELL-003,2026-09-03 10:00:00,89,85.666612,22.720378
WELL-003,2026-09-03 10:00:00,90,85.744954,22.522536
WELL-003,2026-09-03 10:00:00,91,85.771079,22.328305
WELL-003,2026-09-03 10:00:00,92,85.744954,22.139925
WELL-003,2026-09-03 10:00:00,93,85.666612,21.959278
WELL-003,2026-09-03 10:00:00,94,85.536147,21.787621
WELL-003,2026-09-03 10:00:00,95,85.35372,21.625406
WELL-003,2026-09-03 10:00:00,96,85.119551,21.472214
WELL-003,2026-09-03 10:00:00,97,84.833927,21.326813
WELL-003,2026-09-03 10:00:00,98,84.497195,21.187328
WELL-003,2026-09-03 10:00:00,99,84.109766,21.051511
WELL-003,2026-09-03 10:00:00,100,83.672111,20.917051
WELL-003,2026-09-03 10:00:00,101,83.184764,20.781901
WELL-003,2026-09-03 10:00:00,102,82.648319,20.64456
WELL-003,2026-09-03 10:00:00,103,82.063429,20.504275
WELL-003,2026-09-03 10:00:00,104,81.430807,20.361135
WELL-003,2026-09-03 10:00:00,105,80.751223,20.216038
WELL-003,2026-09-03 10:00:00,106,80.025506,20.070545
WELL-003,2026-09-03 10:00:00,107,79.25454,19.926631
WELL-003,2026-09-03 10:00:00,108,78.439263,19.786384
WELL-003,2026-09-03 10:00:00,109,77.58067,19.651685
WELL-003,2026-09-03 10:00:00,110,76.679806,19.523915
WELL-003,2026-09-03 10:00:00,111,75.737769,19.403743
WELL-003,2026-09-03 10:00:00,112,74.755706,19.291019
WELL-003,2026-09-03 10:00:00,113,73.734815,19.184782
WELL-003,2026-09-03 10:00:00,114,72.676338,19.083398
WELL-003,2026-09-03 10:00:00,115,71.581566,18.984792
WELL-003,2026-09-03 10:00:00,116,70.451833,18.88675
WELL-003,2026-09-03 10:00:00,117,69.288514,18.787243
WELL-003,2026-09-03 10:00:00,118,68.093027,18.684727
WELL-003,2026-09-03 10:00:00,119,66.866829,18.578381
WELL-003,2026-09-03 10:00:00,120,65.611413,18.468237
WELL-003,2026-09-03 10:00:00,121,64.328309,18.355189
WELL-003,2026-09-03 10:00:00,122,63.019081,18.240887
WELL-003,2026-09-03 10:00:00,123,61.685323,18.12752
WELL-003,2026-09-03 10:00:00,124,60.32866,18.017519
WELL-003,2026-09-03 10:00:00,125,58.950745,17.91324
WELL-003,2026-09-03 10:00:00,126,57.553258,17.816648
WELL-003,2026-09-03 10:00:00,127,56.1379,17.729073
WELL-003,2026-09-03 10:00:00,128,54.706396,17.651051
WELL-003,2026-09-03 10:00:00,129,53.26049,17.582292
WELL-003,2026-09-03 10:00:00,130,51.801944,17.521762
WELL-003,2026-09-03 10:00:00,131,50.332535,17.467881
WELL-003,2026-09-03 10:00:00,132,48.854053,17.418803
WELL-003,2026-09-03 10:00:00,133,47.368299,17.372731
WELL-003,2026-09-03 10:00:00,134,45.877083,17.328229
WELL-003,2026-09-03 10:00:00,135,44.382223,17.284481
WELL-003,2026-09-03 10:00:00,136,42.885539,17.241459
WELL-003,2026-09-03 10:00:00,137,41.388856,17.199982
WELL-003,2026-09-03 10:00:00,138,39.893995,17.161638
WELL-003,2026-09-03 10:00:00,139,38.40278,17.128605
WELL-003,2026-09-03 10:00:00,140,36.917026,17.10338
WELL-003,2026-09-03 10:00:00,141,35.438544,17.08846
WELL-003,2026-09-03 10:00:00,142,33.969134,17.086016
WELL-003,2026-09-03 10:00:00,143,32.510588,17.097622
WELL-003,2026-09-03 10:00:00,144,31.064683,17.124056
WELL-003,2026-09-03 10:00:00,145,29.633179,17.165222
WELL-003,2026-09-03 10:00:00,146,28.217821,17.220195
WELL-003,2026-09-03 10:00:00,147,26.820334,17.287374
WELL-003,2026-09-03 10:00:00,148,25.442419,17.364741
WELL-003,2026-09-03 10:00:00,149,24.085756,17.450168
WELL-003,2026-09-03 10:00:00,150,22.751998,17.541741
WELL-003,2026-09-03 10:00:00,151,21.44277,17.638039
WELL-003,2026-09-03 10:00:00,152,20.159666,17.73835
WELL-003,2026-09-03 10:00:00,153,18.90425,17.842764
WELL-003,2026-09-03 10:00:00,154,17.678052,17.952158
WELL-003,2026-09-03 10:00:00,155,16.482565,18.068046
WELL-003,2026-09-03 10:00:00,156,15.319246,18.192348
WELL-003,2026-09-03 10:00:00,157,14.189512,18.327082
WELL-003,2026-09-03 10:00:00,158,13.09474,18.474043
WELL-003,2026-09-03 10:00:00,159,12.036264,18.634506
WELL-003,2026-09-03 10:00:00,160,11.015373,18.809008
WELL-003,2026-09-03 10:00:00,161,10.03331,18.99722
WELL-003,2026-09-03 10:00:00,162,9.091273,19.197957
WELL-003,2026-09-03 10:00:00,163,8.190409,19.409295
WELL-003,2026-09-03 10:00:00,164,7.331816,19.6288
WELL-003,2026-09-03 10:00:00,165,6.516539,19.853824
WELL-003,2026-09-03 10:00:00,166,5.745573,20.081836
WELL-003,2026-09-03 10:00:00,167,5.019856,20.310724
WELL-003,2026-09-03 10:00:00,168,4.340272,20.539039
WELL-003,2026-09-03 10:00:00,169,3.70765,20.766143
WELL-003,2026-09-03 10:00:00,170,3.12276,20.992232
WELL-003,2026-09-03 10:00:00,171,2.586314,21.21824
WELL-003,2026-09-03 10:00:00,172,2.098968,21.445633
WELL-003,2026-09-03 10:00:00,173,1.661313,21.676127
WELL-003,2026-09-03 10:00:00,174,1.273884,21.911369
WELL-003,2026-09-03 10:00:00,175,0.937152,22.152623
WELL-003,2026-09-03 10:00:00,176,0.651528,22.400525
WELL-003,2026-09-03 10:00:00,177,0.417359,22.654916
WELL-003,2026-09-03 10:00:00,178,0.234931,22.9148
WELL-003,2026-09-03 10:00:00,179,0.104467,23.178425
WELL-003,2026-09-03 10:00:00,180,0.026125,23.443472
WELL-003,2026-09-03 10:00:00,181,0.0,23.707335
WELL-003,2026-09-06 10:00:00,1,0.0,23.721861
WELL-003,2026-09-06 10:00:00,2,0.026438,23.988762
WELL-003,2026-09-06 10:00:00,3,0.105721,24.249787
WELL-003,2026-09-06 10:00:00,4,0.237751,24.503314
WELL-003,2026-09-06 10:00:00,5,0.422367,24.748517
WELL-003,2026-09-06 10:00:00,6,0.659346,24.985437
WELL-003,2026-09-06 10:00:00,7,0.948398,25.214925
WELL-003,2026-09-06 10:00:00,8,1.28917,25.438472
WELL-003,2026-09-06 10:00:00,9,1.681249,25.657945
WELL-003,2026-09-06 10:00:00,10,2.124155,25.875273
WELL-003,2026-09-06 10:00:00,11,2.61735,26.092128
WELL-003,2026-09-06 10:00:00,12,3.160233,26.30964
WELL-003,2026-09-06 10:00:00,13,3.752141,26.528199
WELL-003,2026-09-06 10:00:00,14,4.392355,26.747363
WELL-003,2026-09-06 10:00:00,15,5.080094,26.965892
WELL-003,2026-09-06 10:00:00,16,5.81452,27.181895
WELL-003,2026-09-06 10:00:00,17,6.594738,27.393081
WELL-003,2026-09-06 10:00:00,18,7.419798,27.597062
WELL-003,2026-09-06 10:00:00,19,8.288694,27.791676
WELL-003,2026-09-06 10:00:00,20,9.200368,27.975277
WELL-003,2026-09-06 10:00:00,21,10.15371,28.146952
WELL-003,2026-09-06 10:00:00,22,11.147557,28.306628
WELL-003,2026-09-06 10:00:00,23,12.180699,28.455064
WELL-003,2026-09-06 10:00:00,24,13.251877,28.593715
WELL-003,2026-09-06 10:00:00,25,14.359787,28.724502
WELL-003,2026-09-06 10:00:00,26,15.503077,28.84951
WELL-003,2026-09-06 10:00:00,27,16.680356,28.970662
WELL-003,2026-09-06 10:00:00,28,17.890188,29.089422
WELL-003,2026-09-06 10:00:00,29,19.131101,29.206558
WELL-003,2026-09-06 10:00:00,30,20.401582,29.322011
WELL-003,2026-09-06 10:00:00,31,21.700083,29.434885
WELL-003,2026-09-06 10:00:00,32,23.025022,29.543554
WELL-003,2026-09-06 10:00:00,33,24.374785,29.645883
WELL-003,2026-09-06 10:00:00,34,25.747728,29.739516
WELL-003,2026-09-06 10:00:00,35,27.142178,29.822201
WELL-003,2026-09-06 10:00:00,36,28.556435,29.892097
WELL-003,2026-09-06 10:00:00,37,29.988777,29.948028
WELL-003,2026-09-06 10:00:00,38,31.437459,29.989632
WELL-003,2026-09-06 10:00:00,39,32.900716,30.017397
WELL-003,2026-09-06 10:00:00,40,34.376764,30.032577
WELL-003,2026-09-06 10:00:00,41,35.863806,30.036989
WELL-003,2026-09-06 10:00:00,42,37.36003,30.03274
WELL-003,2026-09-06 10:00:00,43,38.863613,30.021903
WELL-003,2026-09-06 10:00:00,44,40.372723,30.006208
WELL-003,2026-09-06 10:00:00,45,41.885522,29.986781
WELL-003,2026-09-06 10:00:00,46,43.400166,29.963969
WELL-003,2026-09-06 10:00:00,47,44.91481,29.937291
WELL-003,2026-09-06 10:00:00,48,46.427608,29.905504
WELL-003,2026-09-06 10:00:00,49,47.936719,29.866781
WELL-003,2026-09-06 10:00:00,50,49.440302,29.818988
WELL-003,2026-09-06 10:00:00,51,50.936526,29.759994
WELL-003,2026-09-06 10:00:00,52,52.423568,29.687996
WELL-003,2026-09-06 10:00:00,53,53.899616,29.601794
WELL-003,2026-09-06 10:00:00,54,55.362873,29.500979
WELL-003,2026-09-06 10:00:00,55,56.811555,29.386015
WELL-003,2026-09-06 10:00:00,56,58.243897,29.258196
WELL-003,2026-09-06 10:00:00,57,59.658154,29.119479
WELL-003,2026-09-06 10:00:00,58,61.052604,28.972235
WELL-003,2026-09-06 10:00:00,59,62.425546,28.818935
WELL-003,2026-09-06 10:00:00,60,63.77531,28.661828
WELL-003,2026-09-06 10:00:00,61,65.100249,28.502651
WELL-003,2026-09-06 10:00:00,62,66.39875,28.342426
WELL-003,2026-09-06 10:00:00,63,67.669231,28.181351
WELL-003,2026-09-06 10:00:00,64,68.910143,28.018825
WELL-003,2026-09-06 10:00:00,65,70.119976,27.853588
WELL-003,2026-09-06 10:00:00,66,71.297255,27.683957
WELL-003,2026-09-06 10:00:00,67,72.440545,27.50813
WELL-003,2026-09-06 10:00:00,68,73.548454,27.324507
WELL-003,2026-09-06 10:00:00,69,74.619633,27.131982
WELL-003,2026-09-06 10:00:00,70,75.652775,26.93017
WELL-003,2026-09-06 10:00:00,71,76.646622,26.71952
WELL-003,2026-09-06 10:00:00,72,77.599963,26.50132
WELL-003,2026-09-06 10:00:00,73,78.511638,26.277568
WELL-003,2026-09-06 10:00:00,74,79.380534,26.050746
WELL-003,2026-09-06 10:00:00,75,80.205594,25.823524
WELL-003,2026-09-06 10:00:00,76,80.985812,25.598432
WELL-003,2026-09-06 10:00:00,77,81.720238,25.377554
WELL-003,2026-09-06 10:00:00,78,82.407977,25.162284
WELL-003,2026-09-06 10:00:00,79,83.04819,24.953181
WELL-003,2026-09-06 10:00:00,80,83.640099,24.749945
WELL-003,2026-09-06 10:00:00,81,84.182982,24.551512
WELL-003,2026-09-06 10:00:00,82,84.676177,24.356264
WELL-003,2026-09-06 10:00:00,83,85.119083,24.16231
WELL-003,2026-09-06 10:00:00,84,85.511161,23.967807
WELL-003,2026-09-06 10:00:00,85,85.851934,23.771268
WELL-003,2026-09-06 10:00:00,86,86.140986,23.571821
WELL-003,2026-09-06 10:00:00,87,86.377964,23.369368
WELL-003,2026-09-06 10:00:00,88,86.562581,23.164628
WELL-003,2026-09-06 10:00:00,89,86.694611,22.959063
WELL-003,2026-09-06 10:00:00,90,86.773894,22.754683
WELL-003,2026-09-06 10:00:00,91,86.800332,22.553779
WELL-003,2026-09-06 10:00:00,92,86.773894,22.358597
WELL-003,2026-09-06 10:00:00,93,86.694611,22.171027
WELL-003,2026-09-06 10:00:00,94,86.562581,21.992336
WELL-003,2026-09-06 10:00:00,95,86.377964,21.822984
WELL-003,2026-09-06 10:00:00,96,86.140986,21.66256
WELL-003,2026-09-06 10:00:00,97,85.851934,21.50984
WELL-003,2026-09-06 10:00:00,98,85.511161,21.362961
WELL-003,2026-09-06 10:00:00,99,85.119083,21.219682
WELL-003,2026-09-06 10:00:00,100,84.676177,21.077701
WELL-003,2026-09-06 10:00:00,101,84.182982,20.934981
WELL-003,2026-09-06 10:00:00,102,83.640099,20.790029
WELL-003,2026-09-06 10:00:00,103,83.04819,20.642102
WELL-003,2026-09-06 10:00:00,104,82.407977,20.491299
WELL-003,2026-09-06 10:00:00,105,81.720238,20.338526
WELL-003,2026-09-06 10:00:00,106,80.985812,20.185353
WELL-003,2026-09-06 10:00:00,107,80.205594,20.033767
WELL-003,2026-09-06 10:00:00,108,79.380534,19.885864
WELL-003,2026-09-06 10:00:00,109,78.511638,19.743533
WELL-003,2026-09-06 10:00:00,110,77.599963,19.608165
WELL-003,2026-09-06 10:00:00,111,76.646622,19.480439
WELL-003,2026-09-06 10:00:00,112,75.652775,19.360213
WELL-003,2026-09-06 10:00:00,113,74.619633,19.246537
WELL-003,2026-09-06 10:00:00,114,73.548454,19.137785
WELL-003,2026-09-06 10:00:00,115,72.440545,19.03189
WELL-003,2026-09-06 10:00:00,116,71.297255,18.926649
WELL-003,2026-09-06 10:00:00,117,70.119976,18.820039
WELL-003,2026-09-06 10:00:00,118,68.910143,18.710527
WELL-003,2026-09-06 10:00:00,119,67.669231,18.597301
WELL-003,2026-09-06 10:00:00,120,66.39875,18.480398
WELL-003,2026-09-06 10:00:00,121,65.100249,18.360723
WELL-003,2026-09-06 10:00:00,122,63.77531,18.239935
WELL-003,2026-09-06 10:00:00,123,62.425546,18.120228
WELL-003,2026-09-06 10:00:00,124,61.052604,18.004043
WELL-003,2026-09-06 10:00:00,125,59.658154,17.893741
WELL-003,2026-09-06 10:00:00,126,58.243897,17.791297
WELL-003,2026-09-06 10:00:00,127,56.811555,17.698047
WELL-003,2026-09-06 10:00:00,128,55.362873,17.614535
WELL-003,2026-09-06 10:00:00,129,53.899616,17.540475
WELL-003,2026-09-06 10:00:00,130,52.423568,17.474842
WELL-003,2026-09-06 10:00:00,131,50.936526,17.416061
WELL-003,2026-09-06 10:00:00,132,49.440302,17.362293
WELL-003,2026-09-06 10:00:00,133,47.936719,17.311746
WELL-003,2026-09-06 10:00:00,134,46.427608,17.262989
WELL-003,2026-09-06 10:00:00,135,44.91481,17.215211
WELL-003,2026-09-06 10:00:00,136,43.400166,17.168391
WELL-003,2026-09-06 10:00:00,137,41.885522,17.12335
WELL-003,2026-09-06 10:00:00,138,40.372723,17.081682
WELL-003,2026-09-06 10:00:00,139,38.863613,17.045569
WELL-003,2026-09-06 10:00:00,140,37.36003,17.017512
WELL-003,2026-09-06 10:00:00,141,35.863806,17.00001
WELL-003,2026-09-06 10:00:00,142,34.376764,16.995238
WELL-003,2026-09-06 10:00:00,143,32.900716,17.004772
WELL-003,2026-09-06 10:00:00,144,31.437459,17.029394
WELL-003,2026-09-06 10:00:00,145,29.988777,17.069011
WELL-003,2026-09-06 10:00:00,146,28.556435,17.122696
WELL-003,2026-09-06 10:00:00,147,27.142178,17.188853
WELL-003,2026-09-06 10:00:00,148,25.747728,17.265464
WELL-003,2026-09-06 10:00:00,149,24.374785,17.350403
WELL-003,2026-09-06 10:00:00,150,23.025022,17.441755
WELL-003,2026-09-06 10:00:00,151,21.700083,17.5381
WELL-003,2026-09-06 10:00:00,152,20.401582,17.638726
WELL-003,2026-09-06 10:00:00,153,19.131101,17.743724
WELL-003,2026-09-06 10:00:00,154,17.890188,17.853966
WELL-003,2026-09-06 10:00:00,155,16.680356,17.97097
WELL-003,2026-09-06 10:00:00,156,15.503077,18.096652
WELL-003,2026-09-06 10:00:00,157,14.359787,18.233029
WELL-003,2026-09-06 10:00:00,158,13.251877,18.381893
WELL-003,2026-09-06 10:00:00,159,12.180699,18.544518
WELL-003,2026-09-06 10:00:00,160,11.147557,18.721438
WELL-003,2026-09-06 10:00:00,161,10.15371,18.912321
WELL-003,2026-09-06 10:00:00,162,9.200368,19.115978
WELL-003,2026-09-06 10:00:00,163,8.288694,19.330483
WELL-003,2026-09-06 10:00:00,164,7.419798,19.553396
WELL-003,2026-09-06 10:00:00,165,6.594738,19.782067
WELL-003,2026-09-06 10:00:00,166,5.81452,20.013959
WELL-003,2026-09-06 10:00:00,167,5.080094,20.246956
WELL-003,2026-09-06 10:00:00,168,4.392355,20.479604
WELL-003,2026-09-06 10:00:00,169,3.752141,20.71126
WELL-003,2026-09-06 10:00:00,170,3.160233,20.942114
WELL-003,2026-09-06 10:00:00,171,2.61735,21.173094
WELL-003,2026-09-06 10:00:00,172,2.124155,21.40566
WELL-003,2026-09-06 10:00:00,173,1.681249,21.641523
WELL-003,2026-09-06 10:00:00,174,1.28917,21.882321
WELL-003,2026-09-06 10:00:00,175,0.948398,22.129313
WELL-003,2026-09-06 10:00:00,176,0.659346,22.383128
WELL-003,2026-09-06 10:00:00,177,0.422367,22.643599
WELL-003,2026-09-06 10:00:00,178,0.237751,22.909723
WELL-003,2026-09-06 10:00:00,179,0.105721,23.17974
WELL-003,2026-09-06 10:00:00,180,0.026438,23.451325
WELL-003,2026-09-06 10:00:00,181,0.0,23.721861
WELL-004,2026-09-04 11:00:00,1,0.0,23.792513
WELL-004,2026-09-04 11:00:00,2,0.02704,24.051609
WELL-004,2026-09-04 11:00:00,3,0.108129,24.303969
WELL-004,2026-09-04 11:00:00,4,0.243167,24.548367
WELL-004,2026-09-04 11:00:00,5,0.431989,24.784425
WELL-004,2026-09-04 11:00:00,6,0.674366,25.012621
WELL-004,2026-09-04 11:00:00,7,0.970003,25.234164
WELL-004,2026-09-04 11:00:00,8,1.318538,25.450777
WELL-004,2026-09-04 11:00:00,9,1.719548,25.6644
WELL-004,2026-09-04 11:00:00,10,2.172544,25.876864
WELL-004,2026-09-04 11:00:00,11,2.676974,26.089591
WELL-004,2026-09-04 11:00:00,12,3.232224,26.303345
WELL-004,2026-09-04 11:00:00,13,3.837616,26.518087
WELL-004,2026-09-04 11:00:00,14,4.492414,26.732949
WELL-004,2026-09-04 11:00:00,15,5.19582,26.946329
WELL-004,2026-09-04 11:00:00,16,5.946976,27.156095
WELL-004,2026-09-04 11:00:00,17,6.744968,27.359868
WELL-004,2026-09-04 11:00:00,18,7.588823,27.555344
WELL-004,2026-09-04 11:00:00,19,8.477513,27.740601
WELL-004,2026-09-04 11:00:00,20,9.409955,27.914361
WELL-004,2026-09-04 11:00:00,21,10.385014,28.076147
WELL-004,2026-09-04 11:00:00,22,11.401502,28.226336
WELL-004,2026-09-04 11:00:00,23,12.458179,28.36608
WELL-004,2026-09-04 11:00:00,24,13.553759,28.497119
WELL-004,2026-09-04 11:00:00,25,14.686906,28.621506
WELL-004,2026-09-04 11:00:00,26,15.856241,28.741291
WELL-004,2026-09-04 11:00:00,27,17.060339,28.8582
WELL-004,2026-09-04 11:00:00,28,18.297732,28.973365
WELL-004,2026-09-04 11:00:00,29,19.566913,29.087141
WELL-004,2026-09-04 11:00:00,30,20.866335,29.199034
WELL-004,2026-09-04 11:00:00,31,22.194417,29.307756
WELL-004,2026-09-04 11:00:00,32,23.549538,29.41139
WELL-004,2026-09-04 11:00:00,33,24.93005,29.507653
WELL-004,2026-09-04 11:00:00,34,26.334268,29.594209
WELL-004,2026-09-04 11:00:00,35,27.760484,29.668991
WELL-004,2026-09-04 11:00:00,36,29.206958,29.730485
WELL-004,2026-09-04 11:00:00,37,30.671929,29.777929
WELL-004,2026-09-04 11:00:00,38,32.153613,29.811413
WELL-004,2026-09-04 11:00:00,39,33.650203,29.831844
WELL-004,2026-09-04 11:00:00,40,35.159876,29.840802
WELL-004,2026-09-04 11:00:00,41,36.680793,29.840295
WELL-004,2026-09-04 11:00:00,42,38.211102,29.832453
WELL-004,2026-09-04 11:00:00,43,39.748937,29.819206
WELL-004,2026-09-04 11:00:00,44,41.292425,29.801995
WELL-004,2026-09-04 11:00:00,45,42.839685,29.781551
WELL-004,2026-09-04 11:00:00,46,44.388833,29.757786
WELL-004,2026-09-04 11:00:00,47,45.937981,29.729799
WELL-004,2026-09-04 11:00:00,48,47.485242,29.69601
WELL-004,2026-09-04 11:00:00,49,49.02873,29.654387
WELL-004,2026-09-04 11:00:00,50,50.566565,29.602748
WELL-004,2026-09-04 11:00:00,51,52.096873,29.539088
WELL-004,2026-09-04 11:00:00,52,53.617791,29.461878
WELL-004,2026-09-04 11:00:00,53,55.127464,29.370303
WELL-004,2026-09-04 11:00:00,54,56.624054,29.264397
WELL-004,2026-09-04 11:00:00,55,58.105737,29.145058
WELL-004,2026-09-04 11:00:00,56,59.570708,29.013941
WELL-004,2026-09-04 11:00:00,57,61.017183,28.873245
WELL-004,2026-09-04 11:00:00,58,62.443398,28.725422
WELL-004,2026-09-04 11:00:00,59,63.847617,28.572855
WELL-004,2026-09-04 11:00:00,60,65.228128,28.417547
WELL-004,2026-09-04 11:00:00,61,66.58325,28.260871
WELL-004,2026-09-04 11:00:00,62,67.911331,28.103414
WELL-004,2026-09-04 11:00:00,63,69.210754,27.944938
WELL-004,2026-09-04 11:00:00,64,70.479935,27.784465
WELL-004,2026-09-04 11:00:00,65,71.717328,27.62047
WELL-004,2026-09-04 11:00:00,66,72.921425,27.45116
WELL-004,2026-09-04 11:00:00,67,74.09076,27.274792
WELL-004,2026-09-04 11:00:00,68,75.223908,27.089982
WELL-004,2026-09-04 11:00:00,69,76.319488,26.895974
WELL-004,2026-09-04 11:00:00,70,77.376165,26.692804
WELL-004,2026-09-04 11:00:00,71,78.392652,26.481363
WELL-004,2026-09-04 11:00:00,72,79.367711,26.263328
WELL-004,2026-09-04 11:00:00,73,80.300154,26.040982
WELL-004,2026-09-04 11:00:00,74,81.188844,25.816946
WELL-004,2026-09-04 11:00:00,75,82.032699,25.593857
WELL-004,2026-09-04 11:00:00,76,82.830691,25.374049
WELL-004,2026-09-04 11:00:00,77,83.581847,25.159276
WELL-004,2026-09-04 11:00:00,78,84.285252,24.95051
WELL-004,2026-09-04 11:00:00,79,84.94005,24.747862
WELL-004,2026-09-04 11:00:00,80,85.545443,24.550622
WELL-004,2026-09-04 11:00:00,81,86.100692,24.357412
WELL-004,2026-09-04 11:00:00,82,86.605122,24.166439
WELL-004,2026-09-04 11:00:00,83,87.058119,23.975803
WELL-004,2026-09-04 11:00:00,84,87.459129,23.78382
WELL-004,2026-09-04 11:00:00,85,87.807664,23.589306
WELL-004,2026-09-04 11:00:00,86,88.103301,23.391785
WELL-004,2026-09-04 11:00:00,87,88.345678,23.191597
WELL-004,2026-09-04 11:00:00,88,88.5345,22.989873
WELL-004,2026-09-04 11:00:00,89,88.669538,22.7884
WELL-004,2026-09-04 11:00:00,90,88.750626,22.589379
WELL-004,2026-09-04 11:00:00,91,88.777667,22.395127
WELL-004,2026-09-04 11:00:00,92,88.750626,22.207749
WELL-004,2026-09-04 11:00:00,93,88.669538,22.028845
WELL-004,2026-09-04 11:00:00,94,88.5345,21.859283
WELL-004,2026-09-04 11:00:00,95,88.345678,21.699075
WELL-004,2026-09-04 11:00:00,96,88.103301,21.547375
WELL-004,2026-09-04 11:00:00,97,87.807664,21.402601
WELL-004,2026-09-04 11:00:00,98,87.459129,21.262656
WELL-004,2026-09-04 11:00:00,99,87.058119,21.125227
WELL-004,2026-09-04 11:00:00,100,86.605122,20.98811
WELL-004,2026-09-04 11:00:00,101,86.100692,20.849517
WELL-004,2026-09-04 11:00:00,102,85.545443,20.708323
WELL-004,2026-09-04 11:00:00,103,84.94005,20.564214
WELL-004,2026-09-04 11:00:00,104,84.285252,20.417712
WELL-004,2026-09-04 11:00:00,105,83.581847,20.270089
WELL-004,2026-09-04 11:00:00,106,82.830691,20.123154
WELL-004,2026-09-04 11:00:00,107,82.032699,19.97898
WELL-004,2026-09-04 11:00:00,108,81.188844,19.839582
WELL-004,2026-09-04 11:00:00,109,80.300154,19.706608
WELL-004,2026-09-04 11:00:00,110,79.367711,19.581081
WELL-004,2026-09-04 11:00:00,111,78.392652,19.463244
WELL-004,2026-09-04 11:00:00,112,77.376165,19.352505
WELL-004,2026-09-04 11:00:00,113,76.319488,19.24752
WELL-004,2026-09-04 11:00:00,114,75.223908,19.146381
WELL-004,2026-09-04 11:00:00,115,74.09076,19.046886
WELL-004,2026-09-04 11:00:00,116,72.921425,18.946868
WELL-004,2026-09-04 11:00:00,117,71.717328,18.844502
WELL-004,2026-09-04 11:00:00,118,70.479935,18.738585
WELL-004,2026-09-04 11:00:00,119,69.210754,18.628718
WELL-004,2026-09-04 11:00:00,120,67.911331,18.515375
WELL-004,2026-09-04 11:00:00,121,66.58325,18.399852
WELL-004,2026-09-04 11:00:00,122,65.228128,18.284099
WELL-004,2026-09-04 11:00:00,123,63.847617,18.170458
WELL-004,2026-09-04 11:00:00,124,62.443398,18.06135
WELL-004,2026-09-04 11:00:00,125,61.017183,17.95895
WELL-004,2026-09-04 11:00:00,126,59.570708,17.864909
WELL-004,2026-09-04 11:00:00,127,58.105737,17.780146
WELL-004,2026-09-04 11:00:00,128,56.624054,17.704754
WELL-004,2026-09-04 11:00:00,129,55.127464,17.638029
WELL-004,2026-09-04 11:00:00,130,53.617791,17.578617
WELL-004,2026-09-04 11:00:00,131,52.096873,17.524755
WELL-004,2026-09-04 11:00:00,132,50.566565,17.47458
WELL-004,2026-09-04 11:00:00,133,49.02873,17.426442
WELL-004,2026-09-04 11:00:00,134,47.485242,17.379202
WELL-004,2026-09-04 11:00:00,135,45.937981,17.332441
WELL-004,2026-09-04 11:00:00,136,44.388833,17.286574
WELL-004,2026-09-04 11:00:00,137,42.839685,17.242842
WELL-004,2026-09-04 11:00:00,138,41.292425,17.203176
WELL-004,2026-09-04 11:00:00,139,39.748937,17.169963
WELL-004,2026-09-04 11:00:00,140,38.211102,17.145751
WELL-004,2026-09-04 11:00:00,141,36.680793,17.132915
WELL-004,2026-09-04 11:00:00,142,35.159876,17.133356
WELL-004,2026-09-04 11:00:00,143,33.650203,17.148263
WELL-004,2026-09-04 11:00:00,144,32.153613,17.177976
WELL-004,2026-09-04 11:00:00,145,30.671929,17.221968
WELL-004,2026-09-04 11:00:00,146,29.206958,17.278951
WELL-004,2026-09-04 11:00:00,147,27.760484,17.347087
WELL-004,2026-09-04 11:00:00,148,26.334268,17.424277
WELL-004,2026-09-04 11:00:00,149,24.93005,17.508483
WELL-004,2026-09-04 11:00:00,150,23.549538,17.598036
WELL-004,2026-09-04 11:00:00,151,22.194417,17.691881
WELL-004,2026-09-04 11:00:00,152,20.866335,17.789738
WELL-004,2026-09-04 11:00:00,153,19.566913,17.892136
WELL-004,2026-09-04 11:00:00,154,18.297732,18.000326
WELL-004,2026-09-04 11:00:00,155,17.060339,18.116088
WELL-004,2026-09-04 11:00:00,156,15.856241,18.241449
WELL-004,2026-09-04 11:00:00,157,14.686906,18.378367
WELL-004,2026-09-04 11:00:00,158,13.553759,18.528417
WELL-004,2026-09-04 11:00:00,159,12.458179,18.692527
WELL-004,2026-09-04 11:00:00,160,11.401502,18.870804
WELL-004,2026-09-04 11:00:00,161,10.385014,19.062479
WELL-004,2026-09-04 11:00:00,162,9.409955,19.265971
WELL-004,2026-09-04 11:00:00,163,8.477513,19.479068
WELL-004,2026-09-04 11:00:00,164,7.588823,19.699195
WELL-004,2026-09-04 11:00:00,165,6.744968,19.923734
WELL-004,2026-09-04 11:00:00,166,5.946976,20.150342
WELL-004,2026-09-04 11:00:00,167,5.19582,20.377235
WELL-004,2026-09-04 11:00:00,168,4.492414,20.603379
WELL-004,2026-09-04 11:00:00,169,3.837616,20.828579
WELL-004,2026-09-04 11:00:00,170,3.232224,21.053436
WELL-004,2026-09-04 11:00:00,171,2.676974,21.279194
WELL-004,2026-09-04 11:00:00,172,2.172544,21.507486
WELL-004,2026-09-04 11:00:00,173,1.719548,21.74003
WELL-004,2026-09-04 11:00:00,174,1.318538,21.978307
WELL-004,2026-09-04 11:00:00,175,0.970003,22.223275
WELL-004,2026-09-04 11:00:00,176,0.674366,22.475164
WELL-004,2026-09-04 11:00:00,177,0.431989,22.73337
WELL-004,2026-09-04 11:00:00,178,0.243167,22.996478
WELL-004,2026-09-04 11:00:00,179,0.108129,23.262403
WELL-004,2026-09-04 11:00:00,180,0.02704,23.528629
WELL-004,2026-09-04 11:00:00,181,0.0,23.792513
WELL-004,2026-09-07 11:00:00,1,0.0,23.807039
WELL-004,2026-09-07 11:00:00,2,0.027365,24.072938
WELL-004,2026-09-07 11:00:00,3,0.109427,24.33222
WELL-004,2026-09-07 11:00:00,4,0.246085,24.583652
WELL-004,2026-09-07 11:00:00,5,0.437173,24.826848
WELL-004,2026-09-07 11:00:00,6,0.682459,25.062276
WELL-004,2026-09-07 11:00:00,7,0.981643,25.291137
WELL-004,2026-09-07 11:00:00,8,1.334361,25.515144
WELL-004,2026-09-07 11:00:00,9,1.740183,25.736229
WELL-004,2026-09-07 11:00:00,10,2.198615,25.956214
WELL-004,2026-09-07 11:00:00,11,2.709098,26.176512
WELL-004,2026-09-07 11:00:00,12,3.27101,26.397877
WELL-004,2026-09-07 11:00:00,13,3.883668,26.62026
WELL-004,2026-09-07 11:00:00,14,4.546323,26.842786
WELL-004,2026-09-07 11:00:00,15,5.25817,27.063841
WELL-004,2026-09-07 11:00:00,16,6.01834,27.281286
WELL-004,2026-09-07 11:00:00,17,6.825907,27.492732
WELL-004,2026-09-07 11:00:00,18,7.679889,27.695864
WELL-004,2026-09-07 11:00:00,19,8.579243,27.888754
WELL-004,2026-09-07 11:00:00,20,9.522875,28.070111
WELL-004,2026-09-07 11:00:00,21,10.509634,28.239451
WELL-004,2026-09-07 11:00:00,22,11.53832,28.397142
WELL-004,2026-09-07 11:00:00,23,12.607677,28.544325
WELL-004,2026-09-07 11:00:00,24,13.716404,28.682732
WELL-004,2026-09-07 11:00:00,25,14.863149,28.814408
WELL-004,2026-09-07 11:00:00,26,16.046516,28.941393
WELL-004,2026-09-07 11:00:00,27,17.265063,29.065403
WELL-004,2026-09-07 11:00:00,28,18.517305,29.187564
WELL-004,2026-09-07 11:00:00,29,19.801716,29.308221
WELL-004,2026-09-07 11:00:00,30,21.116731,29.426873
WELL-004,2026-09-07 11:00:00,31,22.46075,29.542221
WELL-004,2026-09-07 11:00:00,32,23.832133,29.652342
WELL-004,2026-09-07 11:00:00,33,25.22921,29.754945
WELL-004,2026-09-07 11:00:00,34,26.650279,29.847686
WELL-004,2026-09-07 11:00:00,35,28.093609,29.92849
WELL-004,2026-09-07 11:00:00,36,29.557442,29.995835
WELL-004,2026-09-07 11:00:00,37,31.039993,30.048955
WELL-004,2026-09-07 11:00:00,38,32.539456,30.087929
WELL-004,2026-09-07 11:00:00,39,34.054005,30.11366
WELL-004,2026-09-07 11:00:00,40,35.581794,30.127722
WELL-004,2026-09-07 11:00:00,41,37.120963,30.132115
WELL-004,2026-09-07 11:00:00,42,38.669635,30.128963
WELL-004,2026-09-07 11:00:00,43,40.225924,30.120192
WELL-004,2026-09-07 11:00:00,44,41.787934,30.107235
WELL-004,2026-09-07 11:00:00,45,43.353762,30.090821
WELL-004,2026-09-07 11:00:00,46,44.921499,30.070854
WELL-004,2026-09-07 11:00:00,47,46.489237,30.046431
WELL-004,2026-09-07 11:00:00,48,48.055065,30.015966
WELL-004,2026-09-07 11:00:00,49,49.617075,29.977422
WELL-004,2026-09-07 11:00:00,50,51.173364,29.928617
WELL-004,2026-09-07 11:00:00,51,52.722036,29.867539
WELL-004,2026-09-07 11:00:00,52,54.261204,29.792657
WELL-004,2026-09-07 11:00:00,53,55.788994,29.703153
WELL-004,2026-09-07 11:00:00,54,57.303543,29.599058
WELL-004,2026-09-07 11:00:00,55,58.803006,29.481269
WELL-004,2026-09-07 11:00:00,56,60.285557,29.35144
WELL-004,2026-09-07 11:00:00,57,61.749389,29.211766
WELL-004,2026-09-07 11:00:00,58,63.192719,29.064699
WELL-004,2026-09-07 11:00:00,59,64.613788,28.91262
WELL-004,2026-09-07 11:00:00,60,66.010866,28.757533
WELL-004,2026-09-07 11:00:00,61,67.382249,28.60081
WELL-004,2026-09-07 11:00:00,62,68.726267,28.443038
WELL-004,2026-09-07 11:00:00,63,70.041283,28.283979
WELL-004,2026-09-07 11:00:00,64,71.325694,28.122656
WELL-004,2026-09-07 11:00:00,65,72.577936,27.957546
WELL-004,2026-09-07 11:00:00,66,73.796482,27.786856
WELL-004,2026-09-07 11:00:00,67,74.979849,27.608845
WELL-004,2026-09-07 11:00:00,68,76.126595,27.422132
WELL-004,2026-09-07 11:00:00,69,77.235322,27.225961
WELL-004,2026-09-07 11:00:00,70,78.304679,27.020374
WELL-004,2026-09-07 11:00:00,71,79.333364,26.806262
WELL-004,2026-09-07 11:00:00,72,80.320124,26.585307
WELL-004,2026-09-07 11:00:00,73,81.263756,26.359795
WELL-004,2026-09-07 11:00:00,74,82.16311,26.13235
WELL-004,2026-09-07 11:00:00,75,83.017091,25.905614
WELL-004,2026-09-07 11:00:00,76,83.824659,25.681926
WELL-004,2026-09-07 11:00:00,77,84.584829,25.463043
WELL-004,2026-09-07 11:00:00,78,85.296675,25.249944
WELL-004,2026-09-07 11:00:00,79,85.959331,25.042745
WELL-004,2026-09-07 11:00:00,80,86.571988,24.84074
WELL-004,2026-09-07 11:00:00,81,87.133901,24.642558
WELL-004,2026-09-07 11:00:00,82,87.644384,24.446411
WELL-004,2026-09-07 11:00:00,83,88.102816,24.250408
WELL-004,2026-09-07 11:00:00,84,88.508638,24.052868
WELL-004,2026-09-07 11:00:00,85,88.861356,23.852616
WELL-004,2026-09-07 11:00:00,86,89.16054,23.649183
WELL-004,2026-09-07 11:00:00,87,89.405826,23.442914
WELL-004,2026-09-07 11:00:00,88,89.596914,23.23495
WELL-004,2026-09-07 11:00:00,89,89.733572,23.027085
WELL-004,2026-09-07 11:00:00,90,89.815634,22.821527
WELL-004,2026-09-07 11:00:00,91,89.842999,22.620601
WELL-004,2026-09-07 11:00:00,92,89.815634,22.42642
WELL-004,2026-09-07 11:00:00,93,89.733572,22.240594
WELL-004,2026-09-07 11:00:00,94,89.596914,22.063998
WELL-004,2026-09-07 11:00:00,95,89.405826,21.896652
WELL-004,2026-09-07 11:00:00,96,89.16054,21.737721
WELL-004,2026-09-07 11:00:00,97,88.861356,21.585629
WELL-004,2026-09-07 11:00:00,98,88.508638,21.438289
WELL-004,2026-09-07 11:00:00,99,88.102816,21.293398
WELL-004,2026-09-07 11:00:00,100,87.644384,21.14876
WELL-004,2026-09-07 11:00:00,101,87.133901,21.002596
WELL-004,2026-09-07 11:00:00,102,86.571988,20.853792
WELL-004,2026-09-07 11:00:00,103,85.959331,20.702041
WELL-004,2026-09-07 11:00:00,104,85.296675,20.547876
WELL-004,2026-09-07 11:00:00,105,84.584829,20.392576
WELL-004,2026-09-07 11:00:00,106,83.824659,20.237962
WELL-004,2026-09-07 11:00:00,107,83.017091,20.086116
WELL-004,2026-09-07 11:00:00,108,82.16311,19.939061
WELL-004,2026-09-07 11:00:00,109,81.263756,19.798455
WELL-004,2026-09-07 11:00:00,110,80.320124,19.665331
WELL-004,2026-09-07 11:00:00,111,79.333364,19.53994
WELL-004,2026-09-07 11:00:00,112,78.304679,19.4217
WELL-004,2026-09-07 11:00:00,113,77.235322,19.309275
WELL-004,2026-09-07 11:00:00,114,76.126595,19.200767
WELL-004,2026-09-07 11:00:00,115,74.979849,19.093984
WELL-004,2026-09-07 11:00:00,116,73.796482,18.986766
WELL-004,2026-09-07 11:00:00,117,72.577936,18.877298
WELL-004,2026-09-07 11:00:00,118,71.325694,18.764386
WELL-004,2026-09-07 11:00:00,119,70.041283,18.647637
WELL-004,2026-09-07 11:00:00,120,68.726267,18.527536
WELL-004,2026-09-07 11:00:00,121,67.382249,18.405387
WELL-004,2026-09-07 11:00:00,122,66.010866,18.283147
WELL-004,2026-09-07 11:00:00,123,64.613788,18.163166
WELL-004,2026-09-07 11:00:00,124,63.192719,18.047873
WELL-004,2026-09-07 11:00:00,125,61.749389,17.939452
WELL-004,2026-09-07 11:00:00,126,60.285557,17.839559
WELL-004,2026-09-07 11:00:00,127,58.803006,17.749121
WELL-004,2026-09-07 11:00:00,128,57.303543,17.668238
WELL-004,2026-09-07 11:00:00,129,55.788994,17.596212
WELL-004,2026-09-07 11:00:00,130,54.261204,17.531697
WELL-004,2026-09-07 11:00:00,131,52.722036,17.472936
WELL-004,2026-09-07 11:00:00,132,51.173364,17.41807
WELL-004,2026-09-07 11:00:00,133,49.617075,17.365457
WELL-004,2026-09-07 11:00:00,134,48.055065,17.313962
WELL-004,2026-09-07 11:00:00,135,46.489237,17.263171
WELL-004,2026-09-07 11:00:00,136,44.921499,17.213506
WELL-004,2026-09-07 11:00:00,137,43.353762,17.166211
WELL-004,2026-09-07 11:00:00,138,41.787934,17.12322
WELL-004,2026-09-07 11:00:00,139,40.225924,17.086928
WELL-004,2026-09-07 11:00:00,140,38.669635,17.059883
WELL-004,2026-09-07 11:00:00,141,37.120963,17.044465
WELL-004,2026-09-07 11:00:00,142,35.581794,17.042578
WELL-004,2026-09-07 11:00:00,143,34.054005,17.055414
WELL-004,2026-09-07 11:00:00,144,32.539456,17.083315
WELL-004,2026-09-07 11:00:00,145,31.039993,17.125757
WELL-004,2026-09-07 11:00:00,146,29.557442,17.181452
WELL-004,2026-09-07 11:00:00,147,28.093609,17.248566
WELL-004,2026-09-07 11:00:00,148,26.650279,17.325
WELL-004,2026-09-07 11:00:00,149,25.22921,17.408718
WELL-004,2026-09-07 11:00:00,150,23.832133,17.49805
WELL-004,2026-09-07 11:00:00,151,22.46075,17.591942
WELL-004,2026-09-07 11:00:00,152,21.116731,17.690115
WELL-004,2026-09-07 11:00:00,153,19.801716,17.793095
WELL-004,2026-09-07 11:00:00,154,18.517305,17.902135
WELL-004,2026-09-07 11:00:00,155,17.265063,18.019012
WELL-004,2026-09-07 11:00:00,156,16.046516,18.145753
WELL-004,2026-09-07 11:00:00,157,14.863149,18.284314
WELL-004,2026-09-07 11:00:00,158,13.716404,18.436268
WELL-004,2026-09-07 11:00:00,159,12.607677,18.602539
WELL-004,2026-09-07 11:00:00,160,11.53832,18.783234
WELL-004,2026-09-07 11:00:00,161,10.509634,18.977579
WELL-004,2026-09-07 11:00:00,162,9.522875,19.183992
WELL-004,2026-09-07 11:00:00,163,8.579243,19.400255
WELL-004,2026-09-07 11:00:00,164,7.679889,19.623791
WELL-004,2026-09-07 11:00:00,165,6.825907,19.851977
WELL-004,2026-09-07 11:00:00,166,6.01834,20.082465
WELL-004,2026-09-07 11:00:00,167,5.25817,20.313467
WELL-004,2026-09-07 11:00:00,168,4.546323,20.543944
WELL-004,2026-09-07 11:00:00,169,3.883668,20.773696
WELL-004,2026-09-07 11:00:00,170,3.27101,21.003318
WELL-004,2026-09-07 11:00:00,171,2.709098,21.234048
WELL-004,2026-09-07 11:00:00,172,2.198615,21.467513
WELL-004,2026-09-07 11:00:00,173,1.740183,21.705425
WELL-004,2026-09-07 11:00:00,174,1.334361,21.949259
WELL-004,2026-09-07 11:00:00,175,0.981643,22.199965
WELL-004,2026-09-07 11:00:00,176,0.682459,22.457767
WELL-004,2026-09-07 11:00:00,177,0.437173,22.722053
WELL-004,2026-09-07 11:00:00,178,0.246085,22.991401
WELL-004,2026-09-07 11:00:00,179,0.109427,23.263718
WELL-004,2026-09-07 11:00:00,180,0.027365,23.536482
WELL-004,2026-09-07 11:00:00,181,0.0,23.807039
WELL-005,2026-09-05 08:00:00,1,0.0,23.87679
WELL-005,2026-09-05 08:00:00,2,0.028146,24.134458
WELL-005,2026-09-05 08:00:00,3,0.112548,24.38484
WELL-005,2026-09-05 08:00:00,4,0.253105,24.627136
WELL-005,2026-09-05 08:00:00,5,0.449645,24.86141
WELL-005,2026-09-05 08:00:00,6,0.701928,25.088532
WELL-005,2026-09-05 08:00:00,7,1.009648,25.31
WELL-005,2026-09-05 08:00:00,8,1.372428,25.527682
WELL-005,2026-09-05 08:00:00,9,1.789828,25.74349
WELL-005,2026-09-05 08:00:00,10,2.261338,25.959068
WELL-005,2026-09-05 08:00:00,11,2.786385,26.175511
WELL-005,2026-09-05 08:00:00,12,3.364328,26.393167
WELL-005,2026-09-05 08:00:00,13,3.994464,26.611552
WELL-005,2026-09-05 08:00:00,14,4.676024,26.829389
WELL-005,2026-09-05 08:00:00,15,5.408179,27.044762
WELL-005,2026-09-05 08:00:00,16,6.190035,27.255364
WELL-005,2026-09-05 08:00:00,17,7.020642,27.45881
WELL-005,2026-09-05 08:00:00,18,7.898986,27.652954
WELL-005,2026-09-05 08:00:00,19,8.823998,27.836177
WELL-005,2026-09-05 08:00:00,20,9.794551,28.007601
WELL-005,2026-09-05 08:00:00,21,10.809461,28.167193
WELL-005,2026-09-05 08:00:00,22,11.867493,28.315749
WELL-005,2026-09-05 08:00:00,23,12.967358,28.454754
WELL-005,2026-09-05 08:00:00,24,14.107716,28.586147
WELL-005,2026-09-05 08:00:00,25,15.287176,28.712019
WELL-005,2026-09-05 08:00:00,26,16.504303,28.834289
WELL-005,2026-09-05 08:00:00,27,17.757613,28.954402
WELL-005,2026-09-05 08:00:00,28,19.04558,29.0731
WELL-005,2026-09-05 08:00:00,29,20.366634,29.190299
WELL-005,2026-09-05 08:00:00,30,21.719165,29.305074
WELL-005,2026-09-05 08:00:00,31,23.101527,29.415782
WELL-005,2026-09-05 08:00:00,32,24.512034,29.520279
WELL-005,2026-09-05 08:00:00,33,25.948968,29.616212
WELL-005,2026-09-05 08:00:00,34,27.410579,29.701346
WELL-005,2026-09-05 08:00:00,35,28.895085,29.773868
WELL-005,2026-09-05 08:00:00,36,30.400679,29.832636
WELL-005,2026-09-05 08:00:00,37,31.925525,29.877325
WELL-005,2026-09-05 08:00:00,38,33.467766,29.90846
WELL-005,2026-09-05 08:00:00,39,35.025523,29.927318
WELL-005,2026-09-05 08:00:00,40,36.596899,29.935735
WELL-005,2026-09-05 08:00:00,41,38.179977,29.935817
WELL-005,2026-09-05 08:00:00,42,39.772831,29.929622
WELL-005,2026-09-05 08:00:00,43,41.373519,29.918853
WELL-005,2026-09-05 08:00:00,44,42.980091,29.904594
WELL-005,2026-09-05 08:00:00,45,44.59059,29.887148
WELL-005,2026-09-05 08:00:00,46,46.203054,29.865987
WELL-005,2026-09-05 08:00:00,47,47.815517,29.839822
WELL-005,2026-09-05 08:00:00,48,49.426016,29.806794
WELL-005,2026-09-05 08:00:00,49,51.032588,29.764741
WELL-005,2026-09-05 08:00:00,50,52.633276,29.711524
WELL-005,2026-09-05 08:00:00,51,54.22613,29.645337
WELL-005,2026-09-05 08:00:00,52,55.809209,29.564989
WELL-005,2026-09-05 08:00:00,53,57.380584,29.470084
WELL-005,2026-09-05 08:00:00,54,58.938341,29.3611
WELL-005,2026-09-05 08:00:00,55,60.480582,29.239338
WELL-005,2026-09-05 08:00:00,56,62.005429,29.106755
WELL-005,2026-09-05 08:00:00,57,63.511022,28.965709
WELL-005,2026-09-05 08:00:00,58,64.995528,28.818644
WELL-005,2026-09-05 08:00:00,59,66.457139,28.667768
WELL-005,2026-09-05 08:00:00,60,67.894073,28.514772
WELL-005,2026-09-05 08:00:00,61,69.30458,28.360619
WELL-005,2026-09-05 08:00:00,62,70.686942,28.205454
WELL-005,2026-09-05 08:00:00,63,72.039473,28.048626
WELL-005,2026-09-05 08:00:00,64,73.360527,27.888832
WELL-005,2026-09-05 08:00:00,65,74.648494,27.724362
WELL-005,2026-09-05 08:00:00,66,75.901804,27.553401
WELL-005,2026-09-05 08:00:00,67,77.118931,27.374352
WELL-005,2026-09-05 08:00:00,68,78.298391,27.186125
WELL-005,2026-09-05 08:00:00,69,79.438749,26.988358
WELL-005,2026-09-05 08:00:00,70,80.538614,26.781533
WELL-005,2026-09-05 08:00:00,71,81.596646,26.566965
WELL-005,2026-09-05 08:00:00,72,82.611557,26.346676
WELL-005,2026-09-05 08:00:00,73,83.582109,26.123164
WELL-005,2026-09-05 08:00:00,74,84.507121,25.899105
WELL-005,2026-09-05 08:00:00,75,85.385465,25.677022
WELL-005,2026-09-05 08:00:00,76,86.216072,25.458981
WELL-005,2026-09-05 08:00:00,77,86.997928,25.246356
WELL-005,2026-09-05 08:00:00,78,87.730083,25.039683
WELL-005,2026-09-05 08:00:00,79,88.411643,24.838641
WELL-005,2026-09-05 08:00:00,80,89.041779,24.642157
WELL-005,2026-09-05 08:00:00,81,89.619722,24.448614
WELL-005,2026-09-05 08:00:00,82,90.144769,24.256136
WELL-005,2026-09-05 08:00:00,83,90.616279,24.062911
WELL-005,2026-09-05 08:00:00,84,91.033679,23.867496
WELL-005,2026-09-05 08:00:00,85,91.39646,23.669073
WELL-005,2026-09-05 08:00:00,86,91.704179,23.467602
WELL-005,2026-09-05 08:00:00,87,91.956462,23.26386
WELL-005,2026-09-05 08:00:00,88,92.153002,23.059359
WELL-005,2026-09-05 08:00:00,89,92.293559,22.856155
WELL-005,2026-09-05 08:00:00,90,92.377961,22.656565
WELL-005,2026-09-05 08:00:00,91,92.406107,22.462849
WELL-005,2026-09-05 08:00:00,92,92.377961,22.276901
WELL-005,2026-09-05 08:00:00,93,92.293559,22.099974
WELL-005,2026-09-05 08:00:00,94,92.153002,21.932514
WELL-005,2026-09-05 08:00:00,95,91.956462,21.77409
WELL-005,2026-09-05 08:00:00,96,91.704179,21.623465
WELL-005,2026-09-05 08:00:00,97,91.39646,21.478765
WELL-005,2026-09-05 08:00:00,98,91.033679,21.337752
WELL-005,2026-09-05 08:00:00,99,90.616279,21.198137
WELL-005,2026-09-05 08:00:00,100,90.144769,21.057906
WELL-005,2026-09-05 08:00:00,101,89.619722,20.915597
WELL-005,2026-09-05 08:00:00,102,89.041779,20.770501
WELL-005,2026-09-05 08:00:00,103,88.411643,20.622749
WELL-005,2026-09-05 08:00:00,104,87.730083,20.473273
WELL-005,2026-09-05 08:00:00,105,86.997928,20.323656
WELL-005,2026-09-05 08:00:00,106,86.216072,20.175884
WELL-005,2026-09-05 08:00:00,107,85.385465,20.032038
WELL-005,2026-09-05 08:00:00,108,84.507121,19.893972
WELL-005,2026-09-05 08:00:00,109,83.582109,19.763032
WELL-005,2026-09-05 08:00:00,110,82.611557,19.639841
WELL-005,2026-09-05 08:00:00,111,81.596646,19.524197
WELL-005,2026-09-05 08:00:00,112,80.538614,19.415092
WELL-005,2026-09-05 08:00:00,113,79.438749,19.310847
WELL-005,2026-09-05 08:00:00,114,78.298391,19.209353
WELL-005,2026-09-05 08:00:00,115,77.118931,19.108373
WELL-005,2026-09-05 08:00:00,116,75.901804,19.005869
WELL-005,2026-09-05 08:00:00,117,74.648494,18.9003
WELL-005,2026-09-05 08:00:00,118,73.360527,18.790849
WELL-005,2026-09-05 08:00:00,119,72.039473,18.67756
WELL-005,2026-09-05 08:00:00,120,70.686942,18.561335
WELL-005,2026-09-05 08:00:00,121,69.30458,18.443826
WELL-005,2026-09-05 08:00:00,122,67.894073,18.327211
WELL-005,2026-09-05 08:00:00,123,66.457139,18.2139
WELL-005,2026-09-05 08:00:00,124,64.995528,18.106213
WELL-005,2026-09-05 08:00:00,125,63.511022,18.006074
WELL-005,2026-09-05 08:00:00,126,62.005429,17.914758
WELL-005,2026-09-05 08:00:00,127,60.480582,17.83275
WELL-005,2026-09-05 08:00:00,128,58.938341,17.759707
WELL-005,2026-09-05 08:00:00,129,57.380584,17.694554
WELL-005,2026-09-05 08:00:00,130,55.809209,17.635683
WELL-005,2026-09-05 08:00:00,131,54.22613,17.581234
WELL-005,2026-09-05 08:00:00,132,52.633276,17.529411
WELL-005,2026-09-05 08:00:00,133,51.032588,17.478796
WELL-005,2026-09-05 08:00:00,134,49.426016,17.428603
WELL-005,2026-09-05 08:00:00,135,47.815517,17.378843
WELL-005,2026-09-05 08:00:00,136,46.203054,17.330373
WELL-005,2026-09-05 08:00:00,137,44.59059,17.28482
WELL-005,2026-09-05 08:00:00,138,42.980091,17.244392
WELL-005,2026-09-05 08:00:00,139,41.373519,17.211609
WELL-005,2026-09-05 08:00:00,140,39.772831,17.188976
WELL-005,2026-09-05 08:00:00,141,38.179977,17.178666
WELL-005,2026-09-05 08:00:00,142,36.596899,17.182245
WELL-005,2026-09-05 08:00:00,143,35.025523,17.200482
WELL-005,2026-09-05 08:00:00,144,33.467766,17.233273
WELL-005,2026-09-05 08:00:00,145,31.925525,17.279688
WELL-005,2026-09-05 08:00:00,146,30.400679,17.338136
WELL-005,2026-09-05 08:00:00,147,28.895085,17.406622
WELL-005,2026-09-05 08:00:00,148,27.410579,17.483055
WELL-005,2026-09-05 08:00:00,149,25.948968,17.56557
WELL-005,2026-09-05 08:00:00,150,24.512034,17.652811
WELL-005,2026-09-05 08:00:00,151,23.101527,17.744133
WELL-005,2026-09-05 08:00:00,152,21.719165,17.839698
WELL-005,2026-09-05 08:00:00,153,20.366634,17.940448
WELL-005,2026-09-05 08:00:00,154,19.04558,18.047959
WELL-005,2026-09-05 08:00:00,155,17.757613,18.164196
WELL-005,2026-09-05 08:00:00,156,16.504303,18.291208
WELL-005,2026-09-05 08:00:00,157,15.287176,18.430807
WELL-005,2026-09-05 08:00:00,158,14.107716,18.584275
WELL-005,2026-09-05 08:00:00,159,12.967358,18.752142
WELL-005,2026-09-05 08:00:00,160,11.867493,18.934074
WELL-005,2026-09-05 08:00:00,161,10.809461,19.128877
WELL-005,2026-09-05 08:00:00,162,9.794551,19.334623
WELL-005,2026-09-05 08:00:00,163,8.823998,19.548886
WELL-005,2026-09-05 08:00:00,164,7.898986,19.769036
WELL-005,2026-09-05 08:00:00,165,7.020642,19.992569
WELL-005,2026-09-05 08:00:00,166,6.190035,20.21741
WELL-005,2026-09-05 08:00:00,167,5.408179,20.442154
WELL-005,2026-09-05 08:00:00,168,4.676024,20.666206
WELL-005,2026-09-05 08:00:00,169,3.994464,20.889801
WELL-005,2026-09-05 08:00:00,170,3.364328,21.113901
WELL-005,2026-09-05 08:00:00,171,2.786385,21.339992
WELL-005,2026-09-05 08:00:00,172,2.261338,21.569789
WELL-005,2026-09-05 08:00:00,173,1.789828,21.804923
WELL-005,2026-09-05 08:00:00,174,1.372428,22.046631
WELL-005,2026-09-05 08:00:00,175,1.009648,22.295508
WELL-005,2026-09-05 08:00:00,176,0.701928,22.551348
WELL-005,2026-09-05 08:00:00,177,0.449645,22.813108
WELL-005,2026-09-05 08:00:00,178,0.253105,23.078992
WELL-005,2026-09-05 08:00:00,179,0.112548,23.346648
WELL-005,2026-09-05 08:00:00,180,0.028146,23.613444
WELL-005,2026-09-05 08:00:00,181,0.0,23.87679
WELL-005,2026-09-08 08:00:00,1,0.0,23.891317
WELL-005,2026-09-08 08:00:00,2,0.028483,24.155786
WELL-005,2026-09-08 08:00:00,3,0.113899,24.413091
WELL-005,2026-09-08 08:00:00,4,0.256142,24.662422
WELL-005,2026-09-08 08:00:00,5,0.455041,24.903833
WELL-005,2026-09-08 08:00:00,6,0.710351,25.138186
WELL-005,2026-09-08 08:00:00,7,1.021763,25.366973
WELL-005,2026-09-08 08:00:00,8,1.388897,25.592048
WELL-005,2026-09-08 08:00:00,9,1.811306,25.815319
WELL-005,2026-09-08 08:00:00,10,2.288474,26.038418
WELL-005,2026-09-08 08:00:00,11,2.819822,26.262432
WELL-005,2026-09-08 08:00:00,12,3.4047,26.487698
WELL-005,2026-09-08 08:00:00,13,4.042397,26.713725
WELL-005,2026-09-08 08:00:00,14,4.732136,26.939226
WELL-005,2026-09-08 08:00:00,15,5.473077,27.162274
WELL-005,2026-09-08 08:00:00,16,6.264316,27.380555
WELL-005,2026-09-08 08:00:00,17,7.10489,27.591674
WELL-005,2026-09-08 08:00:00,18,7.993774,27.793474
WELL-005,2026-09-08 08:00:00,19,8.929886,27.984329
WELL-005,2026-09-08 08:00:00,20,9.912085,28.163351
WELL-005,2026-09-08 08:00:00,21,10.939175,28.330498
WELL-005,2026-09-08 08:00:00,22,12.009903,28.486555
WELL-005,2026-09-08 08:00:00,23,13.122967,28.632999
WELL-005,2026-09-08 08:00:00,24,14.277008,28.77176
WELL-005,2026-09-08 08:00:00,25,15.470622,28.904921
WELL-005,2026-09-08 08:00:00,26,16.702355,29.034391
WELL-005,2026-09-08 08:00:00,27,17.970705,29.161606
WELL-005,2026-09-08 08:00:00,28,19.274127,29.2873
WELL-005,2026-09-08 08:00:00,29,20.611033,29.411379
WELL-005,2026-09-08 08:00:00,30,21.979795,29.532912
WELL-005,2026-09-08 08:00:00,31,23.378745,29.650247
WELL-005,2026-09-08 08:00:00,32,24.806178,29.761231
WELL-005,2026-09-08 08:00:00,33,26.260356,29.863504
WELL-005,2026-09-08 08:00:00,34,27.739506,29.954822
WELL-005,2026-09-08 08:00:00,35,29.241826,30.033366
WELL-005,2026-09-08 08:00:00,36,30.765487,30.097987
WELL-005,2026-09-08 08:00:00,37,32.308631,30.148351
WELL-005,2026-09-08 08:00:00,38,33.869379,30.184976
WELL-005,2026-09-08 08:00:00,39,35.44583,30.209135
WELL-005,2026-09-08 08:00:00,40,37.036061,30.222655
WELL-005,2026-09-08 08:00:00,41,38.638137,30.227637
WELL-005,2026-09-08 08:00:00,42,40.250105,30.226133
WELL-005,2026-09-08 08:00:00,43,41.870002,30.219839
WELL-005,2026-09-08 08:00:00,44,43.495853,30.209835
WELL-005,2026-09-08 08:00:00,45,45.125677,30.196418
WELL-005,2026-09-08 08:00:00,46,46.75749,30.179055
WELL-005,2026-09-08 08:00:00,47,48.389303,30.156454
WELL-005,2026-09-08 08:00:00,48,50.019128,30.126749
WELL-005,2026-09-08 08:00:00,49,51.644979,30.087777
WELL-005,2026-09-08 08:00:00,50,53.264875,30.037392
WELL-005,2026-09-08 08:00:00,51,54.876843,29.973787
WELL-005,2026-09-08 08:00:00,52,56.478919,29.895767
WELL-005,2026-09-08 08:00:00,53,58.069151,29.802934
WELL-005,2026-09-08 08:00:00,54,59.645601,29.695762
WELL-005,2026-09-08 08:00:00,55,61.206349,29.57555
WELL-005,2026-09-08 08:00:00,56,62.749494,29.444254
WELL-005,2026-09-08 08:00:00,57,64.273154,29.30423
WELL-005,2026-09-08 08:00:00,58,65.775475,29.15792
WELL-005,2026-09-08 08:00:00,59,67.254625,29.007533
WELL-005,2026-09-08 08:00:00,60,68.708802,28.854758
WELL-005,2026-09-08 08:00:00,61,70.136235,28.700558
WELL-005,2026-09-08 08:00:00,62,71.535185,28.545078
WELL-005,2026-09-08 08:00:00,63,72.903947,28.387667
WELL-005,2026-09-08 08:00:00,64,74.240853,28.227023
WELL-005,2026-09-08 08:00:00,65,75.544276,28.061438
WELL-005,2026-09-08 08:00:00,66,76.812626,27.889097
WELL-005,2026-09-08 08:00:00,67,78.044358,27.708405
WELL-005,2026-09-08 08:00:00,68,79.237972,27.518275
WELL-005,2026-09-08 08:00:00,69,80.392014,27.318346
WELL-005,2026-09-08 08:00:00,70,81.505077,27.109103
WELL-005,2026-09-08 08:00:00,71,82.575806,26.891864
WELL-005,2026-09-08 08:00:00,72,83.602895,26.668655
WELL-005,2026-09-08 08:00:00,73,84.585094,26.441977
WELL-005,2026-09-08 08:00:00,74,85.521206,26.214509
WELL-005,2026-09-08 08:00:00,75,86.410091,25.988779
WELL-005,2026-09-08 08:00:00,76,87.250665,25.766858
WELL-005,2026-09-08 08:00:00,77,88.041904,25.550124
WELL-005,2026-09-08 08:00:00,78,88.782844,25.339117
WELL-005,2026-09-08 08:00:00,79,89.472583,25.133524
WELL-005,2026-09-08 08:00:00,80,90.11028,24.932275
WELL-005,2026-09-08 08:00:00,81,90.695159,24.73376
WELL-005,2026-09-08 08:00:00,82,91.226506,24.536109
WELL-005,2026-09-08 08:00:00,83,91.703675,24.337515
WELL-005,2026-09-08 08:00:00,84,92.126083,24.136544
WELL-005,2026-09-08 08:00:00,85,92.493217,23.932383
WELL-005,2026-09-08 08:00:00,86,92.804629,23.724999
WELL-005,2026-09-08 08:00:00,87,93.05994,23.515177
WELL-005,2026-09-08 08:00:00,88,93.258838,23.304436
WELL-005,2026-09-08 08:00:00,89,93.401081,23.09484
WELL-005,2026-09-08 08:00:00,90,93.486497,22.888712
WELL-005,2026-09-08 08:00:00,91,93.51498,22.688323
WELL-005,2026-09-08 08:00:00,92,93.486497,22.495572
WELL-005,2026-09-08 08:00:00,93,93.401081,22.311723
WELL-005,2026-09-08 08:00:00,94,93.258838,22.137228
WELL-005,2026-09-08 08:00:00,95,93.05994,21.971668
WELL-005,2026-09-08 08:00:00,96,92.804629,21.81381
WELL-005,2026-09-08 08:00:00,97,92.493217,21.661793
WELL-005,2026-09-08 08:00:00,98,92.126083,21.513385
WELL-005,2026-09-08 08:00:00,99,91.703675,21.366308
WELL-005,2026-09-08 08:00:00,100,91.226506,21.218556
WELL-005,2026-09-08 08:00:00,101,90.695159,21.068677
WELL-005,2026-09-08 08:00:00,102,90.11028,20.91597
WELL-005,2026-09-08 08:00:00,103,89.472583,20.760576
WELL-005,2026-09-08 08:00:00,104,88.782844,20.603436
WELL-005,2026-09-08 08:00:00,105,88.041904,20.446144
WELL-005,2026-09-08 08:00:00,106,87.250665,20.290693
WELL-005,2026-09-08 08:00:00,107,86.410091,20.139174
WELL-005,2026-09-08 08:00:00,108,85.521206,19.993451
WELL-005,2026-09-08 08:00:00,109,84.585094,19.854879
WELL-005,2026-09-08 08:00:00,110,83.602895,19.724091
WELL-005,2026-09-08 08:00:00,111,82.575806,19.600893
WELL-005,2026-09-08 08:00:00,112,81.505077,19.484286
WELL-005,2026-09-08 08:00:00,113,80.392014,19.372602
WELL-005,2026-09-08 08:00:00,114,79.237972,19.263739
WELL-005,2026-09-08 08:00:00,115,78.044358,19.155471
WELL-005,2026-09-08 08:00:00,116,76.812626,19.045768
WELL-005,2026-09-08 08:00:00,117,75.544276,18.933096
WELL-005,2026-09-08 08:00:00,118,74.240853,18.81665
WELL-005,2026-09-08 08:00:00,119,72.903947,18.696479
WELL-005,2026-09-08 08:00:00,120,71.535185,18.573497
WELL-005,2026-09-08 08:00:00,121,70.136235,18.449361
WELL-005,2026-09-08 08:00:00,122,68.708802,18.326259
WELL-005,2026-09-08 08:00:00,123,67.254625,18.206608
WELL-005,2026-09-08 08:00:00,124,65.775475,18.092737
WELL-005,2026-09-08 08:00:00,125,64.273154,17.986575
WELL-005,2026-09-08 08:00:00,126,62.749494,17.889407
WELL-005,2026-09-08 08:00:00,127,61.206349,17.801724
WELL-005,2026-09-08 08:00:00,128,59.645601,17.723191
WELL-005,2026-09-08 08:00:00,129,58.069151,17.652737
WELL-005,2026-09-08 08:00:00,130,56.478919,17.588763
WELL-005,2026-09-08 08:00:00,131,54.876843,17.529414
WELL-005,2026-09-08 08:00:00,132,53.264875,17.4729
WELL-005,2026-09-08 08:00:00,133,51.644979,17.41781
WELL-005,2026-09-08 08:00:00,134,50.019128,17.363362
WELL-005,2026-09-08 08:00:00,135,48.389303,17.309574
WELL-005,2026-09-08 08:00:00,136,46.75749,17.257305
WELL-005,2026-09-08 08:00:00,137,45.125677,17.208188
WELL-005,2026-09-08 08:00:00,138,43.495853,17.164437
WELL-005,2026-09-08 08:00:00,139,41.870002,17.128573
WELL-005,2026-09-08 08:00:00,140,40.250105,17.103108
WELL-005,2026-09-08 08:00:00,141,38.638137,17.090216
WELL-005,2026-09-08 08:00:00,142,37.036061,17.091467
WELL-005,2026-09-08 08:00:00,143,35.44583,17.107633
WELL-005,2026-09-08 08:00:00,144,33.869379,17.138611
WELL-005,2026-09-08 08:00:00,145,32.308631,17.183476
WELL-005,2026-09-08 08:00:00,146,30.765487,17.240638
WELL-005,2026-09-08 08:00:00,147,29.241826,17.308101
WELL-005,2026-09-08 08:00:00,148,27.739506,17.383779
WELL-005,2026-09-08 08:00:00,149,26.260356,17.465805
WELL-005,2026-09-08 08:00:00,150,24.806178,17.552825
WELL-005,2026-09-08 08:00:00,151,23.378745,17.644194
WELL-005,2026-09-08 08:00:00,152,21.979795,17.740074
WELL-005,2026-09-08 08:00:00,153,20.611033,17.841408
WELL-005,2026-09-08 08:00:00,154,19.274127,17.949768
WELL-005,2026-09-08 08:00:00,155,17.970705,18.06712
WELL-005,2026-09-08 08:00:00,156,16.702355,18.195512
WELL-005,2026-09-08 08:00:00,157,15.470622,18.336754
WELL-005,2026-09-08 08:00:00,158,14.277008,18.492125
WELL-005,2026-09-08 08:00:00,159,13.122967,18.662154
WELL-005,2026-09-08 08:00:00,160,12.009903,18.846504
WELL-005,2026-09-08 08:00:00,161,10.939175,19.043977
WELL-005,2026-09-08 08:00:00,162,9.912085,19.252644
WELL-005,2026-09-08 08:00:00,163,8.929886,19.470073
WELL-005,2026-09-08 08:00:00,164,7.993774,19.693632
WELL-005,2026-09-08 08:00:00,165,7.10489,19.920812
WELL-005,2026-09-08 08:00:00,166,6.264316,20.149533
WELL-005,2026-09-08 08:00:00,167,5.473077,20.378387
WELL-005,2026-09-08 08:00:00,168,4.732136,20.606771
WELL-005,2026-09-08 08:00:00,169,4.042397,20.834918
WELL-005,2026-09-08 08:00:00,170,3.4047,21.063783
WELL-005,2026-09-08 08:00:00,171,2.819822,21.294846
WELL-005,2026-09-08 08:00:00,172,2.288474,21.529816
WELL-005,2026-09-08 08:00:00,173,1.811306,21.770318
WELL-005,2026-09-08 08:00:00,174,1.388897,22.017583
WELL-005,2026-09-08 08:00:00,175,1.021763,22.272198
WELL-005,2026-09-08 08:00:00,176,0.710351,22.533951
WELL-005,2026-09-08 08:00:00,177,0.455041,22.80179
WELL-005,2026-09-08 08:00:00,178,0.256142,23.073915
WELL-005,2026-09-08 08:00:00,179,0.113899,23.347963
WELL-005,2026-09-08 08:00:00,180,0.028483,23.621296
WELL-005,2026-09-08 08:00:00,181,0.0,23.891317
WELL-006,2026-09-06 09:00:00,1,0.0,23.959924
WELL-006,2026-09-06 09:00:00,2,0.029338,24.215829
WELL-006,2026-09-06 09:00:00,3,0.117316,24.464117
WELL-006,2026-09-06 09:00:00,4,0.263827,24.704426
WELL-006,2026-09-06 09:00:00,5,0.468692,24.937244
WELL-006,2026-09-06 09:00:00,6,0.731663,25.163789
WELL-006,2026-09-06 09:00:00,7,1.052417,25.385776
WELL-006,2026-09-06 09:00:00,8,1.430565,25.605127
WELL-006,2026-09-06 09:00:00,9,1.865647,25.823644
WELL-006,2026-09-06 09:00:00,10,2.357131,26.042704
WELL-006,2026-09-06 09:00:00,11,2.904419,26.263022
WELL-006,2026-09-06 09:00:00,12,3.506844,26.484507
WELL-006,2026-09-06 09:00:00,13,4.163673,26.706241
WELL-006,2026-09-06 09:00:00,14,4.874105,26.926581
WELL-006,2026-09-06 09:00:00,15,5.637274,27.143365
WELL-006,2026-09-06 09:00:00,16,6.452251,27.354198
WELL-006,2026-09-06 09:00:00,17,7.318043,27.556774
WELL-006,2026-09-06 09:00:00,18,8.233595,27.749185
WELL-006,2026-09-06 09:00:00,19,9.197791,27.930174
WELL-006,2026-09-06 09:00:00,20,10.209457,28.099293
WELL-006,2026-09-06 09:00:00,21,11.26736,28.256947
WELL-006,2026-09-06 09:00:00,22,12.370211,28.404313
WELL-006,2026-09-06 09:00:00,23,13.516668,28.543146
WELL-006,2026-09-06 09:00:00,24,14.705332,28.675502
WELL-006,2026-09-06 09:00:00,25,15.934755,28.803421
WELL-006,2026-09-06 09:00:00,26,17.203441,28.928607
WELL-006,2026-09-06 09:00:00,27,18.509843,29.052163
WELL-006,2026-09-06 09:00:00,28,19.852369,29.174407
WELL-006,2026-09-06 09:00:00,29,21.229384,29.294811
WELL-006,2026-09-06 09:00:00,30,22.63921,29.412054
WELL-006,2026-09-06 09:00:00,31,24.080129,29.524198
WELL-006,2026-09-06 09:00:00,32,25.550386,29.62895
WELL-006,2026-09-06 09:00:00,33,27.04819,29.723977
WELL-006,2026-09-06 09:00:00,34,28.571716,29.807228
WELL-006,2026-09-06 09:00:00,35,30.119108,29.877213
WELL-006,2026-09-06 09:00:00,36,31.68848,29.933201
WELL-006,2026-09-06 09:00:00,37,33.27792,29.975312
WELL-006,2026-09-06 09:00:00,38,34.885492,30.004478
WELL-006,2026-09-06 09:00:00,39,36.509237,30.022296
WELL-006,2026-09-06 09:00:00,40,38.147177,30.030776
WELL-006,2026-09-06 09:00:00,41,39.797317,30.032034
WELL-006,2026-09-06 09:00:00,42,41.457646,30.027974
WELL-006,2026-09-06 09:00:00,43,43.12614,30.019997
WELL-006,2026-09-06 09:00:00,44,44.800768,30.008787
WELL-006,2026-09-06 09:00:00,45,46.479489,29.994205
WELL-006,2026-09-06 09:00:00,46,48.160258,29.975299
WELL-006,2026-09-06 09:00:00,47,49.841027,29.950446
WELL-006,2026-09-06 09:00:00,48,51.519748,29.917581
WELL-006,2026-09-06 09:00:00,49,53.194376,29.874502
WELL-006,2026-09-06 09:00:00,50,54.86287,29.819194
WELL-006,2026-09-06 09:00:00,51,56.523199,29.750131
WELL-006,2026-09-06 09:00:00,52,58.173339,29.666506
WELL-006,2026-09-06 09:00:00,53,59.811279,29.568365
WELL-006,2026-09-06 09:00:00,54,61.435024,29.456616
WELL-006,2026-09-06 09:00:00,55,63.042596,29.332916
WELL-006,2026-09-06 09:00:00,56,64.632036,29.199454
WELL-006,2026-09-06 09:00:00,57,66.201408,29.058662
WELL-006,2026-09-06 09:00:00,58,67.7488,28.912887
WELL-006,2026-09-06 09:00:00,59,69.272326,28.764087
WELL-006,2026-09-06 09:00:00,60,70.77013,28.613582
WELL-006,2026-09-06 09:00:00,61,72.240387,28.461901
WELL-006,2026-09-06 09:00:00,62,73.681307,28.308754
WELL-006,2026-09-06 09:00:00,63,75.091133,28.153115
WELL-006,2026-09-06 09:00:00,64,76.468147,27.993425
WELL-006,2026-09-06 09:00:00,65,77.810674,27.827873
WELL-006,2026-09-06 09:00:00,66,79.117075,27.654709
WELL-006,2026-09-06 09:00:00,67,80.385761,27.472563
WELL-006,2026-09-06 09:00:00,68,81.615184,27.280698
WELL-006,2026-09-06 09:00:00,69,82.803848,27.079182
WELL-006,2026-09-06 09:00:00,70,83.950305,26.868938
WELL-006,2026-09-06 09:00:00,71,85.053156,26.651671
WELL-006,2026-09-06 09:00:00,72,86.111059,26.429687
WELL-006,2026-09-06 09:00:00,73,87.122725,26.205619
WELL-006,2026-09-06 09:00:00,74,88.086921,25.982106
WELL-006,2026-09-06 09:00:00,75,89.002473,25.761474
WELL-006,2026-09-06 09:00:00,76,89.868265,25.545459
WELL-006,2026-09-06 09:00:00,77,90.683242,25.335016
WELL-006,2026-09-06 09:00:00,78,91.446411,25.130239
WELL-006,2026-09-06 09:00:00,79,92.156843,24.930405
WELL-006,2026-09-06 09:00:00,80,92.813672,24.734136
WELL-006,2026-09-06 09:00:00,81,93.416097,24.539654
WELL-006,2026-09-06 09:00:00,82,93.963385,24.345089
WELL-006,2026-09-06 09:00:00,83,94.454869,24.148799
WELL-006,2026-09-06 09:00:00,84,94.889951,23.949656
WELL-006,2026-09-06 09:00:00,85,95.268099,23.74725
WELL-006,2026-09-06 09:00:00,86,95.588854,23.541983
WELL-006,2026-09-06 09:00:00,87,95.851824,23.335051
WELL-006,2026-09-06 09:00:00,88,96.056689,23.128296
WELL-006,2026-09-06 09:00:00,89,96.2032,22.923962
WELL-006,2026-09-06 09:00:00,90,96.291178,22.724394
WELL-006,2026-09-06 09:00:00,91,96.320516,22.531716
WELL-006,2026-09-06 09:00:00,92,96.291178,22.347529
WELL-006,2026-09-06 09:00:00,93,96.2032,22.172697
WELL-006,2026-09-06 09:00:00,94,96.056689,22.007224
WELL-006,2026-09-06 09:00:00,95,95.851824,21.850256
WELL-006,2026-09-06 09:00:00,96,95.588854,21.700208
WELL-006,2026-09-06 09:00:00,97,95.268099,21.55499
WELL-006,2026-09-06 09:00:00,98,94.889951,21.412306
WELL-006,2026-09-06 09:00:00,99,94.454869,21.269983
WELL-006,2026-09-06 09:00:00,100,93.963385,21.12627
WELL-006,2026-09-06 09:00:00,101,93.416097,20.980087
WELL-006,2026-09-06 09:00:00,102,92.813672,20.831162
WELL-006,2026-09-06 09:00:00,103,92.156843,20.68006
WELL-006,2026-09-06 09:00:00,104,91.446411,20.52808
WELL-006,2026-09-06 09:00:00,105,90.683242,20.377052
WELL-006,2026-09-06 09:00:00,106,89.868265,20.22905
WELL-006,2026-09-06 09:00:00,107,89.002473,20.086074
WELL-006,2026-09-06 09:00:00,108,88.086921,19.94974
WELL-006,2026-09-06 09:00:00,109,87.122725,19.821035
WELL-006,2026-09-06 09:00:00,110,86.111059,19.700149
WELL-006,2026-09-06 09:00:00,111,85.053156,19.586443
WELL-006,2026-09-06 09:00:00,112,83.950305,19.478528
WELL-006,2026-09-06 09:00:00,113,82.803848,19.374454
WELL-006,2026-09-06 09:00:00,114,81.615184,19.271998
WELL-006,2026-09-06 09:00:00,115,80.385761,19.168972
WELL-006,2026-09-06 09:00:00,116,79.117075,19.063552
WELL-006,2026-09-06 09:00:00,117,77.810674,18.954539
WELL-006,2026-09-06 09:00:00,118,76.468147,18.841542
WELL-006,2026-09-06 09:00:00,119,75.091133,18.725047
WELL-006,2026-09-06 09:00:00,120,73.681307,18.606355
WELL-006,2026-09-06 09:00:00,121,72.240387,18.48741
WELL-006,2026-09-06 09:00:00,122,70.77013,18.37054
WELL-006,2026-09-06 09:00:00,123,69.272326,18.258134
WELL-006,2026-09-06 09:00:00,124,67.7488,18.152331
WELL-006,2026-09-06 09:00:00,125,66.201408,18.054729
WELL-006,2026-09-06 09:00:00,126,64.632036,17.966193
WELL-006,2026-09-06 09:00:00,127,63.042596,17.886764
WELL-006,2026-09-06 09:00:00,128,61.435024,17.815688
WELL-006,2026-09-06 09:00:00,129,59.811279,17.751576
WELL-006,2026-09-06 09:00:00,130,58.173339,17.692643
WELL-006,2026-09-06 09:00:00,131,56.523199,17.637017
WELL-006,2026-09-06 09:00:00,132,54.86287,17.583059
WELL-006,2026-09-06 09:00:00,133,53.194376,17.529652
WELL-006,2026-09-06 09:00:00,134,51.519748,17.47641
WELL-006,2026-09-06 09:00:00,135,49.841027,17.423787
WELL-006,2026-09-06 09:00:00,136,48.160258,17.373061
WELL-006,2026-09-06 09:00:00,137,46.479489,17.326195
WELL-006,2026-09-06 09:00:00,138,44.800768,17.285604
WELL-006,2026-09-06 09:00:00,139,43.12614,17.253848
WELL-006,2026-09-06 09:00:00,140,41.457646,17.233305
WELL-006,2026-09-06 09:00:00,141,39.797317,17.225872
WELL-006,2026-09-06 09:00:00,142,38.147177,17.232728
WELL-006,2026-09-06 09:00:00,143,36.509237,17.254201
WELL-006,2026-09-06 09:00:00,144,34.885492,17.289757
WELL-006,2026-09-06 09:00:00,145,33.27792,17.33811
WELL-006,2026-09-06 09:00:00,146,31.68848,17.397438
WELL-006,2026-09-06 09:00:00,147,30.119108,17.465669
WELL-006,2026-09-06 09:00:00,148,28.571716,17.540812
WELL-006,2026-09-06 09:00:00,149,27.04819,17.621251
WELL-006,2026-09-06 09:00:00,150,25.550386,17.706001
WELL-006,2026-09-06 09:00:00,151,24.080129,17.79485
WELL-006,2026-09-06 09:00:00,152,22.63921,17.888398
WELL-006,2026-09-06 09:00:00,153,21.229384,17.987959
WELL-006,2026-09-06 09:00:00,154,19.852369,18.095366
WELL-006,2026-09-06 09:00:00,155,18.509843,18.212685
WELL-006,2026-09-06 09:00:00,156,17.203441,18.3419
WELL-006,2026-09-06 09:00:00,157,15.934755,18.484596
WELL-006,2026-09-06 09:00:00,158,14.705332,18.641702
WELL-006,2026-09-06 09:00:00,159,13.516668,18.813318
WELL-006,2026-09-06 09:00:00,160,12.370211,18.998669
WELL-006,2026-09-06 09:00:00,161,11.26736,19.19617
WELL-006,2026-09-06 09:00:00,162,10.209457,19.403611
WELL-006,2026-09-06 09:00:00,163,9.197791,19.618431
WELL-006,2026-09-06 09:00:00,164,8.233595,19.838035
WELL-006,2026-09-06 09:00:00,165,7.318043,20.060117
WELL-006,2026-09-06 09:00:00,166,6.452251,20.282932
WELL-006,2026-09-06 09:00:00,167,5.637274,20.505494
WELL-006,2026-09-06 09:00:00,168,4.874105,20.72765
WELL-006,2026-09-06 09:00:00,169,4.163673,20.950037
WELL-006,2026-09-06 09:00:00,170,3.506844,21.173923
WELL-006,2026-09-06 09:00:00,171,2.904419,21.400952
WELL-006,2026-09-06 09:00:00,172,2.357131,21.632836
WELL-006,2026-09-06 09:00:00,173,1.865647,21.871034
WELL-006,2026-09-06 09:00:00,174,1.430565,22.116471
WELL-006,2026-09-06 09:00:00,175,1.052417,22.369332
WELL-006,2026-09-06 09:00:00,176,0.731663,22.628967
WELL-006,2026-09-06 09:00:00,177,0.468692,22.893916
WELL-006,2026-09-06 09:00:00,178,0.263827,23.162055
WELL-006,2026-09-06 09:00:00,179,0.117316,23.430841
WELL-006,2026-09-06 09:00:00,180,0.029338,23.697614
WELL-006,2026-09-06 09:00:00,181,0.0,23.959924
WELL-006,2026-09-09 09:00:00,1,0.0,23.974451
WELL-006,2026-09-09 09:00:00,2,0.02969,24.237158
WELL-006,2026-09-09 09:00:00,3,0.118724,24.492368
WELL-006,2026-09-09 09:00:00,4,0.266993,24.739711
WELL-006,2026-09-09 09:00:00,5,0.474317,24.979667
WELL-006,2026-09-09 09:00:00,6,0.740442,25.213444
WELL-006,2026-09-09 09:00:00,7,1.065046,25.442749
WELL-006,2026-09-09 09:00:00,8,1.447732,25.669494
WELL-006,2026-09-09 09:00:00,9,1.888034,25.895473
WELL-006,2026-09-09 09:00:00,10,2.385416,26.122054
WELL-006,2026-09-09 09:00:00,11,2.939272,26.349942
WELL-006,2026-09-09 09:00:00,12,3.548926,26.579038
WELL-006,2026-09-09 09:00:00,13,4.213637,26.808414
WELL-006,2026-09-09 09:00:00,14,4.932594,27.036418
WELL-006,2026-09-09 09:00:00,15,5.704921,27.260878
WELL-006,2026-09-09 09:00:00,16,6.529678,27.479389
WELL-006,2026-09-09 09:00:00,17,7.405859,27.689638
WELL-006,2026-09-09 09:00:00,18,8.332398,27.889706
WELL-006,2026-09-09 09:00:00,19,9.308164,28.078327
WELL-006,2026-09-09 09:00:00,20,10.33197,28.255043
WELL-006,2026-09-09 09:00:00,21,11.402568,28.420252
WELL-006,2026-09-09 09:00:00,22,12.518654,28.575119
WELL-006,2026-09-09 09:00:00,23,13.678868,28.721391
WELL-006,2026-09-09 09:00:00,24,14.881796,28.861115
WELL-006,2026-09-09 09:00:00,25,16.125972,28.996323
WELL-006,2026-09-09 09:00:00,26,17.409882,29.128709
WELL-006,2026-09-09 09:00:00,27,18.731961,29.259367
WELL-006,2026-09-09 09:00:00,28,20.090597,29.388607
WELL-006,2026-09-09 09:00:00,29,21.484136,29.515892
WELL-006,2026-09-09 09:00:00,30,22.91088,29.639893
WELL-006,2026-09-09 09:00:00,31,24.369091,29.758663
WELL-006,2026-09-09 09:00:00,32,25.856991,29.869902
WELL-006,2026-09-09 09:00:00,33,27.372769,29.971269
WELL-006,2026-09-09 09:00:00,34,28.914577,30.060705
WELL-006,2026-09-09 09:00:00,35,30.480537,30.136711
WELL-006,2026-09-09 09:00:00,36,32.068741,30.198552
WELL-006,2026-09-09 09:00:00,37,33.677255,30.246337
WELL-006,2026-09-09 09:00:00,38,35.304118,30.280995
WELL-006,2026-09-09 09:00:00,39,36.947348,30.304113
WELL-006,2026-09-09 09:00:00,40,38.604943,30.317695
WELL-006,2026-09-09 09:00:00,41,40.274885,30.323853
WELL-006,2026-09-09 09:00:00,42,41.955137,30.324484
WELL-006,2026-09-09 09:00:00,43,43.643654,30.320982
WELL-006,2026-09-09 09:00:00,44,45.338377,30.314028
WELL-006,2026-09-09 09:00:00,45,47.037243,30.303474
WELL-006,2026-09-09 09:00:00,46,48.738181,30.288367
WELL-006,2026-09-09 09:00:00,47,50.439119,30.267078
WELL-006,2026-09-09 09:00:00,48,52.137985,30.237537
WELL-006,2026-09-09 09:00:00,49,53.832708,30.197538
WELL-006,2026-09-09 09:00:00,50,55.521225,30.145063
WELL-006,2026-09-09 09:00:00,51,57.201477,30.078581
WELL-006,2026-09-09 09:00:00,52,58.871419,29.997284
WELL-006,2026-09-09 09:00:00,53,60.529014,29.901215
WELL-006,2026-09-09 09:00:00,54,62.172244,29.791277
WELL-006,2026-09-09 09:00:00,55,63.799107,29.669127
WELL-006,2026-09-09 09:00:00,56,65.407621,29.536953
WELL-006,2026-09-09 09:00:00,57,66.995825,29.397183
WELL-006,2026-09-09 09:00:00,58,68.561785,29.252164
WELL-006,2026-09-09 09:00:00,59,70.103593,29.103852
WELL-006,2026-09-09 09:00:00,60,71.619371,28.953568
WELL-006,2026-09-09 09:00:00,61,73.107272,28.80184
WELL-006,2026-09-09 09:00:00,62,74.565482,28.648378
WELL-006,2026-09-09 09:00:00,63,75.992226,28.492156
WELL-006,2026-09-09 09:00:00,64,77.385765,28.331617
WELL-006,2026-09-09 09:00:00,65,78.744402,28.164948
WELL-006,2026-09-09 09:00:00,66,80.06648,27.990405
WELL-006,2026-09-09 09:00:00,67,81.35039,27.806616
WELL-006,2026-09-09 09:00:00,68,82.594567,27.612848
WELL-006,2026-09-09 09:00:00,69,83.797495,27.40917
WELL-006,2026-09-09 09:00:00,70,84.957708,27.196508
WELL-006,2026-09-09 09:00:00,71,86.073794,26.97657
WELL-006,2026-09-09 09:00:00,72,87.144392,26.751666
WELL-006,2026-09-09 09:00:00,73,88.168198,26.524432
WELL-006,2026-09-09 09:00:00,74,89.143964,26.29751
WELL-006,2026-09-09 09:00:00,75,90.070503,26.073231
WELL-006,2026-09-09 09:00:00,76,90.946684,25.853336
WELL-006,2026-09-09 09:00:00,77,91.771441,25.638784
WELL-006,2026-09-09 09:00:00,78,92.543768,25.429674
WELL-006,2026-09-09 09:00:00,79,93.262725,25.225287
WELL-006,2026-09-09 09:00:00,80,93.927436,25.024254
WELL-006,2026-09-09 09:00:00,81,94.53709,24.8248
WELL-006,2026-09-09 09:00:00,82,95.090946,24.625061
WELL-006,2026-09-09 09:00:00,83,95.588328,24.423404
WELL-006,2026-09-09 09:00:00,84,96.02863,24.218704
WELL-006,2026-09-09 09:00:00,85,96.411316,24.01056
WELL-006,2026-09-09 09:00:00,86,96.73592,23.79938
WELL-006,2026-09-09 09:00:00,87,97.002046,23.586368
WELL-006,2026-09-09 09:00:00,88,97.209369,23.373373
WELL-006,2026-09-09 09:00:00,89,97.357638,23.162646
WELL-006,2026-09-09 09:00:00,90,97.446672,22.956542
WELL-006,2026-09-09 09:00:00,91,97.476362,22.757189
WELL-006,2026-09-09 09:00:00,92,97.446672,22.5662
WELL-006,2026-09-09 09:00:00,93,97.357638,22.384446
WELL-006,2026-09-09 09:00:00,94,97.209369,22.211939
WELL-006,2026-09-09 09:00:00,95,97.002046,22.047833
WELL-006,2026-09-09 09:00:00,96,96.73592,21.890553
WELL-006,2026-09-09 09:00:00,97,96.411316,21.738017
WELL-006,2026-09-09 09:00:00,98,96.02863,21.58794
WELL-006,2026-09-09 09:00:00,99,95.588328,21.438154
WELL-006,2026-09-09 09:00:00,100,95.090946,21.28692
WELL-006,2026-09-09 09:00:00,101,94.53709,21.133166
WELL-006,2026-09-09 09:00:00,102,93.927436,20.976631
WELL-006,2026-09-09 09:00:00,103,93.262725,20.817887
WELL-006,2026-09-09 09:00:00,104,92.543768,20.658244
WELL-006,2026-09-09 09:00:00,105,91.771441,20.49954
WELL-006,2026-09-09 09:00:00,106,90.946684,20.343859
WELL-006,2026-09-09 09:00:00,107,90.070503,20.19321
WELL-006,2026-09-09 09:00:00,108,89.143964,20.04922
WELL-006,2026-09-09 09:00:00,109,88.168198,19.912882
WELL-006,2026-09-09 09:00:00,110,87.144392,19.784399
WELL-006,2026-09-09 09:00:00,111,86.073794,19.663139
WELL-006,2026-09-09 09:00:00,112,84.957708,19.547722
WELL-006,2026-09-09 09:00:00,113,83.797495,19.436209
WELL-006,2026-09-09 09:00:00,114,82.594567,19.326384
WELL-006,2026-09-09 09:00:00,115,81.35039,19.21607
WELL-006,2026-09-09 09:00:00,116,80.06648,19.10345
WELL-006,2026-09-09 09:00:00,117,78.744402,18.987335
WELL-006,2026-09-09 09:00:00,118,77.385765,18.867343
WELL-006,2026-09-09 09:00:00,119,75.992226,18.743967
WELL-006,2026-09-09 09:00:00,120,74.565482,18.618516
WELL-006,2026-09-09 09:00:00,121,73.107272,18.492945
WELL-006,2026-09-09 09:00:00,122,71.619371,18.369587
WELL-006,2026-09-09 09:00:00,123,70.103593,18.250842
WELL-006,2026-09-09 09:00:00,124,68.561785,18.138854
WELL-006,2026-09-09 09:00:00,125,66.995825,18.03523
WELL-006,2026-09-09 09:00:00,126,65.407621,17.940843
WELL-006,2026-09-09 09:00:00,127,63.799107,17.855738
WELL-006,2026-09-09 09:00:00,128,62.172244,17.779172
WELL-006,2026-09-09 09:00:00,129,60.529014,17.70976
WELL-006,2026-09-09 09:00:00,130,58.871419,17.645723
WELL-006,2026-09-09 09:00:00,131,57.201477,17.585197
WELL-006,2026-09-09 09:00:00,132,55.521225,17.526549
WELL-006,2026-09-09 09:00:00,133,53.832708,17.468666
WELL-006,2026-09-09 09:00:00,134,52.137985,17.411169
WELL-006,2026-09-09 09:00:00,135,50.439119,17.354518
WELL-006,2026-09-09 09:00:00,136,48.738181,17.299993
WELL-006,2026-09-09 09:00:00,137,47.037243,17.249564
WELL-006,2026-09-09 09:00:00,138,45.338377,17.205649
WELL-006,2026-09-09 09:00:00,139,43.643654,17.170812
WELL-006,2026-09-09 09:00:00,140,41.955137,17.147437
WELL-006,2026-09-09 09:00:00,141,40.274885,17.137422
WELL-006,2026-09-09 09:00:00,142,38.604943,17.14195
WELL-006,2026-09-09 09:00:00,143,36.947348,17.161352
WELL-006,2026-09-09 09:00:00,144,35.304118,17.195096
WELL-006,2026-09-09 09:00:00,145,33.677255,17.241899
WELL-006,2026-09-09 09:00:00,146,32.068741,17.299939
WELL-006,2026-09-09 09:00:00,147,30.480537,17.367149
WELL-006,2026-09-09 09:00:00,148,28.914577,17.441535
WELL-006,2026-09-09 09:00:00,149,27.372769,17.521486
WELL-006,2026-09-09 09:00:00,150,25.856991,17.606015
WELL-006,2026-09-09 09:00:00,151,24.369091,17.694911
WELL-006,2026-09-09 09:00:00,152,22.91088,17.788775
WELL-006,2026-09-09 09:00:00,153,21.484136,17.888919
WELL-006,2026-09-09 09:00:00,154,20.090597,17.997175
WELL-006,2026-09-09 09:00:00,155,18.731961,18.11561
WELL-006,2026-09-09 09:00:00,156,17.409882,18.246204
WELL-006,2026-09-09 09:00:00,157,16.125972,18.390543
WELL-006,2026-09-09 09:00:00,158,14.881796,18.549552
WELL-006,2026-09-09 09:00:00,159,13.678868,18.72333
WELL-006,2026-09-09 09:00:00,160,12.518654,18.9111
WELL-006,2026-09-09 09:00:00,161,11.402568,19.111271
WELL-006,2026-09-09 09:00:00,162,10.33197,19.321632
WELL-006,2026-09-09 09:00:00,163,9.308164,19.539619
WELL-006,2026-09-09 09:00:00,164,8.332398,19.762631
WELL-006,2026-09-09 09:00:00,165,7.405859,19.988359
WELL-006,2026-09-09 09:00:00,166,6.529678,20.215055
WELL-006,2026-09-09 09:00:00,167,5.704921,20.441726
WELL-006,2026-09-09 09:00:00,168,4.932594,20.668215
WELL-006,2026-09-09 09:00:00,169,4.213637,20.895154
WELL-006,2026-09-09 09:00:00,170,3.548926,21.123805
WELL-006,2026-09-09 09:00:00,171,2.939272,21.355806
WELL-006,2026-09-09 09:00:00,172,2.385416,21.592863
WELL-006,2026-09-09 09:00:00,173,1.888034,21.836429
WELL-006,2026-09-09 09:00:00,174,1.447732,22.087423
WELL-006,2026-09-09 09:00:00,175,1.065046,22.346022
WELL-006,2026-09-09 09:00:00,176,0.740442,22.611569
WELL-006,2026-09-09 09:00:00,177,0.474317,22.882599
WELL-006,2026-09-09 09:00:00,178,0.266993,23.156979
WELL-006,2026-09-09 09:00:00,179,0.118724,23.432157
WELL-006,2026-09-09 09:00:00,180,0.02969,23.705467
WELL-006,2026-09-09 09:00:00,181,0.0,23.974451
WELL-007,2026-09-07 10:00:00,1,0.0,24.041716
WELL-007,2026-09-07 10:00:00,2,0.030997,24.295634
WELL-007,2026-09-07 10:00:00,3,0.123952,24.541829
WELL-007,2026-09-07 10:00:00,4,0.278751,24.780382
WELL-007,2026-09-07 10:00:00,5,0.495205,25.012171
WELL-007,2026-09-07 10:00:00,6,0.773051,25.238696
WELL-007,2026-09-07 10:00:00,7,1.11195,25.46181
WELL-007,2026-09-07 10:00:00,8,1.511489,25.683401
WELL-007,2026-09-07 10:00:00,9,1.971181,25.905076
WELL-007,2026-09-07 10:00:00,10,2.490467,26.127881
WELL-007,2026-09-07 10:00:00,11,3.068714,26.352114
WELL-007,2026-09-07 10:00:00,12,3.705217,26.577237
WELL-007,2026-09-07 10:00:00,13,4.399201,26.801928
WELL-007,2026-09-07 10:00:00,14,5.14982,27.024232
WELL-007,2026-09-07 10:00:00,15,5.956159,27.241822
WELL-007,2026-09-07 10:00:00,16,6.817237,27.452301
WELL-007,2026-09-07 10:00:00,17,7.732004,27.653529
WELL-007,2026-09-07 10:00:00,18,8.699346,27.843906
WELL-007,2026-09-07 10:00:00,19,9.718085,28.022579
WELL-007,2026-09-07 10:00:00,20,10.786978,28.189543
WELL-007,2026-09-07 10:00:00,21,11.904724,28.34562
WELL-007,2026-09-07 10:00:00,22,13.06996,28.492314
WELL-007,2026-09-07 10:00:00,23,14.281268,28.631574
WELL-007,2026-09-07 10:00:00,24,15.537172,28.765488
WELL-007,2026-09-07 10:00:00,25,16.836141,28.895955
WELL-007,2026-09-07 10:00:00,26,18.176592,29.024396
WELL-007,2026-09-07 10:00:00,27,19.556893,29.151518
WELL-007,2026-09-07 10:00:00,28,20.975363,29.2772
WELL-007,2026-09-07 10:00:00,29,22.430271,29.400485
WELL-007,2026-09-07 10:00:00,30,23.919847,29.519701
WELL-007,2026-09-07 10:00:00,31,25.442276,29.632689
WELL-007,2026-09-07 10:00:00,32,26.995702,29.737094
WELL-007,2026-09-07 10:00:00,33,28.578232,29.83069
WELL-007,2026-09-07 10:00:00,34,30.18794,29.911686
WELL-007,2026-09-07 10:00:00,35,31.822863,29.978968
WELL-007,2026-09-07 10:00:00,36,33.48101,30.032243
WELL-007,2026-09-07 10:00:00,37,35.16036,30.072064
WELL-007,2026-09-07 10:00:00,38,36.858868,30.099731
WELL-007,2026-09-07 10:00:00,39,38.574464,30.117088
WELL-007,2026-09-07 10:00:00,40,40.305058,30.126236
WELL-007,2026-09-07 10:00:00,41,42.048542,30.129217
WELL-007,2026-09-07 10:00:00,42,43.802791,30.127696
WELL-007,2026-09-07 10:00:00,43,45.565667,30.122717
WELL-007,2026-09-07 10:00:00,44,47.335025,30.114532
WELL-007,2026-09-07 10:00:00,45,49.108706,30.102562
WELL-007,2026-09-07 10:00:00,46,50.884551,30.085473
WELL-007,2026-09-07 10:00:00,47,52.660397,30.061367
WELL-007,2026-09-07 10:00:00,48,54.434078,30.028057
WELL-007,2026-09-07 10:00:00,49,56.203435,29.983388
WELL-007,2026-09-07 10:00:00,50,57.966312,29.925554
WELL-007,2026-09-07 10:00:00,51,59.720561,29.853369
WELL-007,2026-09-07 10:00:00,52,61.464045,29.766449
WELL-007,2026-09-07 10:00:00,53,63.194639,29.665283
WELL-007,2026-09-07 10:00:00,54,64.910235,29.551178
WELL-007,2026-09-07 10:00:00,55,66.608743,29.426088
WELL-007,2026-09-07 10:00:00,56,68.288093,29.292355
WELL-007,2026-09-07 10:00:00,57,69.94624,29.152395
WELL-007,2026-09-07 10:00:00,58,71.581163,29.008375
WELL-007,2026-09-07 10:00:00,59,73.190871,28.861934
WELL-007,2026-09-07 10:00:00,60,74.773401,28.71398
WELL-007,2026-09-07 10:00:00,61,76.326827,28.564601
WELL-007,2026-09-07 10:00:00,62,77.849255,28.413094
WELL-007,2026-09-07 10:00:00,63,79.338831,28.258115
WELL-007,2026-09-07 10:00:00,64,80.79374,28.097927
WELL-007,2026-09-07 10:00:00,65,82.212209,27.930702
WELL-007,2026-09-07 10:00:00,66,83.592511,27.754844
WELL-007,2026-09-07 10:00:00,67,84.932962,27.569281
WELL-007,2026-09-07 10:00:00,68,86.231931,27.373677
WELL-007,2026-09-07 10:00:00,69,87.487835,27.168542
WELL-007,2026-09-07 10:00:00,70,88.699143,26.955221
WELL-007,2026-09-07 10:00:00,71,89.864379,26.735762
WELL-007,2026-09-07 10:00:00,72,90.982125,26.512679
WELL-007,2026-09-07 10:00:00,73,92.051018,26.288653
WELL-007,2026-09-07 10:00:00,74,93.069756,26.0662
WELL-007,2026-09-07 10:00:00,75,94.037098,25.847375
WELL-007,2026-09-07 10:00:00,76,94.951866,25.63353
WELL-007,2026-09-07 10:00:00,77,95.812944,25.425182
WELL-007,2026-09-07 10:00:00,78,96.619283,25.221994
WELL-007,2026-09-07 10:00:00,79,97.369902,25.022885
WELL-007,2026-09-07 10:00:00,80,98.063886,24.826245
WELL-007,2026-09-07 10:00:00,81,98.700389,24.63022
WELL-007,2026-09-07 10:00:00,82,99.278636,24.433031
WELL-007,2026-09-07 10:00:00,83,99.797922,24.233289
WELL-007,2026-09-07 10:00:00,84,100.257614,24.030233
WELL-007,2026-09-07 10:00:00,85,100.657153,23.823888
WELL-007,2026-09-07 10:00:00,86,100.996052,23.615096
WELL-007,2026-09-07 10:00:00,87,101.273898,23.405429
WELL-007,2026-09-07 10:00:00,88,101.490352,23.196991
WELL-007,2026-09-07 10:00:00,89,101.645151,22.992135
WELL-007,2026-09-07 10:00:00,90,101.738105,22.793146
WELL-007,2026-09-07 10:00:00,91,101.769103,22.601924
WELL-007,2026-09-07 10:00:00,92,101.738105,22.419725
WELL-007,2026-09-07 10:00:00,93,101.645151,22.246985
WELL-007,2026-09-07 10:00:00,94,101.490352,22.083268
WELL-007,2026-09-07 10:00:00,95,101.273898,21.92733
WELL-007,2026-09-07 10:00:00,96,100.996052,21.777301
WELL-007,2026-09-07 10:00:00,97,100.657153,21.630956
WELL-007,2026-09-07 10:00:00,98,100.257614,21.486033
WELL-007,2026-09-07 10:00:00,99,99.797922,21.340551
WELL-007,2026-09-07 10:00:00,100,99.278636,21.193093
WELL-007,2026-09-07 10:00:00,101,98.700389,21.042995
WELL-007,2026-09-07 10:00:00,102,98.063886,20.890431
WELL-007,2026-09-07 10:00:00,103,97.369902,20.736373
WELL-007,2026-09-07 10:00:00,104,96.619283,20.582429
WELL-007,2026-09-07 10:00:00,105,95.812944,20.430596
WELL-007,2026-09-07 10:00:00,106,94.951866,20.282947
WELL-007,2026-09-07 10:00:00,107,94.037098,20.141319
WELL-007,2026-09-07 10:00:00,108,93.069756,20.007019
WELL-007,2026-09-07 10:00:00,109,92.051018,19.88063
WELL-007,2026-09-07 10:00:00,110,90.982125,19.761899
WELL-007,2026-09-07 10:00:00,111,89.864379,19.649771
WELL-007,2026-09-07 10:00:00,112,88.699143,19.542527
WELL-007,2026-09-07 10:00:00,113,87.487835,19.438026
WELL-007,2026-09-07 10:00:00,114,86.231931,19.334012
WELL-007,2026-09-07 10:00:00,115,84.932962,19.228438
WELL-007,2026-09-07 10:00:00,116,83.592511,19.119763
WELL-007,2026-09-07 10:00:00,117,82.212209,19.007183
WELL-007,2026-09-07 10:00:00,118,80.79374,18.89075
WELL-007,2026-09-07 10:00:00,119,79.338831,18.771374
WELL-007,2026-09-07 10:00:00,120,77.849255,18.650708
WELL-007,2026-09-07 10:00:00,121,76.326827,18.530919
WELL-007,2026-09-07 10:00:00,122,74.773401,18.414395
WELL-007,2026-09-07 10:00:00,123,73.190871,18.303421
WELL-007,2026-09-07 10:00:00,124,71.581163,18.199873
WELL-007,2026-09-07 10:00:00,125,69.94624,18.104973
WELL-007,2026-09-07 10:00:00,126,68.288093,18.019151
WELL-007,2026-09-07 10:00:00,127,66.608743,17.942011
WELL-007,2026-09-07 10:00:00,128,64.910235,17.872436
WELL-007,2026-09-07 10:00:00,129,63.194639,17.808785
WELL-007,2026-09-07 10:00:00,130,61.464045,17.749182
WELL-007,2026-09-07 10:00:00,131,59.720561,17.691834
WELL-007,2026-09-07 10:00:00,132,57.966312,17.635337
WELL-007,2026-09-07 10:00:00,133,56.203435,17.578932
WELL-007,2026-09-07 10:00:00,134,54.434078,17.522665
WELL-007,2026-09-07 10:00:00,135,52.660397,17.467429
WELL-007,2026-09-07 10:00:00,136,50.884551,17.414887
WELL-007,2026-09-07 10:00:00,137,49.108706,17.367275
WELL-007,2026-09-07 10:00:00,138,47.335025,17.327129
WELL-007,2026-09-07 10:00:00,139,45.565667,17.296962
WELL-007,2026-09-07 10:00:00,140,43.802791,17.278945
WELL-007,2026-09-07 10:00:00,141,42.048542,17.274634
WELL-007,2026-09-07 10:00:00,142,40.305058,17.284785
WELL-007,2026-09-07 10:00:00,143,38.574464,17.309283
WELL-007,2026-09-07 10:00:00,144,36.858868,17.347195
WELL-007,2026-09-07 10:00:00,145,35.16036,17.396938
WELL-007,2026-09-07 10:00:00,146,33.48101,17.456536
WELL-007,2026-09-07 10:00:00,147,31.822863,17.523936
WELL-007,2026-09-07 10:00:00,148,30.18794,17.597324
WELL-007,2026-09-07 10:00:00,149,28.578232,17.675405
WELL-007,2026-09-07 10:00:00,150,26.995702,17.757602
WELL-007,2026-09-07 10:00:00,151,25.442276,17.844151
WELL-007,2026-09-07 10:00:00,152,23.919847,17.936058
WELL-007,2026-09-07 10:00:00,153,22.430271,18.034959
WELL-007,2026-09-07 10:00:00,154,20.975363,18.142864
WELL-007,2026-09-07 10:00:00,155,19.556893,18.261856
WELL-007,2026-09-07 10:00:00,156,18.176592,18.393765
WELL-007,2026-09-07 10:00:00,157,16.836141,18.539878
WELL-007,2026-09-07 10:00:00,158,15.537172,18.700723
WELL-007,2026-09-07 10:00:00,159,14.281268,18.875959
WELL-007,2026-09-07 10:00:00,160,13.06996,19.064386
WELL-007,2026-09-07 10:00:00,161,11.904724,19.264079
WELL-007,2026-09-07 10:00:00,162,10.786978,19.472619
WELL-007,2026-09-07 10:00:00,163,9.718085,19.687398
WELL-007,2026-09-07 10:00:00,164,8.699346,19.905941
WELL-007,2026-09-07 10:00:00,165,7.732004,20.126215
WELL-007,2026-09-07 10:00:00,166,6.817237,20.346861
WELL-007,2026-09-07 10:00:00,167,5.956159,20.567329
WELL-007,2026-09-07 10:00:00,168,5.14982,20.787895
WELL-007,2026-09-07 10:00:00,169,4.399201,21.009556
WELL-007,2026-09-07 10:00:00,170,3.705217,21.233813
WELL-007,2026-09-07 10:00:00,171,3.068714,21.462386
WELL-007,2026-09-07 10:00:00,172,2.490467,21.696893
WELL-007,2026-09-07 10:00:00,173,1.971181,21.938544
WELL-007,2026-09-07 10:00:00,174,1.511489,22.187894
WELL-007,2026-09-07 10:00:00,175,1.11195,22.444694
WELL-007,2026-09-07 10:00:00,176,0.773051,22.707854
WELL-007,2026-09-07 10:00:00,177,0.495205,22.975538
WELL-007,2026-09-07 10:00:00,178,0.278751,23.245361
WELL-007,2026-09-07 10:00:00,179,0.123952,23.514668
WELL-007,2026-09-07 10:00:00,180,0.030997,23.780863
WELL-007,2026-09-07 10:00:00,181,0.0,24.041716
WELL-007,2026-09-10 10:00:00,1,0.0,24.056242
WELL-007,2026-09-10 10:00:00,2,0.031369,24.316962
WELL-007,2026-09-10 10:00:00,3,0.12544,24.57008
WELL-007,2026-09-10 10:00:00,4,0.282096,24.815667
WELL-007,2026-09-10 10:00:00,5,0.501147,25.054594
WELL-007,2026-09-10 10:00:00,6,0.782327,25.288351
WELL-007,2026-09-10 10:00:00,7,1.125293,25.518782
WELL-007,2026-09-10 10:00:00,8,1.529627,25.747768
WELL-007,2026-09-10 10:00:00,9,1.994835,25.976905
WELL-007,2026-09-10 10:00:00,10,2.520353,26.207231
WELL-007,2026-09-10 10:00:00,11,3.105539,26.439034
WELL-007,2026-09-10 10:00:00,12,3.74968,26.671768
WELL-007,2026-09-10 10:00:00,13,4.451991,26.904101
WELL-007,2026-09-10 10:00:00,14,5.211617,27.134069
WELL-007,2026-09-10 10:00:00,15,6.027633,27.359334
WELL-007,2026-09-10 10:00:00,16,6.899044,27.577492
WELL-007,2026-09-10 10:00:00,17,7.824789,27.786393
WELL-007,2026-09-10 10:00:00,18,8.803739,27.984427
WELL-007,2026-09-10 10:00:00,19,9.834702,28.170732
WELL-007,2026-09-10 10:00:00,20,10.916421,28.345293
WELL-007,2026-09-10 10:00:00,21,12.04758,28.508924
WELL-007,2026-09-10 10:00:00,22,13.2268,28.66312
WELL-007,2026-09-10 10:00:00,23,14.452644,28.809819
WELL-007,2026-09-10 10:00:00,24,15.723618,28.951101
WELL-007,2026-09-10 10:00:00,25,17.038174,29.088857
WELL-007,2026-09-10 10:00:00,26,18.394711,29.224497
WELL-007,2026-09-10 10:00:00,27,19.791576,29.358722
WELL-007,2026-09-10 10:00:00,28,21.227067,29.4914
WELL-007,2026-09-10 10:00:00,29,22.699435,29.621565
WELL-007,2026-09-10 10:00:00,30,24.206886,29.74754
WELL-007,2026-09-10 10:00:00,31,25.747583,29.867155
WELL-007,2026-09-10 10:00:00,32,27.31965,29.978047
WELL-007,2026-09-10 10:00:00,33,28.921171,30.077982
WELL-007,2026-09-10 10:00:00,34,30.550195,30.165163
WELL-007,2026-09-10 10:00:00,35,32.204737,30.238467
WELL-007,2026-09-10 10:00:00,36,33.882782,30.297594
WELL-007,2026-09-10 10:00:00,37,35.582285,30.34309
WELL-007,2026-09-10 10:00:00,38,37.301175,30.376248
WELL-007,2026-09-10 10:00:00,39,39.037358,30.398905
WELL-007,2026-09-10 10:00:00,40,40.788719,30.413156
WELL-007,2026-09-10 10:00:00,41,42.553124,30.421036
WELL-007,2026-09-10 10:00:00,42,44.328424,30.424206
WELL-007,2026-09-10 10:00:00,43,46.112455,30.423703
WELL-007,2026-09-10 10:00:00,44,47.903045,30.419773
WELL-007,2026-09-10 10:00:00,45,49.698011,30.411832
WELL-007,2026-09-10 10:00:00,46,51.495166,30.398541
WELL-007,2026-09-10 10:00:00,47,53.292321,30.377998
WELL-007,2026-09-10 10:00:00,48,55.087287,30.348012
WELL-007,2026-09-10 10:00:00,49,56.877877,30.306424
WELL-007,2026-09-10 10:00:00,50,58.661908,30.251423
WELL-007,2026-09-10 10:00:00,51,60.437208,30.181819
WELL-007,2026-09-10 10:00:00,52,62.201613,30.097228
WELL-007,2026-09-10 10:00:00,53,63.952974,29.998133
WELL-007,2026-09-10 10:00:00,54,65.689157,29.88584
WELL-007,2026-09-10 10:00:00,55,67.408047,29.7623
WELL-007,2026-09-10 10:00:00,56,69.10755,29.629854
WELL-007,2026-09-10 10:00:00,57,70.785595,29.490916
WELL-007,2026-09-10 10:00:00,58,72.440137,29.347652
WELL-007,2026-09-10 10:00:00,59,74.069161,29.201699
WELL-007,2026-09-10 10:00:00,60,75.670682,29.053966
WELL-007,2026-09-10 10:00:00,61,77.242749,28.90454
WELL-007,2026-09-10 10:00:00,62,78.783447,28.752717
WELL-007,2026-09-10 10:00:00,63,80.290897,28.597156
WELL-007,2026-09-10 10:00:00,64,81.763265,28.436118
WELL-007,2026-09-10 10:00:00,65,83.198756,28.267777
WELL-007,2026-09-10 10:00:00,66,84.595621,28.09054
WELL-007,2026-09-10 10:00:00,67,85.952158,27.903335
WELL-007,2026-09-10 10:00:00,68,87.266714,27.705827
WELL-007,2026-09-10 10:00:00,69,88.537689,27.498529
WELL-007,2026-09-10 10:00:00,70,89.763532,27.282791
WELL-007,2026-09-10 10:00:00,71,90.942752,27.060661
WELL-007,2026-09-10 10:00:00,72,92.073911,26.834658
WELL-007,2026-09-10 10:00:00,73,93.155631,26.607465
WELL-007,2026-09-10 10:00:00,74,94.186594,26.381604
WELL-007,2026-09-10 10:00:00,75,95.165544,26.159132
WELL-007,2026-09-10 10:00:00,76,96.091288,25.941407
WELL-007,2026-09-10 10:00:00,77,96.962699,25.72895
WELL-007,2026-09-10 10:00:00,78,97.778715,25.521428
WELL-007,2026-09-10 10:00:00,79,98.538341,25.317768
WELL-007,2026-09-10 10:00:00,80,99.240653,25.116363
WELL-007,2026-09-10 10:00:00,81,99.884794,24.915366
WELL-007,2026-09-10 10:00:00,82,100.469979,24.713004
WELL-007,2026-09-10 10:00:00,83,100.995497,24.507894
WELL-007,2026-09-10 10:00:00,84,101.460706,24.299281
WELL-007,2026-09-10 10:00:00,85,101.865039,24.087198
WELL-007,2026-09-10 10:00:00,86,102.208005,23.872493
WELL-007,2026-09-10 10:00:00,87,102.489185,23.656746
WELL-007,2026-09-10 10:00:00,88,102.708236,23.442068
WELL-007,2026-09-10 10:00:00,89,102.864892,23.230819
WELL-007,2026-09-10 10:00:00,90,102.958963,23.025293
WELL-007,2026-09-10 10:00:00,91,102.990332,22.827397
WELL-007,2026-09-10 10:00:00,92,102.958963,22.638396
WELL-007,2026-09-10 10:00:00,93,102.864892,22.458734
WELL-007,2026-09-10 10:00:00,94,102.708236,22.287982
WELL-007,2026-09-10 10:00:00,95,102.489185,22.124907
WELL-007,2026-09-10 10:00:00,96,102.208005,21.967646
WELL-007,2026-09-10 10:00:00,97,101.865039,21.813984
WELL-007,2026-09-10 10:00:00,98,101.460706,21.661666
WELL-007,2026-09-10 10:00:00,99,100.995497,21.508722
WELL-007,2026-09-10 10:00:00,100,100.469979,21.353743
WELL-007,2026-09-10 10:00:00,101,99.884794,21.196074
WELL-007,2026-09-10 10:00:00,102,99.240653,21.0359
WELL-007,2026-09-10 10:00:00,103,98.538341,20.8742
WELL-007,2026-09-10 10:00:00,104,97.778715,20.712593
WELL-007,2026-09-10 10:00:00,105,96.962699,20.553084
WELL-007,2026-09-10 10:00:00,106,96.091288,20.397756
WELL-007,2026-09-10 10:00:00,107,95.165544,20.248455
WELL-007,2026-09-10 10:00:00,108,94.186594,20.106499
WELL-007,2026-09-10 10:00:00,109,93.155631,19.972477
WELL-007,2026-09-10 10:00:00,110,92.073911,19.846149
WELL-007,2026-09-10 10:00:00,111,90.942752,19.726467
WELL-007,2026-09-10 10:00:00,112,89.763532,19.611721
WELL-007,2026-09-10 10:00:00,113,88.537689,19.499781
WELL-007,2026-09-10 10:00:00,114,87.266714,19.388398
WELL-007,2026-09-10 10:00:00,115,85.952158,19.275536
WELL-007,2026-09-10 10:00:00,116,84.595621,19.159661
WELL-007,2026-09-10 10:00:00,117,83.198756,19.039979
WELL-007,2026-09-10 10:00:00,118,81.763265,18.91655
WELL-007,2026-09-10 10:00:00,119,80.290897,18.790293
WELL-007,2026-09-10 10:00:00,120,78.783447,18.662869
WELL-007,2026-09-10 10:00:00,121,77.242749,18.536454
WELL-007,2026-09-10 10:00:00,122,75.670682,18.413443
WELL-007,2026-09-10 10:00:00,123,74.069161,18.296129
WELL-007,2026-09-10 10:00:00,124,72.440137,18.186396
WELL-007,2026-09-10 10:00:00,125,70.785595,18.085475
WELL-007,2026-09-10 10:00:00,126,69.10755,17.9938
WELL-007,2026-09-10 10:00:00,127,67.408047,17.910986
WELL-007,2026-09-10 10:00:00,128,65.689157,17.835919
WELL-007,2026-09-10 10:00:00,129,63.952974,17.766968
WELL-007,2026-09-10 10:00:00,130,62.201613,17.702262
WELL-007,2026-09-10 10:00:00,131,60.437208,17.640014
WELL-007,2026-09-10 10:00:00,132,58.661908,17.578827
WELL-007,2026-09-10 10:00:00,133,56.877877,17.517946
WELL-007,2026-09-10 10:00:00,134,55.087287,17.457424
WELL-007,2026-09-10 10:00:00,135,53.292321,17.39816
WELL-007,2026-09-10 10:00:00,136,51.495166,17.341819
WELL-007,2026-09-10 10:00:00,137,49.698011,17.290643
WELL-007,2026-09-10 10:00:00,138,47.903045,17.247174
WELL-007,2026-09-10 10:00:00,139,46.112455,17.213927
WELL-007,2026-09-10 10:00:00,140,44.328424,17.193077
WELL-007,2026-09-10 10:00:00,141,42.553124,17.186184
WELL-007,2026-09-10 10:00:00,142,40.788719,17.194007
WELL-007,2026-09-10 10:00:00,143,39.037358,17.216433
WELL-007,2026-09-10 10:00:00,144,37.301175,17.252534
WELL-007,2026-09-10 10:00:00,145,35.582285,17.300726
WELL-007,2026-09-10 10:00:00,146,33.882782,17.359037
WELL-007,2026-09-10 10:00:00,147,32.204737,17.425416
WELL-007,2026-09-10 10:00:00,148,30.550195,17.498047
WELL-007,2026-09-10 10:00:00,149,28.921171,17.575639
WELL-007,2026-09-10 10:00:00,150,27.31965,17.657616
WELL-007,2026-09-10 10:00:00,151,25.747583,17.744212
WELL-007,2026-09-10 10:00:00,152,24.206886,17.836435
WELL-007,2026-09-10 10:00:00,153,22.699435,17.935918
WELL-007,2026-09-10 10:00:00,154,21.227067,18.044673
WELL-007,2026-09-10 10:00:00,155,19.791576,18.164781
WELL-007,2026-09-10 10:00:00,156,18.394711,18.298069
WELL-007,2026-09-10 10:00:00,157,17.038174,18.445824
WELL-007,2026-09-10 10:00:00,158,15.723618,18.608573
WELL-007,2026-09-10 10:00:00,159,14.452644,18.785971
WELL-007,2026-09-10 10:00:00,160,13.2268,18.976816
WELL-007,2026-09-10 10:00:00,161,12.04758,19.17918
WELL-007,2026-09-10 10:00:00,162,10.916421,19.39064
WELL-007,2026-09-10 10:00:00,163,9.834702,19.608585
WELL-007,2026-09-10 10:00:00,164,8.803739,19.830537
WELL-007,2026-09-10 10:00:00,165,7.824789,20.054458
WELL-007,2026-09-10 10:00:00,166,6.899044,20.278984
WELL-007,2026-09-10 10:00:00,167,6.027633,20.503561
WELL-007,2026-09-10 10:00:00,168,5.211617,20.72846
WELL-007,2026-09-10 10:00:00,169,4.451991,20.954673
WELL-007,2026-09-10 10:00:00,170,3.74968,21.183695
WELL-007,2026-09-10 10:00:00,171,3.105539,21.41724
WELL-007,2026-09-10 10:00:00,172,2.520353,21.656921
WELL-007,2026-09-10 10:00:00,173,1.994835,21.90394
WELL-007,2026-09-10 10:00:00,174,1.529627,22.158846
WELL-007,2026-09-10 10:00:00,175,1.125293,22.421384
WELL-007,2026-09-10 10:00:00,176,0.782327,22.690457
WELL-007,2026-09-10 10:00:00,177,0.501147,22.964221
WELL-007,2026-09-10 10:00:00,178,0.282096,23.240284
WELL-007,2026-09-10 10:00:00,179,0.12544,23.515984
WELL-007,2026-09-10 10:00:00,180,0.031369,23.788715
WELL-007,2026-09-10 10:00:00,181,0.0,24.056242
WELL-008,2026-09-08 11:00:00,1,0.0,24.122022
WELL-008,2026-09-08 11:00:00,2,0.023181,24.373844
WELL-008,2026-09-08 11:00:00,3,0.092697,24.618072
WELL-008,2026-09-08 11:00:00,4,0.208463,24.855206
WELL-008,2026-09-08 11:00:00,5,0.370338,25.086468
WELL-008,2026-09-08 11:00:00,6,0.578125,25.313568
WELL-008,2026-09-08 11:00:00,7,0.83157,25.538408
WELL-008,2026-09-08 11:00:00,8,1.130364,25.762757
WELL-008,2026-09-08 11:00:00,9,1.474145,25.987951
WELL-008,2026-09-08 11:00:00,10,1.862492,26.214651
WELL-008,2026-09-08 11:00:00,11,2.294933,26.442716
WELL-008,2026-09-08 11:00:00,12,2.770941,26.671176
WELL-008,2026-09-08 11:00:00,13,3.289935,26.898344
WELL-008,2026-09-08 11:00:00,14,3.851285,27.122029
WELL-008,2026-09-08 11:00:00,15,4.454304,27.339819
WELL-008,2026-09-08 11:00:00,16,5.09826,27.549405
WELL-008,2026-09-08 11:00:00,17,5.782367,27.748893
WELL-008,2026-09-08 11:00:00,18,6.505793,27.937045
WELL-008,2026-09-08 11:00:00,19,7.267654,28.113442
WELL-008,2026-09-08 11:00:00,20,8.067024,28.278516
WELL-008,2026-09-08 11:00:00,21,8.902929,28.433465
WELL-008,2026-09-08 11:00:00,22,9.774349,28.580058
WELL-008,2026-09-08 11:00:00,23,10.680224,28.720355
WELL-008,2026-09-08 11:00:00,24,11.61945,28.856382
WELL-008,2026-09-08 11:00:00,25,12.590882,28.989823
WELL-008,2026-09-08 11:00:00,26,13.593336,29.121748
WELL-008,2026-09-08 11:00:00,27,14.625592,29.25244
WELL-008,2026-09-08 11:00:00,28,15.686392,29.381334
WELL-008,2026-09-08 11:00:00,29,16.774444,29.507078
WELL-008,2026-09-08 11:00:00,30,17.888421,29.627714
WELL-008,2026-09-08 11:00:00,31,19.026966,29.740938
WELL-008,2026-09-08 11:00:00,32,20.188693,29.844423
WELL-008,2026-09-08 11:00:00,33,21.372186,29.936134
WELL-008,2026-09-08 11:00:00,34,22.576004,30.014606
WELL-008,2026-09-08 11:00:00,35,23.798678,30.07914
WELL-008,2026-09-08 11:00:00,36,25.038721,30.129888
WELL-008,2026-09-08 11:00:00,37,26.294621,30.167807
WELL-008,2026-09-08 11:00:00,38,27.564847,30.194511
WELL-008,2026-09-08 11:00:00,39,28.847853,30.212012
WELL-008,2026-09-08 11:00:00,40,30.142075,30.222415
WELL-008,2026-09-08 11:00:00,41,31.445936,30.227599
WELL-008,2026-09-08 11:00:00,42,32.757849,30.228924
WELL-008,2026-09-08 11:00:00,43,34.076213,30.22703
WELL-008,2026-09-08 11:00:00,44,35.399424,30.221725
WELL-008,2026-09-08 11:00:00,45,36.725869,30.212012
WELL-008,2026-09-08 11:00:00,46,38.053933,30.196225
WELL-008,2026-09-08 11:00:00,47,39.381996,30.172266
WELL-008,2026-09-08 11:00:00,48,40.708441,30.137916
WELL-008,2026-09-08 11:00:00,49,42.031652,30.091151
WELL-008,2026-09-08 11:00:00,50,43.350016,30.030449
WELL-008,2026-09-08 11:00:00,51,44.661929,29.955013
WELL-008,2026-09-08 11:00:00,52,45.96579,29.864901
WELL-008,2026-09-08 11:00:00,53,47.260012,29.761031
WELL-008,2026-09-08 11:00:00,54,48.543018,29.64506
WELL-008,2026-09-08 11:00:00,55,49.813244,29.519171
WELL-008,2026-09-08 11:00:00,56,51.069144,29.385769
WELL-008,2026-09-08 11:00:00,57,52.309187,29.247169
WELL-008,2026-09-08 11:00:00,58,53.531861,29.105281
WELL-008,2026-09-08 11:00:00,59,54.735679,28.961368
WELL-008,2026-09-08 11:00:00,60,55.919172,28.815905
WELL-008,2026-09-08 11:00:00,61,57.080899,28.668544
WELL-008,2026-09-08 11:00:00,62,58.219444,28.518213
WELL-008,2026-09-08 11:00:00,63,59.333422,28.363317
WELL-008,2026-09-08 11:00:00,64,60.421473,28.202022
WELL-008,2026-09-08 11:00:00,65,61.482273,28.032577
WELL-008,2026-09-08 11:00:00,66,62.514529,27.853616
WELL-008,2026-09-08 11:00:00,67,63.516983,27.664426
WELL-008,2026-09-08 11:00:00,68,64.488415,27.4651
WELL-008,2026-09-08 11:00:00,69,65.427641,27.256591
WELL-008,2026-09-08 11:00:00,70,66.333516,27.04063
WELL-008,2026-09-08 11:00:00,71,67.204936,26.819542
WELL-008,2026-09-08 11:00:00,72,68.040841,26.595969
WELL-008,2026-09-08 11:00:00,73,68.840211,26.372549
WELL-008,2026-09-08 11:00:00,74,69.602072,26.151597
WELL-008,2026-09-08 11:00:00,75,70.325498,25.934829
WELL-008,2026-09-08 11:00:00,76,71.009605,25.723178
WELL-008,2026-09-08 11:00:00,77,71.653561,25.516718
WELL-008,2026-09-08 11:00:00,78,72.256581,25.314713
WELL-008,2026-09-08 11:00:00,79,72.81793,25.115785
WELL-008,2026-09-08 11:00:00,80,73.336924,24.918167
WELL-008,2026-09-08 11:00:00,81,73.812932,24.720018
WELL-008,2026-09-08 11:00:00,82,74.245373,24.519739
WELL-008,2026-09-08 11:00:00,83,74.63372,24.316256
WELL-008,2026-09-08 11:00:00,84,74.977501,24.109221
WELL-008,2026-09-08 11:00:00,85,75.276295,23.899102
WELL-008,2026-09-08 11:00:00,86,75.52974,23.687157
WELL-008,2026-09-08 11:00:00,87,75.737527,23.475281
WELL-008,2026-09-08 11:00:00,88,75.899402,23.265762
WELL-008,2026-09-08 11:00:00,89,76.015168,23.060976
WELL-008,2026-09-08 11:00:00,90,76.084684,22.863058
WELL-008,2026-09-08 11:00:00,91,76.107865,22.673618
WELL-008,2026-09-08 11:00:00,92,76.084684,22.493514
WELL-008,2026-09-08 11:00:00,93,76.015168,22.322743
WELL-008,2026-09-08 11:00:00,94,75.899402,22.160444
WELL-008,2026-09-08 11:00:00,95,75.737527,22.005032
WELL-008,2026-09-08 11:00:00,96,75.52974,21.854429
WELL-008,2026-09-08 11:00:00,97,75.276295,21.706358
WELL-008,2026-09-08 11:00:00,98,74.977501,21.558676
WELL-008,2026-09-08 11:00:00,99,74.63372,21.409676
WELL-008,2026-09-08 11:00:00,100,74.245373,21.258323
WELL-008,2026-09-08 11:00:00,101,73.812932,21.104393
WELL-008,2026-09-08 11:00:00,102,73.336924,20.948493
WELL-008,2026-09-08 11:00:00,103,72.81793,20.791957
WELL-008,2026-09-08 11:00:00,104,72.256581,20.636633
WELL-008,2026-09-08 11:00:00,105,71.653561,20.484599
WELL-008,2026-09-08 11:00:00,106,71.009605,20.337843
WELL-008,2026-09-08 11:00:00,107,70.325498,20.197955
WELL-008,2026-09-08 11:00:00,108,69.602072,20.06588
WELL-008,2026-09-08 11:00:00,109,68.840211,19.941767
WELL-008,2026-09-08 11:00:00,110,68.040841,19.824926
WELL-008,2026-09-08 11:00:00,111,67.204936,19.713926
WELL-008,2026-09-08 11:00:00,112,66.333516,19.606783
WELL-008,2026-09-08 11:00:00,113,65.427641,19.501246
WELL-008,2026-09-08 11:00:00,114,64.488415,19.395117
WELL-008,2026-09-08 11:00:00,115,63.516983,19.286569
WELL-008,2026-09-08 11:00:00,116,62.514529,19.17441
WELL-008,2026-09-08 11:00:00,117,61.482273,19.058261
WELL-008,2026-09-08 11:00:00,118,60.421473,18.938616
WELL-008,2026-09-08 11:00:00,119,59.333422,18.81678
WELL-008,2026-09-08 11:00:00,120,58.219444,18.694696
WELL-008,2026-09-08 11:00:00,121,57.080899,18.57467
WELL-008,2026-09-08 11:00:00,122,55.919172,18.459066
WELL-008,2026-09-08 11:00:00,123,54.735679,18.349978
WELL-008,2026-09-08 11:00:00,124,53.531861,18.248953
WELL-008,2026-09-08 11:00:00,125,52.309187,18.156801
WELL-008,2026-09-08 11:00:00,126,51.069144,18.073507
WELL-008,2026-09-08 11:00:00,127,49.813244,17.998268
WELL-008,2026-09-08 11:00:00,128,48.543018,17.929656
WELL-008,2026-09-08 11:00:00,129,47.260012,17.865861
WELL-008,2026-09-08 11:00:00,130,45.96579,17.805004
WELL-008,2026-09-08 11:00:00,131,44.661929,17.745452
WELL-008,2026-09-08 11:00:00,132,43.350016,17.686109
WELL-008,2026-09-08 11:00:00,133,42.031652,17.626619
WELL-008,2026-09-08 11:00:00,134,40.708441,17.567472
WELL-008,2026-09-08 11:00:00,135,39.381996,17.509979
WELL-008,2026-09-08 11:00:00,136,38.053933,17.456135
WELL-008,2026-09-08 11:00:00,137,36.725869,17.408375
WELL-008,2026-09-08 11:00:00,138,35.399424,17.36927
WELL-008,2026-09-08 11:00:00,139,34.076213,17.341199
WELL-008,2026-09-08 11:00:00,140,32.757849,17.326051
WELL-008,2026-09-08 11:00:00,141,31.445936,17.32499
WELL-008,2026-09-08 11:00:00,142,30.142075,17.338333
WELL-008,2026-09-08 11:00:00,143,28.847853,17.365536
WELL-008,2026-09-08 11:00:00,144,27.564847,17.405313
WELL-008,2026-09-08 11:00:00,145,26.294621,17.455855
WELL-008,2026-09-08 11:00:00,146,25.038721,17.515122
WELL-008,2026-09-08 11:00:00,147,23.798678,17.581162
WELL-008,2026-09-08 11:00:00,148,22.576004,17.652418
WELL-008,2026-09-08 11:00:00,149,21.372186,17.72797
WELL-008,2026-09-08 11:00:00,150,20.188693,17.807677
WELL-008,2026-09-08 11:00:00,151,19.026966,17.892208
WELL-008,2026-09-08 11:00:00,152,17.888421,17.98294
WELL-008,2026-09-08 11:00:00,153,16.774444,18.081758
WELL-008,2026-09-08 11:00:00,154,15.686392,18.190769
WELL-008,2026-09-08 11:00:00,155,14.625592,18.311981
WELL-008,2026-09-08 11:00:00,156,13.593336,18.446993
WELL-008,2026-09-08 11:00:00,157,12.590882,18.596733
WELL-008,2026-09-08 11:00:00,158,11.61945,18.761299
WELL-008,2026-09-08 11:00:00,159,10.680224,18.93991
WELL-008,2026-09-08 11:00:00,160,9.774349,19.130978
WELL-008,2026-09-08 11:00:00,161,8.902929,19.332299
WELL-008,2026-09-08 11:00:00,162,8.067024,19.54133
WELL-008,2026-09-08 11:00:00,163,7.267654,19.755501
WELL-008,2026-09-08 11:00:00,164,6.505793,19.972545
WELL-008,2026-09-08 11:00:00,165,5.782367,20.190762
WELL-008,2026-09-08 11:00:00,166,5.09826,20.409214
WELL-008,2026-09-08 11:00:00,167,4.454304,20.627793
WELL-008,2026-09-08 11:00:00,168,3.851285,20.847175
WELL-008,2026-09-08 11:00:00,169,3.289935,21.068656
WELL-008,2026-09-08 11:00:00,170,2.770941,21.293891
WELL-008,2026-09-08 11:00:00,171,2.294933,21.524588
WELL-008,2026-09-08 11:00:00,172,1.862492,21.762185
WELL-008,2026-09-08 11:00:00,173,1.474145,22.007577
WELL-008,2026-09-08 11:00:00,174,1.130364,22.260907
WELL-008,2026-09-08 11:00:00,175,0.83157,22.521479
WELL-008,2026-09-08 11:00:00,176,0.578125,22.787793
WELL-008,2026-09-08 11:00:00,177,0.370338,23.057686
WELL-008,2026-09-08 11:00:00,178,0.208463,23.328589
WELL-008,2026-09-08 11:00:00,179,0.092697,23.597827
WELL-008,2026-09-08 11:00:00,180,0.023181,23.86295
WELL-008,2026-09-08 11:00:00,181,0.0,24.122022
WELL-008,2026-09-11 11:00:00,1,0.0,24.136548
WELL-008,2026-09-11 11:00:00,2,0.02346,24.395172
WELL-008,2026-09-11 11:00:00,3,0.09381,24.646323
WELL-008,2026-09-11 11:00:00,4,0.210965,24.890491
WELL-008,2026-09-11 11:00:00,5,0.374782,25.128891
WELL-008,2026-09-11 11:00:00,6,0.585062,25.363223
WELL-008,2026-09-11 11:00:00,7,0.841549,25.59538
WELL-008,2026-09-11 11:00:00,8,1.143929,25.827124
WELL-008,2026-09-11 11:00:00,9,1.491835,26.05978
WELL-008,2026-09-11 11:00:00,10,1.884842,26.294001
WELL-008,2026-09-11 11:00:00,11,2.322472,26.529636
WELL-008,2026-09-11 11:00:00,12,2.804192,26.765707
WELL-008,2026-09-11 11:00:00,13,3.329415,27.000517
WELL-008,2026-09-11 11:00:00,14,3.8975,27.231865
WELL-008,2026-09-11 11:00:00,15,4.507756,27.457331
WELL-008,2026-09-11 11:00:00,16,5.159439,27.674597
WELL-008,2026-09-11 11:00:00,17,5.851756,27.881757
WELL-008,2026-09-11 11:00:00,18,6.583862,28.077566
WELL-008,2026-09-11 11:00:00,19,7.354866,28.261595
WELL-008,2026-09-11 11:00:00,20,8.163829,28.434266
WELL-008,2026-09-11 11:00:00,21,9.009764,28.596769
WELL-008,2026-09-11 11:00:00,22,9.891642,28.750864
WELL-008,2026-09-11 11:00:00,23,10.808387,28.8986
WELL-008,2026-09-11 11:00:00,24,11.758883,29.041996
WELL-008,2026-09-11 11:00:00,25,12.741972,29.182725
WELL-008,2026-09-11 11:00:00,26,13.756456,29.32185
WELL-008,2026-09-11 11:00:00,27,14.801099,29.459644
WELL-008,2026-09-11 11:00:00,28,15.874629,29.595534
WELL-008,2026-09-11 11:00:00,29,16.975737,29.728159
WELL-008,2026-09-11 11:00:00,30,18.103082,29.855552
WELL-008,2026-09-11 11:00:00,31,19.25529,29.975403
WELL-008,2026-09-11 11:00:00,32,20.430958,30.085375
WELL-008,2026-09-11 11:00:00,33,21.628653,30.183426
WELL-008,2026-09-11 11:00:00,34,22.846916,30.268082
WELL-008,2026-09-11 11:00:00,35,24.084263,30.338639
WELL-008,2026-09-11 11:00:00,36,25.339186,30.395238
WELL-008,2026-09-11 11:00:00,37,26.610156,30.438833
WELL-008,2026-09-11 11:00:00,38,27.895625,30.471027
WELL-008,2026-09-11 11:00:00,39,29.194027,30.493828
WELL-008,2026-09-11 11:00:00,40,30.50378,30.509335
WELL-008,2026-09-11 11:00:00,41,31.823288,30.519418
WELL-008,2026-09-11 11:00:00,42,33.150943,30.525434
WELL-008,2026-09-11 11:00:00,43,34.485128,30.528015
WELL-008,2026-09-11 11:00:00,44,35.824217,30.526966
WELL-008,2026-09-11 11:00:00,45,37.16658,30.521282
WELL-008,2026-09-11 11:00:00,46,38.51058,30.509293
WELL-008,2026-09-11 11:00:00,47,39.85458,30.488898
WELL-008,2026-09-11 11:00:00,48,41.196942,30.457871
WELL-008,2026-09-11 11:00:00,49,42.536031,30.414186
WELL-008,2026-09-11 11:00:00,50,43.870217,30.356317
WELL-008,2026-09-11 11:00:00,51,45.197872,30.283463
WELL-008,2026-09-11 11:00:00,52,46.517379,30.19568
WELL-008,2026-09-11 11:00:00,53,47.827132,30.09388
WELL-008,2026-09-11 11:00:00,54,49.125534,29.979722
WELL-008,2026-09-11 11:00:00,55,50.411003,29.855382
WELL-008,2026-09-11 11:00:00,56,51.681974,29.723268
WELL-008,2026-09-11 11:00:00,57,52.936897,29.58569
WELL-008,2026-09-11 11:00:00,58,54.174244,29.444557
WELL-008,2026-09-11 11:00:00,59,55.392507,29.301133
WELL-008,2026-09-11 11:00:00,60,56.590202,29.155891
WELL-008,2026-09-11 11:00:00,61,57.76587,29.008483
WELL-008,2026-09-11 11:00:00,62,58.918078,28.857836
WELL-008,2026-09-11 11:00:00,63,60.045423,28.702357
WELL-008,2026-09-11 11:00:00,64,61.146531,28.540214
WELL-008,2026-09-11 11:00:00,65,62.22006,28.369652
WELL-008,2026-09-11 11:00:00,66,63.264703,28.189312
WELL-008,2026-09-11 11:00:00,67,64.279187,27.99848
WELL-008,2026-09-11 11:00:00,68,65.262276,27.79725
WELL-008,2026-09-11 11:00:00,69,66.212772,27.586578
WELL-008,2026-09-11 11:00:00,70,67.129518,27.3682
WELL-008,2026-09-11 11:00:00,71,68.011395,27.144441
WELL-008,2026-09-11 11:00:00,72,68.857331,26.917948
WELL-008,2026-09-11 11:00:00,73,69.666293,26.691362
WELL-008,2026-09-11 11:00:00,74,70.437297,26.467001
WELL-008,2026-09-11 11:00:00,75,71.169404,26.246586
WELL-008,2026-09-11 11:00:00,76,71.86172,26.031055
WELL-008,2026-09-11 11:00:00,77,72.513403,25.820485
WELL-008,2026-09-11 11:00:00,78,73.123659,25.614148
WELL-008,2026-09-11 11:00:00,79,73.691745,25.410668
WELL-008,2026-09-11 11:00:00,80,74.216967,25.208285
WELL-008,2026-09-11 11:00:00,81,74.698687,25.005164
WELL-008,2026-09-11 11:00:00,82,75.136317,24.799712
WELL-008,2026-09-11 11:00:00,83,75.529325,24.590861
WELL-008,2026-09-11 11:00:00,84,75.877231,24.378269
WELL-008,2026-09-11 11:00:00,85,76.179611,24.162412
WELL-008,2026-09-11 11:00:00,86,76.436097,23.944554
WELL-008,2026-09-11 11:00:00,87,76.646377,23.726598
WELL-008,2026-09-11 11:00:00,88,76.810194,23.510839
WELL-008,2026-09-11 11:00:00,89,76.92735,23.29966
WELL-008,2026-09-11 11:00:00,90,76.9977,23.095206
WELL-008,2026-09-11 11:00:00,91,77.021159,22.899092
WELL-008,2026-09-11 11:00:00,92,76.9977,22.712186
WELL-008,2026-09-11 11:00:00,93,76.92735,22.534492
WELL-008,2026-09-11 11:00:00,94,76.810194,22.365158
WELL-008,2026-09-11 11:00:00,95,76.646377,22.20261
WELL-008,2026-09-11 11:00:00,96,76.436097,22.044774
WELL-008,2026-09-11 11:00:00,97,76.179611,21.889385
WELL-008,2026-09-11 11:00:00,98,75.877231,21.734309
WELL-008,2026-09-11 11:00:00,99,75.529325,21.577847
WELL-008,2026-09-11 11:00:00,100,75.136317,21.418973
WELL-008,2026-09-11 11:00:00,101,74.698687,21.257472
WELL-008,2026-09-11 11:00:00,102,74.216967,21.093962
WELL-008,2026-09-11 11:00:00,103,73.691745,20.929784
WELL-008,2026-09-11 11:00:00,104,73.123659,20.766796
WELL-008,2026-09-11 11:00:00,105,72.513403,20.607087
WELL-008,2026-09-11 11:00:00,106,71.86172,20.452652
WELL-008,2026-09-11 11:00:00,107,71.169404,20.305091
WELL-008,2026-09-11 11:00:00,108,70.437297,20.16536
WELL-008,2026-09-11 11:00:00,109,69.666293,20.033614
WELL-008,2026-09-11 11:00:00,110,68.857331,19.909176
WELL-008,2026-09-11 11:00:00,111,68.011395,19.790622
WELL-008,2026-09-11 11:00:00,112,67.129518,19.675977
WELL-008,2026-09-11 11:00:00,113,66.212772,19.563001
WELL-008,2026-09-11 11:00:00,114,65.262276,19.449504
WELL-008,2026-09-11 11:00:00,115,64.279187,19.333667
WELL-008,2026-09-11 11:00:00,116,63.264703,19.214309
WELL-008,2026-09-11 11:00:00,117,62.22006,19.091057
WELL-008,2026-09-11 11:00:00,118,61.146531,18.964416
WELL-008,2026-09-11 11:00:00,119,60.045423,18.8357
WELL-008,2026-09-11 11:00:00,120,58.918078,18.706857
WELL-008,2026-09-11 11:00:00,121,57.76587,18.580205
WELL-008,2026-09-11 11:00:00,122,56.590202,18.458114
WELL-008,2026-09-11 11:00:00,123,55.392507,18.342686
WELL-008,2026-09-11 11:00:00,124,54.174244,18.235476
WELL-008,2026-09-11 11:00:00,125,52.936897,18.137303
WELL-008,2026-09-11 11:00:00,126,51.681974,18.048156
WELL-008,2026-09-11 11:00:00,127,50.411003,17.967242
WELL-008,2026-09-11 11:00:00,128,49.125534,17.893139
WELL-008,2026-09-11 11:00:00,129,47.827132,17.824044
WELL-008,2026-09-11 11:00:00,130,46.517379,17.758084
WELL-008,2026-09-11 11:00:00,131,45.197872,17.693632
WELL-008,2026-09-11 11:00:00,132,43.870217,17.629598
WELL-008,2026-09-11 11:00:00,133,42.536031,17.565633
WELL-008,2026-09-11 11:00:00,134,41.196942,17.502231
WELL-008,2026-09-11 11:00:00,135,39.85458,17.44071
WELL-008,2026-09-11 11:00:00,136,38.51058,17.383067
WELL-008,2026-09-11 11:00:00,137,37.16658,17.331744
WELL-008,2026-09-11 11:00:00,138,35.824217,17.289315
WELL-008,2026-09-11 11:00:00,139,34.485128,17.258164
WELL-008,2026-09-11 11:00:00,140,33.150943,17.240182
WELL-008,2026-09-11 11:00:00,141,31.823288,17.23654
WELL-008,2026-09-11 11:00:00,142,30.50378,17.247555
WELL-008,2026-09-11 11:00:00,143,29.194027,17.272686
WELL-008,2026-09-11 11:00:00,144,27.895625,17.310651
WELL-008,2026-09-11 11:00:00,145,26.610156,17.359644
WELL-008,2026-09-11 11:00:00,146,25.339186,17.417623
WELL-008,2026-09-11 11:00:00,147,24.084263,17.482641
WELL-008,2026-09-11 11:00:00,148,22.846916,17.553142
WELL-008,2026-09-11 11:00:00,149,21.628653,17.628205
WELL-008,2026-09-11 11:00:00,150,20.430958,17.707691
WELL-008,2026-09-11 11:00:00,151,19.25529,17.792269
WELL-008,2026-09-11 11:00:00,152,18.103082,17.883316
WELL-008,2026-09-11 11:00:00,153,16.975737,17.982717
WELL-008,2026-09-11 11:00:00,154,15.874629,18.092578
WELL-008,2026-09-11 11:00:00,155,14.801099,18.214906
WELL-008,2026-09-11 11:00:00,156,13.756456,18.351297
WELL-008,2026-09-11 11:00:00,157,12.741972,18.502679
WELL-008,2026-09-11 11:00:00,158,11.758883,18.669149
WELL-008,2026-09-11 11:00:00,159,10.808387,18.849922
WELL-008,2026-09-11 11:00:00,160,9.891642,19.043408
WELL-008,2026-09-11 11:00:00,161,9.009764,19.2474
WELL-008,2026-09-11 11:00:00,162,8.163829,19.459351
WELL-008,2026-09-11 11:00:00,163,7.354866,19.676688
WELL-008,2026-09-11 11:00:00,164,6.583862,19.897141
WELL-008,2026-09-11 11:00:00,165,5.851756,20.119005
WELL-008,2026-09-11 11:00:00,166,5.159439,20.341337
WELL-008,2026-09-11 11:00:00,167,4.507756,20.564025
WELL-008,2026-09-11 11:00:00,168,3.8975,20.787741
WELL-008,2026-09-11 11:00:00,169,3.329415,21.013773
WELL-008,2026-09-11 11:00:00,170,2.804192,21.243773
WELL-008,2026-09-11 11:00:00,171,2.322472,21.479442
WELL-008,2026-09-11 11:00:00,172,1.884842,21.722213
WELL-008,2026-09-11 11:00:00,173,1.491835,21.972973
WELL-008,2026-09-11 11:00:00,174,1.143929,22.231859
WELL-008,2026-09-11 11:00:00,175,0.841549,22.49817
WELL-008,2026-09-11 11:00:00,176,0.585062,22.770396
WELL-008,2026-09-11 11:00:00,177,0.374782,23.046369
WELL-008,2026-09-11 11:00:00,178,0.210965,23.323512
WELL-008,2026-09-11 11:00:00,179,0.09381,23.599143
WELL-008,2026-09-11 11:00:00,180,0.02346,23.870803
WELL-008,2026-09-11 11:00:00,181,0.0,24.136548
WELL-009,2026-09-09 08:00:00,1,0.0,24.200756
WELL-009,2026-09-09 08:00:00,2,0.023912,24.450495
WELL-009,2026-09-09 08:00:00,3,0.095619,24.692995
WELL-009,2026-09-09 08:00:00,4,0.215034,24.929143
WELL-009,2026-09-09 08:00:00,5,0.38201,25.160439
WELL-009,2026-09-09 08:00:00,6,0.596346,25.388723
WELL-009,2026-09-09 08:00:00,7,0.857779,25.615857
WELL-009,2026-09-09 08:00:00,8,1.165991,25.843407
WELL-009,2026-09-09 08:00:00,9,1.520606,26.072374
WELL-009,2026-09-09 08:00:00,10,1.921193,26.303
WELL-009,2026-09-09 08:00:00,11,2.367264,26.534696
WELL-009,2026-09-09 08:00:00,12,2.858274,26.766091
WELL-009,2026-09-09 08:00:00,13,3.393626,26.995194
WELL-009,2026-09-09 08:00:00,14,3.972668,27.219653
WELL-009,2026-09-09 08:00:00,15,4.594693,27.437061
WELL-009,2026-09-09 08:00:00,16,5.258945,27.645285
WELL-009,2026-09-09 08:00:00,17,5.964614,27.842738
WELL-009,2026-09-09 08:00:00,18,6.710839,28.028594
WELL-009,2026-09-09 08:00:00,19,7.496713,28.202874
WELL-009,2026-09-09 08:00:00,20,8.321277,28.366426
WELL-009,2026-09-09 08:00:00,21,9.183528,28.52077
WELL-009,2026-09-09 08:00:00,22,10.082413,28.667864
WELL-009,2026-09-09 08:00:00,23,11.016839,28.809789
WELL-009,2026-09-09 08:00:00,24,11.985667,28.948428
WELL-009,2026-09-09 08:00:00,25,12.987716,29.085172
WELL-009,2026-09-09 08:00:00,26,14.021765,29.220696
WELL-009,2026-09-09 08:00:00,27,15.086555,29.354839
WELL-009,2026-09-09 08:00:00,28,16.180789,29.486611
WELL-009,2026-09-09 08:00:00,29,17.303133,29.614315
WELL-009,2026-09-09 08:00:00,30,18.45222,29.735776
WELL-009,2026-09-09 08:00:00,31,19.62665,29.848636
WELL-009,2026-09-09 08:00:00,32,20.824992,29.950681
WELL-009,2026-09-09 08:00:00,33,22.045786,30.040141
WELL-009,2026-09-09 08:00:00,34,23.287544,30.115934
WELL-009,2026-09-09 08:00:00,35,24.548755,30.177798
WELL-009,2026-09-09 08:00:00,36,25.827881,30.226314
WELL-009,2026-09-09 08:00:00,37,27.123363,30.262807
WELL-009,2026-09-09 08:00:00,38,28.433624,30.28913
WELL-009,2026-09-09 08:00:00,39,29.757067,30.307381
WELL-009,2026-09-09 08:00:00,40,31.09208,30.31958
WELL-009,2026-09-09 08:00:00,41,32.437036,30.327365
WELL-009,2026-09-09 08:00:00,42,33.790296,30.331732
WELL-009,2026-09-09 08:00:00,43,35.150213,30.332889
WELL-009,2026-09-09 08:00:00,44,36.515128,30.330205
WELL-009,2026-09-09 08:00:00,45,37.883379,30.322303
WELL-009,2026-09-09 08:00:00,46,39.2533,30.307247
WELL-009,2026-09-09 08:00:00,47,40.62322,30.282828
WELL-009,2026-09-09 08:00:00,48,41.991472,30.246878
WELL-009,2026-09-09 08:00:00,49,43.356387,30.197588
WELL-009,2026-09-09 08:00:00,50,44.716303,30.133782
WELL-009,2026-09-09 08:00:00,51,46.069564,30.055087
WELL-009,2026-09-09 08:00:00,52,47.41452,29.962004
WELL-009,2026-09-09 08:00:00,53,48.749533,29.855846
WELL-009,2026-09-09 08:00:00,54,50.072976,29.738563
WELL-009,2026-09-09 08:00:00,55,51.383237,29.612481
WELL-009,2026-09-09 08:00:00,56,52.678719,29.479986
WELL-009,2026-09-09 08:00:00,57,53.957845,29.343204
WELL-009,2026-09-09 08:00:00,58,55.219055,29.203721
WELL-009,2026-09-09 08:00:00,59,56.460814,29.062388
WELL-009,2026-09-09 08:00:00,60,57.681608,28.919235
WELL-009,2026-09-09 08:00:00,61,58.87995,28.773508
WELL-009,2026-09-09 08:00:00,62,60.05438,28.623818
WELL-009,2026-09-09 08:00:00,63,61.203467,28.468401
WELL-009,2026-09-09 08:00:00,64,62.325811,28.305413
WELL-009,2026-09-09 08:00:00,65,63.420044,28.133262
WELL-009,2026-09-09 08:00:00,66,64.484835,27.950888
WELL-009,2026-09-09 08:00:00,67,65.518884,27.757978
WELL-009,2026-09-09 08:00:00,68,66.520933,27.55507
WELL-009,2026-09-09 08:00:00,69,67.489761,27.343536
WELL-009,2026-09-09 08:00:00,70,68.424186,27.125447
WELL-009,2026-09-09 08:00:00,71,69.323072,26.903328
WELL-009,2026-09-09 08:00:00,72,70.185322,26.679862
WELL-009,2026-09-09 08:00:00,73,71.009886,26.457558
WELL-009,2026-09-09 08:00:00,74,71.79576,26.238453
WELL-009,2026-09-09 08:00:00,75,72.541986,26.023876
WELL-009,2026-09-09 08:00:00,76,73.247655,25.814321
WELL-009,2026-09-09 08:00:00,77,73.911906,25.609434
WELL-009,2026-09-09 08:00:00,78,74.533932,25.408126
WELL-009,2026-09-09 08:00:00,79,75.112974,25.20879
WELL-009,2026-09-09 08:00:00,80,75.648326,25.009591
WELL-009,2026-09-09 08:00:00,81,76.139336,24.808787
WELL-009,2026-09-09 08:00:00,82,76.585406,24.605036
WELL-009,2026-09-09 08:00:00,83,76.985993,24.397637
WELL-009,2026-09-09 08:00:00,84,77.340609,24.186677
WELL-009,2026-09-09 08:00:00,85,77.648821,23.973063
WELL-009,2026-09-09 08:00:00,86,77.910254,23.758426
WELL-009,2026-09-09 08:00:00,87,78.124589,23.544917
WELL-009,2026-09-09 08:00:00,88,78.291566,23.334926
WELL-009,2026-09-09 08:00:00,89,78.410981,23.130759
WELL-009,2026-09-09 08:00:00,90,78.482688,22.934327
WELL-009,2026-09-09 08:00:00,91,78.5066,22.746884
WELL-009,2026-09-09 08:00:00,92,78.482688,22.568863
WELL-009,2026-09-09 08:00:00,93,78.410981,22.399819
WELL-009,2026-09-09 08:00:00,94,78.291566,22.238506
WELL-009,2026-09-09 08:00:00,95,78.124589,22.083061
WELL-009,2026-09-09 08:00:00,96,77.910254,21.931274
WELL-009,2026-09-09 08:00:00,97,77.648821,21.780909
WELL-009,2026-09-09 08:00:00,98,77.340609,21.630026
WELL-009,2026-09-09 08:00:00,99,76.985993,21.477253
WELL-009,2026-09-09 08:00:00,100,76.585406,21.321974
WELL-009,2026-09-09 08:00:00,101,76.139336,21.164412
WELL-009,2026-09-09 08:00:00,102,75.648326,21.005577
WELL-009,2026-09-09 08:00:00,103,75.112974,20.847107
WELL-009,2026-09-09 08:00:00,104,74.533932,20.691009
WELL-009,2026-09-09 08:00:00,105,73.911906,20.539356
WELL-009,2026-09-09 08:00:00,106,73.247655,20.393964
WELL-009,2026-09-09 08:00:00,107,72.541986,20.25611
WELL-009,2026-09-09 08:00:00,108,71.79576,20.126332
WELL-009,2026-09-09 08:00:00,109,71.009886,20.004334
WELL-009,2026-09-09 08:00:00,110,70.185322,19.889016
WELL-009,2026-09-09 08:00:00,111,69.323072,19.77862
WELL-009,2026-09-09 08:00:00,112,68.424186,19.670977
WELL-009,2026-09-09 08:00:00,113,67.489761,19.563811
WELL-009,2026-09-09 08:00:00,114,66.520933,19.455071
WELL-009,2026-09-09 08:00:00,115,65.518884,19.34322
WELL-009,2026-09-09 08:00:00,116,64.484835,19.227463
WELL-009,2026-09-09 08:00:00,117,63.420044,19.107862
WELL-009,2026-09-09 08:00:00,118,62.325811,18.985339
WELL-009,2026-09-09 08:00:00,119,61.203467,18.861544
WELL-009,2026-09-09 08:00:00,120,60.05438,18.738634
WELL-009,2026-09-09 08:00:00,121,58.87995,18.618973
WELL-009,2026-09-09 08:00:00,122,57.681608,18.504809
WELL-009,2026-09-09 08:00:00,123,56.460814,18.39797
WELL-009,2026-09-09 08:00:00,124,55.219055,18.299625
WELL-009,2026-09-09 08:00:00,125,53.957845,18.210144
WELL-009,2026-09-09 08:00:00,126,52.678719,18.12908
WELL-009,2026-09-09 08:00:00,127,51.383237,18.055268
WELL-009,2026-09-09 08:00:00,128,50.072976,17.987037
WELL-009,2026-09-09 08:00:00,129,48.749533,17.922492
WELL-009,2026-09-09 08:00:00,130,47.41452,17.859838
WELL-009,2026-09-09 08:00:00,131,46.069564,17.797686
WELL-009,2026-09-09 08:00:00,132,44.716303,17.735301
WELL-009,2026-09-09 08:00:00,133,43.356387,17.67276
WELL-009,2026-09-09 08:00:00,134,41.991472,17.610992
WELL-009,2026-09-09 08:00:00,135,40.62322,17.551689
WELL-009,2026-09-09 08:00:00,136,39.2533,17.497113
WELL-009,2026-09-09 08:00:00,137,37.883379,17.449813
WELL-009,2026-09-09 08:00:00,138,36.515128,17.412308
WELL-009,2026-09-09 08:00:00,139,35.150213,17.386762
WELL-009,2026-09-09 08:00:00,140,33.790296,17.374717
WELL-009,2026-09-09 08:00:00,141,32.437036,17.376916
WELL-009,2026-09-09 08:00:00,142,31.09208,17.39323
WELL-009,2026-09-09 08:00:00,143,29.757067,17.422721
WELL-009,2026-09-09 08:00:00,144,28.433624,17.463811
WELL-009,2026-09-09 08:00:00,145,27.123363,17.514545
WELL-009,2026-09-09 08:00:00,146,25.827881,17.572906
WELL-009,2026-09-09 08:00:00,147,24.548755,17.637128
WELL-009,2026-09-09 08:00:00,148,23.287544,17.705978
WELL-009,2026-09-09 08:00:00,149,22.045786,17.77895
WELL-009,2026-09-09 08:00:00,150,20.824992,17.856347
WELL-009,2026-09-09 08:00:00,151,19.62665,17.939244
WELL-009,2026-09-09 08:00:00,152,18.45222,18.029334
WELL-009,2026-09-09 08:00:00,153,17.303133,18.128674
WELL-009,2026-09-09 08:00:00,154,16.180789,18.239378
WELL-009,2026-09-09 08:00:00,155,15.086555,18.363296
WELL-009,2026-09-09 08:00:00,156,14.021765,18.501721
WELL-009,2026-09-09 08:00:00,157,12.987716,18.655181
WELL-009,2026-09-09 08:00:00,158,11.985667,18.82333
WELL-009,2026-09-09 08:00:00,159,11.016839,19.004964
WELL-009,2026-09-09 08:00:00,160,10.082413,19.198161
WELL-009,2026-09-09 08:00:00,161,9.183528,19.400513
WELL-009,2026-09-09 08:00:00,162,8.321277,19.609437
WELL-009,2026-09-09 08:00:00,163,7.496713,19.822492
WELL-009,2026-09-09 08:00:00,164,6.710839,20.037689
WELL-009,2026-09-09 08:00:00,165,5.964614,20.253715
WELL-009,2026-09-09 08:00:00,166,5.258945,20.47007
WELL-009,2026-09-09 08:00:00,167,4.594693,20.687076
WELL-009,2026-09-09 08:00:00,168,3.972668,20.905762
WELL-009,2026-09-09 08:00:00,169,3.393626,21.127651
WELL-009,2026-09-09 08:00:00,170,2.858274,21.354467
WELL-009,2026-09-09 08:00:00,171,2.367264,21.587818
WELL-009,2026-09-09 08:00:00,172,1.921193,21.828889
WELL-009,2026-09-09 08:00:00,173,1.520606,22.078197
WELL-009,2026-09-09 08:00:00,174,1.165991,22.335451
WELL-009,2026-09-09 08:00:00,175,0.857779,22.599518
WELL-009,2026-09-09 08:00:00,176,0.596346,22.868524
WELL-009,2026-09-09 08:00:00,177,0.38201,23.14005
WELL-009,2026-09-09 08:00:00,178,0.215034,23.411426
WELL-009,2026-09-09 08:00:00,179,0.095619,23.680044
WELL-009,2026-09-09 08:00:00,180,0.023912,23.943682
WELL-009,2026-09-09 08:00:00,181,0.0,24.200756
WELL-009,2026-09-12 08:00:00,1,0.0,24.215282
WELL-009,2026-09-12 08:00:00,2,0.024199,24.471824
WELL-009,2026-09-12 08:00:00,3,0.096766,24.721246
WELL-009,2026-09-12 08:00:00,4,0.217614,24.964429
WELL-009,2026-09-12 08:00:00,5,0.386595,25.202862
WELL-009,2026-09-12 08:00:00,6,0.603502,25.438378
WELL-009,2026-09-12 08:00:00,7,0.868072,25.672829
WELL-009,2026-09-12 08:00:00,8,1.179983,25.907774
WELL-009,2026-09-12 08:00:00,9,1.538854,26.144203
WELL-009,2026-09-12 08:00:00,10,1.944248,26.38235
WELL-009,2026-09-12 08:00:00,11,2.395671,26.621616
WELL-009,2026-09-12 08:00:00,12,2.892573,26.860622
WELL-009,2026-09-12 08:00:00,13,3.43435,27.097367
WELL-009,2026-09-12 08:00:00,14,4.02034,27.329489
WELL-009,2026-09-12 08:00:00,15,4.64983,27.554574
WELL-009,2026-09-12 08:00:00,16,5.322052,27.770476
WELL-009,2026-09-12 08:00:00,17,6.036189,27.975602
WELL-009,2026-09-12 08:00:00,18,6.791369,28.169115
WELL-009,2026-09-12 08:00:00,19,7.586674,28.351027
WELL-009,2026-09-12 08:00:00,20,8.421133,28.522176
WELL-009,2026-09-12 08:00:00,21,9.29373,28.684075
WELL-009,2026-09-12 08:00:00,22,10.203402,28.83867
WELL-009,2026-09-12 08:00:00,23,11.149041,28.988034
WELL-009,2026-09-12 08:00:00,24,12.129495,29.134042
WELL-009,2026-09-12 08:00:00,25,13.143568,29.278074
WELL-009,2026-09-12 08:00:00,26,14.190026,29.420798
WELL-009,2026-09-12 08:00:00,27,15.267594,29.562043
WELL-009,2026-09-12 08:00:00,28,16.374959,29.700811
WELL-009,2026-09-12 08:00:00,29,17.510771,29.835396
WELL-009,2026-09-12 08:00:00,30,18.673647,29.963614
WELL-009,2026-09-12 08:00:00,31,19.86217,30.083101
WELL-009,2026-09-12 08:00:00,32,21.074892,30.191633
WELL-009,2026-09-12 08:00:00,33,22.310335,30.287433
WELL-009,2026-09-12 08:00:00,34,23.566995,30.369411
WELL-009,2026-09-12 08:00:00,35,24.84334,30.437296
WELL-009,2026-09-12 08:00:00,36,26.137815,30.491665
WELL-009,2026-09-12 08:00:00,37,27.448843,30.533833
WELL-009,2026-09-12 08:00:00,38,28.774828,30.565647
WELL-009,2026-09-12 08:00:00,39,30.114152,30.589198
WELL-009,2026-09-12 08:00:00,40,31.465185,30.6065
WELL-009,2026-09-12 08:00:00,41,32.82628,30.619184
WELL-009,2026-09-12 08:00:00,42,34.19578,30.628243
WELL-009,2026-09-12 08:00:00,43,35.572015,30.633874
WELL-009,2026-09-12 08:00:00,44,36.95331,30.635445
WELL-009,2026-09-12 08:00:00,45,38.33798,30.631572
WELL-009,2026-09-12 08:00:00,46,39.724339,30.620316
WELL-009,2026-09-12 08:00:00,47,41.110699,30.59946
WELL-009,2026-09-12 08:00:00,48,42.495369,30.566833
WELL-009,2026-09-12 08:00:00,49,43.876664,30.520624
WELL-009,2026-09-12 08:00:00,50,45.252899,30.459651
WELL-009,2026-09-12 08:00:00,51,46.622399,30.383538
WELL-009,2026-09-12 08:00:00,52,47.983494,30.292783
WELL-009,2026-09-12 08:00:00,53,49.334527,30.188695
WELL-009,2026-09-12 08:00:00,54,50.673851,30.073224
WELL-009,2026-09-12 08:00:00,55,51.999835,29.948693
WELL-009,2026-09-12 08:00:00,56,53.310864,29.817485
WELL-009,2026-09-12 08:00:00,57,54.605339,29.681724
WELL-009,2026-09-12 08:00:00,58,55.881684,29.542997
WELL-009,2026-09-12 08:00:00,59,57.138344,29.402153
WELL-009,2026-09-12 08:00:00,60,58.373787,29.259221
WELL-009,2026-09-12 08:00:00,61,59.586509,29.113446
WELL-009,2026-09-12 08:00:00,62,60.775032,28.963442
WELL-009,2026-09-12 08:00:00,63,61.937908,28.807442
WELL-009,2026-09-12 08:00:00,64,63.07372,28.643605
WELL-009,2026-09-12 08:00:00,65,64.181085,28.470338
WELL-009,2026-09-12 08:00:00,66,65.258653,28.286584
WELL-009,2026-09-12 08:00:00,67,66.305111,28.092031
WELL-009,2026-09-12 08:00:00,68,67.319184,27.887219
WELL-009,2026-09-12 08:00:00,69,68.299638,27.673524
WELL-009,2026-09-12 08:00:00,70,69.245277,27.453017
WELL-009,2026-09-12 08:00:00,71,70.154949,27.228227
WELL-009,2026-09-12 08:00:00,72,71.027546,27.001841
WELL-009,2026-09-12 08:00:00,73,71.862005,26.77637
WELL-009,2026-09-12 08:00:00,74,72.657309,26.553856
WELL-009,2026-09-12 08:00:00,75,73.41249,26.335633
WELL-009,2026-09-12 08:00:00,76,74.126627,26.122198
WELL-009,2026-09-12 08:00:00,77,74.798849,25.913202
WELL-009,2026-09-12 08:00:00,78,75.428339,25.707561
WELL-009,2026-09-12 08:00:00,79,76.014329,25.503673
WELL-009,2026-09-12 08:00:00,80,76.556106,25.299709
WELL-009,2026-09-12 08:00:00,81,77.053008,25.093933
WELL-009,2026-09-12 08:00:00,82,77.504431,24.885009
WELL-009,2026-09-12 08:00:00,83,77.909825,24.672241
WELL-009,2026-09-12 08:00:00,84,78.268696,24.455725
WELL-009,2026-09-12 08:00:00,85,78.580607,24.236373
WELL-009,2026-09-12 08:00:00,86,78.845177,24.015823
WELL-009,2026-09-12 08:00:00,87,79.062084,23.796234
WELL-009,2026-09-12 08:00:00,88,79.231065,23.580003
WELL-009,2026-09-12 08:00:00,89,79.351912,23.369443
WELL-009,2026-09-12 08:00:00,90,79.42448,23.166474
WELL-009,2026-09-12 08:00:00,91,79.448679,22.972358
WELL-009,2026-09-12 08:00:00,92,79.42448,22.787534
WELL-009,2026-09-12 08:00:00,93,79.351912,22.611568
WELL-009,2026-09-12 08:00:00,94,79.231065,22.443221
WELL-009,2026-09-12 08:00:00,95,79.062084,22.280638
WELL-009,2026-09-12 08:00:00,96,78.845177,22.121619
WELL-009,2026-09-12 08:00:00,97,78.580607,21.963937
WELL-009,2026-09-12 08:00:00,98,78.268696,21.805659
WELL-009,2026-09-12 08:00:00,99,77.909825,21.645424
WELL-009,2026-09-12 08:00:00,100,77.504431,21.482624
WELL-009,2026-09-12 08:00:00,101,77.053008,21.317492
WELL-009,2026-09-12 08:00:00,102,76.556106,21.151046
WELL-009,2026-09-12 08:00:00,103,76.014329,20.984934
WELL-009,2026-09-12 08:00:00,104,75.428339,20.821172
WELL-009,2026-09-12 08:00:00,105,74.798849,20.661844
WELL-009,2026-09-12 08:00:00,106,74.126627,20.508772
WELL-009,2026-09-12 08:00:00,107,73.41249,20.363246
WELL-009,2026-09-12 08:00:00,108,72.657309,20.225811
WELL-009,2026-09-12 08:00:00,109,71.862005,20.096182
WELL-009,2026-09-12 08:00:00,110,71.027546,19.973266
WELL-009,2026-09-12 08:00:00,111,70.154949,19.855316
WELL-009,2026-09-12 08:00:00,112,69.245277,19.740171
WELL-009,2026-09-12 08:00:00,113,68.299638,19.625566
WELL-009,2026-09-12 08:00:00,114,67.319184,19.509458
WELL-009,2026-09-12 08:00:00,115,66.305111,19.390318
WELL-009,2026-09-12 08:00:00,116,65.258653,19.267361
WELL-009,2026-09-12 08:00:00,117,64.181085,19.140659
WELL-009,2026-09-12 08:00:00,118,63.07372,19.011139
WELL-009,2026-09-12 08:00:00,119,61.937908,18.880463
WELL-009,2026-09-12 08:00:00,120,60.775032,18.750795
WELL-009,2026-09-12 08:00:00,121,59.586509,18.624508
WELL-009,2026-09-12 08:00:00,122,58.373787,18.503857
WELL-009,2026-09-12 08:00:00,123,57.138344,18.390678
WELL-009,2026-09-12 08:00:00,124,55.881684,18.286148
WELL-009,2026-09-12 08:00:00,125,54.605339,18.190645
WELL-009,2026-09-12 08:00:00,126,53.310864,18.103729
WELL-009,2026-09-12 08:00:00,127,51.999835,18.024243
WELL-009,2026-09-12 08:00:00,128,50.673851,17.95052
WELL-009,2026-09-12 08:00:00,129,49.334527,17.880675
WELL-009,2026-09-12 08:00:00,130,47.983494,17.812918
WELL-009,2026-09-12 08:00:00,131,46.622399,17.745866
WELL-009,2026-09-12 08:00:00,132,45.252899,17.67879
WELL-009,2026-09-12 08:00:00,133,43.876664,17.611774
WELL-009,2026-09-12 08:00:00,134,42.495369,17.545752
WELL-009,2026-09-12 08:00:00,135,41.110699,17.482419
WELL-009,2026-09-12 08:00:00,136,39.724339,17.424045
WELL-009,2026-09-12 08:00:00,137,38.33798,17.373182
WELL-009,2026-09-12 08:00:00,138,36.95331,17.332353
WELL-009,2026-09-12 08:00:00,139,35.572015,17.303726
WELL-009,2026-09-12 08:00:00,140,34.19578,17.288849
WELL-009,2026-09-12 08:00:00,141,32.82628,17.288466
WELL-009,2026-09-12 08:00:00,142,31.465185,17.302452
WELL-009,2026-09-12 08:00:00,143,30.114152,17.329871
WELL-009,2026-09-12 08:00:00,144,28.774828,17.369149
WELL-009,2026-09-12 08:00:00,145,27.448843,17.418333
WELL-009,2026-09-12 08:00:00,146,26.137815,17.475407
WELL-009,2026-09-12 08:00:00,147,24.84334,17.538607
WELL-009,2026-09-12 08:00:00,148,23.566995,17.606702
WELL-009,2026-09-12 08:00:00,149,22.310335,17.679185
WELL-009,2026-09-12 08:00:00,150,21.074892,17.756361
WELL-009,2026-09-12 08:00:00,151,19.86217,17.839305
WELL-009,2026-09-12 08:00:00,152,18.673647,17.92971
WELL-009,2026-09-12 08:00:00,153,17.510771,18.029633
WELL-009,2026-09-12 08:00:00,154,16.374959,18.141187
WELL-009,2026-09-12 08:00:00,155,15.267594,18.26622
WELL-009,2026-09-12 08:00:00,156,14.190026,18.406025
WELL-009,2026-09-12 08:00:00,157,13.143568,18.561128
WELL-009,2026-09-12 08:00:00,158,12.129495,18.73118
WELL-009,2026-09-12 08:00:00,159,11.149041,18.914976
WELL-009,2026-09-12 08:00:00,160,10.203402,19.110591
WELL-009,2026-09-12 08:00:00,161,9.29373,19.315614
WELL-009,2026-09-12 08:00:00,162,8.421133,19.527458
WELL-009,2026-09-12 08:00:00,163,7.586674,19.74368
WELL-009,2026-09-12 08:00:00,164,6.791369,19.962285
WELL-009,2026-09-12 08:00:00,165,6.036189,20.181958
WELL-009,2026-09-12 08:00:00,166,5.322052,20.402193
WELL-009,2026-09-12 08:00:00,167,4.64983,20.623308
WELL-009,2026-09-12 08:00:00,168,4.02034,20.846328
WELL-009,2026-09-12 08:00:00,169,3.43435,21.072768
WELL-009,2026-09-12 08:00:00,170,2.892573,21.304349
WELL-009,2026-09-12 08:00:00,171,2.395671,21.542673
WELL-009,2026-09-12 08:00:00,172,1.944248,21.788916
WELL-009,2026-09-12 08:00:00,173,1.538854,22.043592
WELL-009,2026-09-12 08:00:00,174,1.179983,22.306403
WELL-009,2026-09-12 08:00:00,175,0.868072,22.576208
WELL-009,2026-09-12 08:00:00,176,0.603502,22.851126
WELL-009,2026-09-12 08:00:00,177,0.386595,23.128733
WELL-009,2026-09-12 08:00:00,178,0.217614,23.406349
WELL-009,2026-09-12 08:00:00,179,0.096766,23.68136
WELL-009,2026-09-12 08:00:00,180,0.024199,23.951534
WELL-009,2026-09-12 08:00:00,181,0.0,24.215282
WELL-010,2026-09-10 09:00:00,1,0.0,24.277896
WELL-010,2026-09-10 09:00:00,2,0.025969,24.525686
WELL-010,2026-09-10 09:00:00,3,0.103845,24.766804
WELL-010,2026-09-10 09:00:00,4,0.233532,25.002475
WELL-010,2026-09-10 09:00:00,5,0.414874,25.234402
WELL-010,2026-09-10 09:00:00,6,0.647648,25.464467
WELL-010,2026-09-10 09:00:00,7,0.931571,25.694406
WELL-010,2026-09-10 09:00:00,8,1.266298,25.92551
WELL-010,2026-09-10 09:00:00,9,1.65142,26.158391
WELL-010,2026-09-10 09:00:00,10,2.086468,26.392849
WELL-010,2026-09-10 09:00:00,11,2.570913,26.627867
WELL-010,2026-09-10 09:00:00,12,3.104163,26.861714
WELL-010,2026-09-10 09:00:00,13,3.68557,27.092165
WELL-010,2026-09-10 09:00:00,14,4.314425,27.316793
WELL-010,2026-09-10 09:00:00,15,4.989962,27.533286
WELL-010,2026-09-10 09:00:00,16,5.711357,27.73976
WELL-010,2026-09-10 09:00:00,17,6.477733,27.934998
WELL-010,2026-09-10 09:00:00,18,7.288154,28.118607
WELL-010,2026-09-10 09:00:00,19,8.141635,28.291045
WELL-010,2026-09-10 09:00:00,20,9.037134,28.45353
WELL-010,2026-09-10 09:00:00,21,9.973561,28.607845
WELL-010,2026-09-10 09:00:00,22,10.949775,28.756047
WELL-010,2026-09-10 09:00:00,23,11.964587,28.900153
WELL-010,2026-09-10 09:00:00,24,13.01676,29.041822
WELL-010,2026-09-10 09:00:00,25,14.105012,29.18209
WELL-010,2026-09-10 09:00:00,26,15.228018,29.321205
WELL-010,2026-09-10 09:00:00,27,16.38441,29.458564
WELL-010,2026-09-10 09:00:00,28,17.572777,29.592787
WELL-010,2026-09-10 09:00:00,29,18.791673,29.721892
WELL-010,2026-09-10 09:00:00,30,20.039613,29.84357
WELL-010,2026-09-10 09:00:00,31,21.315076,29.955496
WELL-010,2026-09-10 09:00:00,32,22.616508,30.055653
WELL-010,2026-09-10 09:00:00,33,23.942323,30.142604
WELL-010,2026-09-10 09:00:00,34,25.290907,30.215682
WELL-010,2026-09-10 09:00:00,35,26.660616,30.275069
WELL-010,2026-09-10 09:00:00,36,28.049781,30.321752
WELL-010,2026-09-10 09:00:00,37,29.45671,30.357359
WELL-010,2026-09-10 09:00:00,38,30.87969,30.383907
WELL-010,2026-09-10 09:00:00,39,32.316985,30.40349
WELL-010,2026-09-10 09:00:00,40,33.766845,30.417961
WELL-010,2026-09-10 09:00:00,41,35.227504,30.428644
WELL-010,2026-09-10 09:00:00,42,36.697181,30.436132
WELL-010,2026-09-10 09:00:00,43,38.174088,30.440185
WELL-010,2026-09-10 09:00:00,44,39.656423,30.439759
WELL-010,2026-09-10 09:00:00,45,41.142381,30.433147
WELL-010,2026-09-10 09:00:00,46,42.630152,30.418224
WELL-010,2026-09-10 09:00:00,47,44.117923,30.39275
WELL-010,2026-09-10 09:00:00,48,45.603881,30.354699
WELL-010,2026-09-10 09:00:00,49,47.086216,30.302551
WELL-010,2026-09-10 09:00:00,50,48.563122,30.235521
WELL-010,2026-09-10 09:00:00,51,50.0328,30.15368
WELL-010,2026-09-10 09:00:00,52,51.493459,30.057954
WELL-010,2026-09-10 09:00:00,53,52.943319,29.950004
WELL-010,2026-09-10 09:00:00,54,54.380614,29.832
WELL-010,2026-09-10 09:00:00,55,55.803593,29.706328
WELL-010,2026-09-10 09:00:00,56,57.210522,29.575263
WELL-010,2026-09-10 09:00:00,57,58.599688,29.440667
WELL-010,2026-09-10 09:00:00,58,59.969397,29.303751
WELL-010,2026-09-10 09:00:00,59,61.31798,29.164927
WELL-010,2026-09-10 09:00:00,60,62.643796,29.023793
WELL-010,2026-09-10 09:00:00,61,63.945228,28.879228
WELL-010,2026-09-10 09:00:00,62,65.220691,28.7296
WELL-010,2026-09-10 09:00:00,63,66.46863,28.573054
WELL-010,2026-09-10 09:00:00,64,67.687526,28.40783
WELL-010,2026-09-10 09:00:00,65,68.875894,28.232572
WELL-010,2026-09-10 09:00:00,66,70.032285,28.046582
WELL-010,2026-09-10 09:00:00,67,71.155291,27.84998
WELL-010,2026-09-10 09:00:00,68,72.243544,27.643743
WELL-010,2026-09-10 09:00:00,69,73.295717,27.429629
WELL-010,2026-09-10 09:00:00,70,74.310529,27.209978
WELL-010,2026-09-10 09:00:00,71,75.286743,26.987436
WELL-010,2026-09-10 09:00:00,72,76.22317,26.764638
WELL-010,2026-09-10 09:00:00,73,77.118669,26.543883
WELL-010,2026-09-10 09:00:00,74,77.972149,26.326866
WELL-010,2026-09-10 09:00:00,75,78.782571,26.114495
WELL-010,2026-09-10 09:00:00,76,79.548946,25.906822
WELL-010,2026-09-10 09:00:00,77,80.270342,25.703096
WELL-010,2026-09-10 09:00:00,78,80.945878,25.501934
WELL-010,2026-09-10 09:00:00,79,81.574733,25.301583
WELL-010,2026-09-10 09:00:00,80,82.15614,25.100225
WELL-010,2026-09-10 09:00:00,81,82.689391,24.896305
WELL-010,2026-09-10 09:00:00,82,83.173836,24.688803
WELL-010,2026-09-10 09:00:00,83,83.608884,24.47743
WELL-010,2026-09-10 09:00:00,84,83.994006,24.262721
WELL-010,2026-09-10 09:00:00,85,84.328733,24.045992
WELL-010,2026-09-10 09:00:00,86,84.612656,23.829194
WELL-010,2026-09-10 09:00:00,87,84.84543,23.614655
WELL-010,2026-09-10 09:00:00,88,85.026771,23.40478
WELL-010,2026-09-10 09:00:00,89,85.156459,23.201721
WELL-010,2026-09-10 09:00:00,90,85.234335,23.00709
WELL-010,2026-09-10 09:00:00,91,85.260304,22.821744
WELL-010,2026-09-10 09:00:00,92,85.234335,22.645672
WELL-010,2026-09-10 09:00:00,93,85.156459,22.47801
WELL-010,2026-09-10 09:00:00,94,85.026771,22.317175
WELL-010,2026-09-10 09:00:00,95,84.84543,22.161099
WELL-010,2026-09-10 09:00:00,96,84.612656,22.00753
WELL-010,2026-09-10 09:00:00,97,84.328733,21.854359
WELL-010,2026-09-10 09:00:00,98,83.994006,21.699923
WELL-010,2026-09-10 09:00:00,99,83.608884,21.543236
WELL-010,2026-09-10 09:00:00,100,83.173836,21.384125
WELL-010,2026-09-10 09:00:00,101,82.689391,21.223241
WELL-010,2026-09-10 09:00:00,102,82.15614,21.061955
WELL-010,2026-09-10 09:00:00,103,81.574733,20.902136
WELL-010,2026-09-10 09:00:00,104,80.945878,20.745869
WELL-010,2026-09-10 09:00:00,105,80.270342,20.595131
WELL-010,2026-09-10 09:00:00,106,79.548946,20.451488
WELL-010,2026-09-10 09:00:00,107,78.782571,20.315849
WELL-010,2026-09-10 09:00:00,108,77.972149,20.188318
WELL-010,2026-09-10 09:00:00,109,77.118669,20.068164
WELL-010,2026-09-10 09:00:00,110,76.22317,19.953912
WELL-010,2026-09-10 09:00:00,111,75.286743,19.843546
WELL-010,2026-09-10 09:00:00,112,74.310529,19.734794
WELL-010,2026-09-10 09:00:00,113,73.295717,19.625447
WELL-010,2026-09-10 09:00:00,114,72.243544,19.513678
WELL-010,2026-09-10 09:00:00,115,71.155291,19.398302
WELL-010,2026-09-10 09:00:00,116,70.032285,19.278954
WELL-010,2026-09-10 09:00:00,117,68.875894,19.156137
WELL-010,2026-09-10 09:00:00,118,67.687526,19.031163
WELL-010,2026-09-10 09:00:00,119,66.46863,18.905966
WELL-010,2026-09-10 09:00:00,120,65.220691,18.78284
WELL-010,2026-09-10 09:00:00,121,63.945228,18.664113
WELL-010,2026-09-10 09:00:00,122,62.643796,18.551836
WELL-010,2026-09-10 09:00:00,123,61.31798,18.447507
WELL-010,2026-09-10 09:00:00,124,59.969397,18.351877
WELL-010,2026-09-10 09:00:00,125,58.599688,18.264872
WELL-010,2026-09-10 09:00:00,126,57.210522,18.185642
WELL-010,2026-09-10 09:00:00,127,55.803593,18.112716
WELL-010,2026-09-10 09:00:00,128,54.380614,18.04426
WELL-010,2026-09-10 09:00:00,129,52.943319,17.978382
WELL-010,2026-09-10 09:00:00,130,51.493459,17.913457
WELL-010,2026-09-10 09:00:00,131,50.0328,17.848406
WELL-010,2026-09-10 09:00:00,132,48.563122,17.782901
WELL-010,2026-09-10 09:00:00,133,47.086216,17.717464
WELL-010,2026-09-10 09:00:00,134,45.603881,17.653438
WELL-010,2026-09-10 09:00:00,135,44.117923,17.592845
WELL-010,2026-09-10 09:00:00,136,42.630152,17.538137
WELL-010,2026-09-10 09:00:00,137,41.142381,17.491892
WELL-010,2026-09-10 09:00:00,138,39.656423,17.456487
WELL-010,2026-09-10 09:00:00,139,38.174088,17.433799
WELL-010,2026-09-10 09:00:00,140,36.697181,17.424978
WELL-010,2026-09-10 09:00:00,141,35.227504,17.430323
WELL-010,2026-09-10 09:00:00,142,33.766845,17.44928
WELL-010,2026-09-10 09:00:00,143,32.316985,17.480563
WELL-010,2026-09-10 09:00:00,144,30.87969,17.522373
WELL-010,2026-09-10 09:00:00,145,29.45671,17.572698
WELL-010,2026-09-10 09:00:00,146,28.049781,17.629629
WELL-010,2026-09-10 09:00:00,147,26.660616,17.691664
WELL-010,2026-09-10 09:00:00,148,25.290907,17.757948
WELL-010,2026-09-10 09:00:00,149,23.942323,17.828411
WELL-010,2026-09-10 09:00:00,150,22.616508,17.903789
WELL-010,2026-09-10 09:00:00,151,21.315076,17.985524
WELL-010,2026-09-10 09:00:00,152,20.039613,18.075552
WELL-010,2026-09-10 09:00:00,153,18.791673,18.17602
WELL-010,2026-09-10 09:00:00,154,17.572777,18.288961
WELL-010,2026-09-10 09:00:00,155,16.38441,18.415986
WELL-010,2026-09-10 09:00:00,156,15.228018,18.558027
WELL-010,2026-09-10 09:00:00,157,14.105012,18.715179
WELL-010,2026-09-10 09:00:00,158,13.01676,18.886656
WELL-010,2026-09-10 09:00:00,159,11.964587,19.070871
WELL-010,2026-09-10 09:00:00,160,10.949775,19.26563
WELL-010,2026-09-10 09:00:00,161,9.973561,19.468405
WELL-010,2026-09-10 09:00:00,162,9.037134,19.67666
WELL-010,2026-09-10 09:00:00,163,8.141635,19.888167
WELL-010,2026-09-10 09:00:00,164,7.288154,20.101275
WELL-010,2026-09-10 09:00:00,165,6.477733,20.315095
WELL-010,2026-09-10 09:00:00,166,5.711357,20.52957
WELL-010,2026-09-10 09:00:00,167,4.989962,20.745415
WELL-010,2026-09-10 09:00:00,168,4.314425,20.963954
WELL-010,2026-09-10 09:00:00,169,3.68557,21.186859
WELL-010,2026-09-10 09:00:00,170,3.104163,21.415833
WELL-010,2026-09-10 09:00:00,171,2.570913,21.6523
WELL-010,2026-09-10 09:00:00,172,2.086468,21.897122
WELL-010,2026-09-10 09:00:00,173,1.65142,22.150403
WELL-010,2026-09-10 09:00:00,174,1.266298,22.411407
WELL-010,2026-09-10 09:00:00,175,0.931571,22.678589
WELL-010,2026-09-10 09:00:00,176,0.647648,22.949756
WELL-010,2026-09-10 09:00:00,177,0.414874,23.222312
WELL-010,2026-09-10 09:00:00,178,0.233532,23.493572
WELL-010,2026-09-10 09:00:00,179,0.103845,23.761082
WELL-010,2026-09-10 09:00:00,180,0.025969,24.022918
WELL-010,2026-09-10 09:00:00,181,0.0,24.277896
WELL-010,2026-09-13 09:00:00,1,0.0,24.292422
WELL-010,2026-09-13 09:00:00,2,0.026281,24.547015
WELL-010,2026-09-13 09:00:00,3,0.105091,24.795055
WELL-010,2026-09-13 09:00:00,4,0.236335,25.03776
WELL-010,2026-09-13 09:00:00,5,0.419852,25.276824
WELL-010,2026-09-13 09:00:00,6,0.65542,25.514122
WELL-010,2026-09-13 09:00:00,7,0.94275,25.751379
WELL-010,2026-09-13 09:00:00,8,1.281493,25.989877
WELL-010,2026-09-13 09:00:00,9,1.671237,26.23022
WELL-010,2026-09-13 09:00:00,10,2.111506,26.472199
WELL-010,2026-09-13 09:00:00,11,2.601764,26.714788
WELL-010,2026-09-13 09:00:00,12,3.141413,26.956245
WELL-010,2026-09-13 09:00:00,13,3.729797,27.194338
WELL-010,2026-09-13 09:00:00,14,4.366198,27.426629
WELL-010,2026-09-13 09:00:00,15,5.049841,27.650799
WELL-010,2026-09-13 09:00:00,16,5.779894,27.864951
WELL-010,2026-09-13 09:00:00,17,6.555466,28.067862
WELL-010,2026-09-13 09:00:00,18,7.375612,28.259128
WELL-010,2026-09-13 09:00:00,19,8.239334,28.439197
WELL-010,2026-09-13 09:00:00,20,9.145579,28.609281
WELL-010,2026-09-13 09:00:00,21,10.093244,28.771149
WELL-010,2026-09-13 09:00:00,22,11.081172,28.926853
WELL-010,2026-09-13 09:00:00,23,12.108162,29.078399
WELL-010,2026-09-13 09:00:00,24,13.172961,29.227435
WELL-010,2026-09-13 09:00:00,25,14.274273,29.374992
WELL-010,2026-09-13 09:00:00,26,15.410755,29.521307
WELL-010,2026-09-13 09:00:00,27,16.581023,29.665768
WELL-010,2026-09-13 09:00:00,28,17.783651,29.806987
WELL-010,2026-09-13 09:00:00,29,19.017174,29.942973
WELL-010,2026-09-13 09:00:00,30,20.280088,30.071408
WELL-010,2026-09-13 09:00:00,31,21.570857,30.189961
WELL-010,2026-09-13 09:00:00,32,22.887906,30.296605
WELL-010,2026-09-13 09:00:00,33,24.229631,30.389896
WELL-010,2026-09-13 09:00:00,34,25.594398,30.469159
WELL-010,2026-09-13 09:00:00,35,26.980543,30.534568
WELL-010,2026-09-13 09:00:00,36,28.386379,30.587103
WELL-010,2026-09-13 09:00:00,37,29.810191,30.628384
WELL-010,2026-09-13 09:00:00,38,31.250246,30.660423
WELL-010,2026-09-13 09:00:00,39,32.704789,30.685307
WELL-010,2026-09-13 09:00:00,40,34.172047,30.704881
WELL-010,2026-09-13 09:00:00,41,35.650234,30.720464
WELL-010,2026-09-13 09:00:00,42,37.137548,30.732642
WELL-010,2026-09-13 09:00:00,43,38.632177,30.74117
WELL-010,2026-09-13 09:00:00,44,40.1323,30.744999
WELL-010,2026-09-13 09:00:00,45,41.63609,30.742416
WELL-010,2026-09-13 09:00:00,46,43.141714,30.731292
WELL-010,2026-09-13 09:00:00,47,44.647338,30.709382
WELL-010,2026-09-13 09:00:00,48,46.151127,30.674654
WELL-010,2026-09-13 09:00:00,49,47.651251,30.625586
WELL-010,2026-09-13 09:00:00,50,49.14588,30.561389
WELL-010,2026-09-13 09:00:00,51,50.633194,30.48213
WELL-010,2026-09-13 09:00:00,52,52.11138,30.388732
WELL-010,2026-09-13 09:00:00,53,53.578639,30.282853
WELL-010,2026-09-13 09:00:00,54,55.033182,30.166662
WELL-010,2026-09-13 09:00:00,55,56.473236,30.04254
WELL-010,2026-09-13 09:00:00,56,57.897049,29.912762
WELL-010,2026-09-13 09:00:00,57,59.302884,29.779188
WELL-010,2026-09-13 09:00:00,58,60.689029,29.643027
WELL-010,2026-09-13 09:00:00,59,62.053796,29.504692
WELL-010,2026-09-13 09:00:00,60,63.395521,29.363779
WELL-010,2026-09-13 09:00:00,61,64.71257,29.219166
WELL-010,2026-09-13 09:00:00,62,66.003339,29.069224
WELL-010,2026-09-13 09:00:00,63,67.266254,28.912095
WELL-010,2026-09-13 09:00:00,64,68.499777,28.746021
WELL-010,2026-09-13 09:00:00,65,69.702405,28.569648
WELL-010,2026-09-13 09:00:00,66,70.872673,28.382278
WELL-010,2026-09-13 09:00:00,67,72.009155,28.184033
WELL-010,2026-09-13 09:00:00,68,73.110466,27.975893
WELL-010,2026-09-13 09:00:00,69,74.175265,27.759617
WELL-010,2026-09-13 09:00:00,70,75.202255,27.537548
WELL-010,2026-09-13 09:00:00,71,76.190184,27.312336
WELL-010,2026-09-13 09:00:00,72,77.137848,27.086617
WELL-010,2026-09-13 09:00:00,73,78.044093,26.862696
WELL-010,2026-09-13 09:00:00,74,78.907815,26.64227
WELL-010,2026-09-13 09:00:00,75,79.727962,26.426252
WELL-010,2026-09-13 09:00:00,76,80.503534,26.214699
WELL-010,2026-09-13 09:00:00,77,81.233586,26.006864
WELL-010,2026-09-13 09:00:00,78,81.917229,25.801369
WELL-010,2026-09-13 09:00:00,79,82.55363,25.596465
WELL-010,2026-09-13 09:00:00,80,83.142014,25.390343
WELL-010,2026-09-13 09:00:00,81,83.681664,25.181451
WELL-010,2026-09-13 09:00:00,82,84.171922,24.968775
WELL-010,2026-09-13 09:00:00,83,84.61219,24.752035
WELL-010,2026-09-13 09:00:00,84,85.001934,24.531769
WELL-010,2026-09-13 09:00:00,85,85.340677,24.309302
WELL-010,2026-09-13 09:00:00,86,85.628008,24.086591
WELL-010,2026-09-13 09:00:00,87,85.863575,23.865972
WELL-010,2026-09-13 09:00:00,88,86.047092,23.649857
WELL-010,2026-09-13 09:00:00,89,86.178336,23.440405
WELL-010,2026-09-13 09:00:00,90,86.257147,23.239238
WELL-010,2026-09-13 09:00:00,91,86.283427,23.047218
WELL-010,2026-09-13 09:00:00,92,86.257147,22.864343
WELL-010,2026-09-13 09:00:00,93,86.178336,22.689759
WELL-010,2026-09-13 09:00:00,94,86.047092,22.52189
WELL-010,2026-09-13 09:00:00,95,85.863575,22.358676
WELL-010,2026-09-13 09:00:00,96,85.628008,22.197875
WELL-010,2026-09-13 09:00:00,97,85.340677,22.037387
WELL-010,2026-09-13 09:00:00,98,85.001934,21.875556
WELL-010,2026-09-13 09:00:00,99,84.61219,21.711407
WELL-010,2026-09-13 09:00:00,100,84.171922,21.544775
WELL-010,2026-09-13 09:00:00,101,83.681664,21.376321
WELL-010,2026-09-13 09:00:00,102,83.142014,21.207424
WELL-010,2026-09-13 09:00:00,103,82.55363,21.039963
WELL-010,2026-09-13 09:00:00,104,81.917229,20.876033
WELL-010,2026-09-13 09:00:00,105,81.233586,20.717619
WELL-010,2026-09-13 09:00:00,106,80.503534,20.566297
WELL-010,2026-09-13 09:00:00,107,79.727962,20.422985
WELL-010,2026-09-13 09:00:00,108,78.907815,20.287798
WELL-010,2026-09-13 09:00:00,109,78.044093,20.160011
WELL-010,2026-09-13 09:00:00,110,77.137848,20.038161
WELL-010,2026-09-13 09:00:00,111,76.190184,19.920242
WELL-010,2026-09-13 09:00:00,112,75.202255,19.803988
WELL-010,2026-09-13 09:00:00,113,74.175265,19.687202
WELL-010,2026-09-13 09:00:00,114,73.110466,19.568064
WELL-010,2026-09-13 09:00:00,115,72.009155,19.4454
WELL-010,2026-09-13 09:00:00,116,70.872673,19.318852
WELL-010,2026-09-13 09:00:00,117,69.702405,19.188933
WELL-010,2026-09-13 09:00:00,118,68.499777,19.056963
WELL-010,2026-09-13 09:00:00,119,67.266254,18.924886
WELL-010,2026-09-13 09:00:00,120,66.003339,18.795001
WELL-010,2026-09-13 09:00:00,121,64.71257,18.669647
WELL-010,2026-09-13 09:00:00,122,63.395521,18.550884
WELL-010,2026-09-13 09:00:00,123,62.053796,18.440215
WELL-010,2026-09-13 09:00:00,124,60.689029,18.3384
WELL-010,2026-09-13 09:00:00,125,59.302884,18.245374
WELL-010,2026-09-13 09:00:00,126,57.897049,18.160292
WELL-010,2026-09-13 09:00:00,127,56.473236,18.081691
WELL-010,2026-09-13 09:00:00,128,55.033182,18.007743
WELL-010,2026-09-13 09:00:00,129,53.578639,17.936565
WELL-010,2026-09-13 09:00:00,130,52.11138,17.866537
WELL-010,2026-09-13 09:00:00,131,50.633194,17.796586
WELL-010,2026-09-13 09:00:00,132,49.14588,17.726391
WELL-010,2026-09-13 09:00:00,133,47.651251,17.656478
WELL-010,2026-09-13 09:00:00,134,46.151127,17.588198
WELL-010,2026-09-13 09:00:00,135,44.647338,17.523575
WELL-010,2026-09-13 09:00:00,136,43.141714,17.465068
WELL-010,2026-09-13 09:00:00,137,41.63609,17.41526
WELL-010,2026-09-13 09:00:00,138,40.1323,17.376532
WELL-010,2026-09-13 09:00:00,139,38.632177,17.350764
WELL-010,2026-09-13 09:00:00,140,37.137548,17.33911
WELL-010,2026-09-13 09:00:00,141,35.650234,17.341873
WELL-010,2026-09-13 09:00:00,142,34.172047,17.358502
WELL-010,2026-09-13 09:00:00,143,32.704789,17.387713
WELL-010,2026-09-13 09:00:00,144,31.250246,17.427712
WELL-010,2026-09-13 09:00:00,145,29.810191,17.476486
WELL-010,2026-09-13 09:00:00,146,28.386379,17.53213
WELL-010,2026-09-13 09:00:00,147,26.980543,17.593143
WELL-010,2026-09-13 09:00:00,148,25.594398,17.658672
WELL-010,2026-09-13 09:00:00,149,24.229631,17.728646
WELL-010,2026-09-13 09:00:00,150,22.887906,17.803803
WELL-010,2026-09-13 09:00:00,151,21.570857,17.885585
WELL-010,2026-09-13 09:00:00,152,20.280088,17.975929
WELL-010,2026-09-13 09:00:00,153,19.017174,18.076979
WELL-010,2026-09-13 09:00:00,154,17.783651,18.19077
WELL-010,2026-09-13 09:00:00,155,16.581023,18.31891
WELL-010,2026-09-13 09:00:00,156,15.410755,18.462331
WELL-010,2026-09-13 09:00:00,157,14.274273,18.621126
WELL-010,2026-09-13 09:00:00,158,13.172961,18.794507
WELL-010,2026-09-13 09:00:00,159,12.108162,18.980884
WELL-010,2026-09-13 09:00:00,160,11.081172,19.17806
WELL-010,2026-09-13 09:00:00,161,10.093244,19.383506
WELL-010,2026-09-13 09:00:00,162,9.145579,19.594681
WELL-010,2026-09-13 09:00:00,163,8.239334,19.809354
WELL-010,2026-09-13 09:00:00,164,7.375612,20.025871
WELL-010,2026-09-13 09:00:00,165,6.555466,20.243338
WELL-010,2026-09-13 09:00:00,166,5.779894,20.461693
WELL-010,2026-09-13 09:00:00,167,5.049841,20.681647
WELL-010,2026-09-13 09:00:00,168,4.366198,20.90452
WELL-010,2026-09-13 09:00:00,169,3.729797,21.131976
WELL-010,2026-09-13 09:00:00,170,3.141413,21.365715
WELL-010,2026-09-13 09:00:00,171,2.601764,21.607154
WELL-010,2026-09-13 09:00:00,172,2.111506,21.857149
WELL-010,2026-09-13 09:00:00,173,1.671237,22.115799
WELL-010,2026-09-13 09:00:00,174,1.281493,22.382359
WELL-010,2026-09-13 09:00:00,175,0.94275,22.655279
WELL-010,2026-09-13 09:00:00,176,0.65542,22.932359
WELL-010,2026-09-13 09:00:00,177,0.419852,23.210995
WELL-010,2026-09-13 09:00:00,178,0.236335,23.488495
WELL-010,2026-09-13 09:00:00,179,0.105091,23.762398
WELL-010,2026-09-13 09:00:00,180,0.026281,24.030771
WELL-010,2026-09-13 09:00:00,181,0.0,24.292422
WELL-011,2026-09-11 10:00:00,1,0.0,24.353483
WELL-011,2026-09-11 10:00:00,2,0.027576,24.599573
WELL-011,2026-09-11 10:00:00,3,0.110271,24.839748
WELL-011,2026-09-11 10:00:00,4,0.247984,25.075506
WELL-011,2026-09-11 10:00:00,5,0.440547,25.308672
WELL-011,2026-09-11 10:00:00,6,0.687726,25.541082
WELL-011,2026-09-11 10:00:00,7,0.989219,25.774264
WELL-011,2026-09-11 10:00:00,8,1.344659,26.009168
WELL-011,2026-09-11 10:00:00,9,1.753614,26.245982
WELL-011,2026-09-11 10:00:00,10,2.215584,26.484064
WELL-011,2026-09-11 10:00:00,11,2.730007,26.721995
WELL-011,2026-09-11 10:00:00,12,3.296257,26.957746
WELL-011,2026-09-11 10:00:00,13,3.913643,27.188937
WELL-011,2026-09-11 10:00:00,14,4.581413,27.413156
WELL-011,2026-09-11 10:00:00,15,5.298753,27.62827
WELL-011,2026-09-11 10:00:00,16,6.064791,27.832709
WELL-011,2026-09-11 10:00:00,17,6.878591,28.02567
WELL-011,2026-09-11 10:00:00,18,7.739164,28.207201
WELL-011,2026-09-11 10:00:00,19,8.64546,28.378171
WELL-011,2026-09-11 10:00:00,20,9.596375,28.540119
WELL-011,2026-09-11 10:00:00,21,10.59075,28.695006
WELL-011,2026-09-11 10:00:00,22,11.627375,28.844907
WELL-011,2026-09-11 10:00:00,23,12.704986,28.991687
WELL-011,2026-09-11 10:00:00,24,13.82227,29.136705
WELL-011,2026-09-11 10:00:00,25,14.977867,29.280602
WELL-011,2026-09-11 10:00:00,26,16.170367,29.423181
WELL-011,2026-09-11 10:00:00,27,17.398319,29.563415
WELL-011,2026-09-11 10:00:00,28,18.660225,29.699583
WELL-011,2026-09-11 10:00:00,29,19.95455,29.829494
WELL-011,2026-09-11 10:00:00,30,21.279715,29.950789
WELL-011,2026-09-11 10:00:00,31,22.634107,30.061266
WELL-011,2026-09-11 10:00:00,32,24.016075,30.159179
WELL-011,2026-09-11 10:00:00,33,25.423935,30.243474
WELL-011,2026-09-11 10:00:00,34,26.855973,30.313923
WELL-011,2026-09-11 10:00:00,35,28.310443,30.37114
WELL-011,2026-09-11 10:00:00,36,29.785573,30.416469
WELL-011,2026-09-11 10:00:00,37,31.279567,30.451775
WELL-011,2026-09-11 10:00:00,38,32.790603,30.479153
WELL-011,2026-09-11 10:00:00,39,34.316842,30.500607
WELL-011,2026-09-11 10:00:00,40,35.856423,30.517739
WELL-011,2026-09-11 10:00:00,41,37.407471,30.531507
WELL-011,2026-09-11 10:00:00,42,38.968096,30.542071
WELL-011,2026-09-11 10:00:00,43,40.536397,30.548752
WELL-011,2026-09-11 10:00:00,44,42.110463,30.55013
WELL-011,2026-09-11 10:00:00,45,43.688376,30.544237
WELL-011,2026-09-11 10:00:00,46,45.268214,30.528837
WELL-011,2026-09-11 10:00:00,47,46.848052,30.501754
WELL-011,2026-09-11 10:00:00,48,48.425965,30.461181
WELL-011,2026-09-11 10:00:00,49,50.000031,30.405947
WELL-011,2026-09-11 10:00:00,50,51.568332,30.335695
WELL-011,2026-09-11 10:00:00,51,53.128957,30.250937
WELL-011,2026-09-11 10:00:00,52,54.680005,30.152992
WELL-011,2026-09-11 10:00:00,53,56.219586,30.043806
WELL-011,2026-09-11 10:00:00,54,57.745825,29.925691
WELL-011,2026-09-11 10:00:00,55,59.256862,29.800999
WELL-011,2026-09-11 10:00:00,56,60.750855,29.671815
WELL-011,2026-09-11 10:00:00,57,62.225986,29.539672
WELL-011,2026-09-11 10:00:00,58,63.680456,29.405363
WELL-011,2026-09-11 10:00:00,59,65.112493,29.268859
WELL-011,2026-09-11 10:00:00,60,66.520353,29.129352
WELL-011,2026-09-11 10:00:00,61,67.902321,28.985411
WELL-011,2026-09-11 10:00:00,62,69.256713,28.835239
WELL-011,2026-09-11 10:00:00,63,70.581878,28.67698
WELL-011,2026-09-11 10:00:00,64,71.876203,28.50904
WELL-011,2026-09-11 10:00:00,65,73.13811,28.330372
WELL-011,2026-09-11 10:00:00,66,74.366061,28.140683
WELL-011,2026-09-11 10:00:00,67,75.558562,27.940538
WELL-011,2026-09-11 10:00:00,68,76.714158,27.731332
WELL-011,2026-09-11 10:00:00,69,77.831442,27.515154
WELL-011,2026-09-11 10:00:00,70,78.909053,27.29454
WELL-011,2026-09-11 10:00:00,71,79.945678,27.072171
WELL-011,2026-09-11 10:00:00,72,80.940054,26.850545
WELL-011,2026-09-11 10:00:00,73,81.890969,26.631678
WELL-011,2026-09-11 10:00:00,74,82.797264,26.416874
WELL-011,2026-09-11 10:00:00,75,83.657837,26.206602
WELL-011,2026-09-11 10:00:00,76,84.471638,26.000486
WELL-011,2026-09-11 10:00:00,77,85.237675,25.797428
WELL-011,2026-09-11 10:00:00,78,85.955015,25.595822
WELL-011,2026-09-11 10:00:00,79,86.622785,25.393852
WELL-011,2026-09-11 10:00:00,80,87.240171,25.18981
WELL-011,2026-09-11 10:00:00,81,87.806421,24.982401
WELL-011,2026-09-11 10:00:00,82,88.320844,24.77098
WELL-011,2026-09-11 10:00:00,83,88.782814,24.5557
WELL-011,2026-09-11 10:00:00,84,89.191769,24.337528
WELL-011,2026-09-11 10:00:00,85,89.547209,24.118152
WELL-011,2026-09-11 10:00:00,86,89.848702,23.899771
WELL-011,2026-09-11 10:00:00,87,90.095881,23.684809
WELL-011,2026-09-11 10:00:00,88,90.288444,23.475596
WELL-011,2026-09-11 10:00:00,89,90.426157,23.274051
WELL-011,2026-09-11 10:00:00,90,90.508852,23.08143
WELL-011,2026-09-11 10:00:00,91,90.536428,22.898157
WELL-011,2026-09-11 10:00:00,92,90.508852,22.723785
WELL-011,2026-09-11 10:00:00,93,90.426157,22.557066
WELL-011,2026-09-11 10:00:00,94,90.288444,22.396144
WELL-011,2026-09-11 10:00:00,95,90.095881,22.238829
WELL-011,2026-09-11 10:00:00,96,89.848702,22.082914
WELL-011,2026-09-11 10:00:00,97,89.547209,21.926501
WELL-011,2026-09-11 10:00:00,98,89.191769,21.768265
WELL-011,2026-09-11 10:00:00,99,88.782814,21.607645
WELL-011,2026-09-11 10:00:00,100,88.320844,21.44491
WELL-011,2026-09-11 10:00:00,101,87.806421,21.281113
WELL-011,2026-09-11 10:00:00,102,87.240171,21.117923
WELL-011,2026-09-11 10:00:00,103,86.622785,20.957363
WELL-011,2026-09-11 10:00:00,104,85.955015,20.801506
WELL-011,2026-09-11 10:00:00,105,85.237675,20.652148
WELL-011,2026-09-11 10:00:00,106,84.471638,20.510539
WELL-011,2026-09-11 10:00:00,107,83.657837,20.377177
WELL-011,2026-09-11 10:00:00,108,82.797264,20.251724
WELL-011,2026-09-11 10:00:00,109,81.890969,20.133037
WELL-011,2026-09-11 10:00:00,110,80.940054,20.019323
WELL-011,2026-09-11 10:00:00,111,79.945678,19.908384
WELL-011,2026-09-11 10:00:00,112,78.909053,19.797934
WELL-011,2026-09-11 10:00:00,113,77.831442,19.685914
WELL-011,2026-09-11 10:00:00,114,76.714158,19.570794
WELL-011,2026-09-11 10:00:00,115,75.558562,19.45179
WELL-011,2026-09-11 10:00:00,116,74.366061,19.328978
WELL-011,2026-09-11 10:00:00,117,73.13811,19.203286
WELL-011,2026-09-11 10:00:00,118,71.876203,19.076367
WELL-011,2026-09-11 10:00:00,119,70.581878,18.950365
WELL-011,2026-09-11 10:00:00,120,69.256713,18.82762
WELL-011,2026-09-11 10:00:00,121,67.902321,18.710343
WELL-011,2026-09-11 10:00:00,122,66.520353,18.600311
WELL-011,2026-09-11 10:00:00,123,65.112493,18.498637
WELL-011,2026-09-11 10:00:00,124,63.680456,18.405636
WELL-011,2026-09-11 10:00:00,125,62.225986,18.320802
WELL-011,2026-09-11 10:00:00,126,60.750855,18.242925
WELL-011,2026-09-11 10:00:00,127,59.256862,18.1703
WELL-011,2026-09-11 10:00:00,128,57.745825,18.101013
WELL-011,2026-09-11 10:00:00,129,56.219586,18.033266
WELL-011,2026-09-11 10:00:00,130,54.680005,17.96568
WELL-011,2026-09-11 10:00:00,131,53.128957,17.897543
WELL-011,2026-09-11 10:00:00,132,51.568332,17.828962
WELL-011,2026-09-11 10:00:00,133,50.000031,17.760897
WELL-011,2026-09-11 10:00:00,134,48.425965,17.695067
WELL-011,2026-09-11 10:00:00,135,46.848052,17.633755
WELL-011,2026-09-11 10:00:00,136,45.268214,17.579523
WELL-011,2026-09-11 10:00:00,137,43.688376,17.534888
WELL-011,2026-09-11 10:00:00,138,42.110463,17.502005
WELL-011,2026-09-11 10:00:00,139,40.536397,17.482403
WELL-011,2026-09-11 10:00:00,140,38.968096,17.476804
WELL-011,2026-09-11 10:00:00,141,37.407471,17.485066
WELL-011,2026-09-11 10:00:00,142,35.856423,17.506243
WELL-011,2026-09-11 10:00:00,143,34.316842,17.53876
WELL-011,2026-09-11 10:00:00,144,32.790603,17.580683
WELL-011,2026-09-11 10:00:00,145,31.279567,17.630027
WELL-011,2026-09-11 10:00:00,146,29.785573,17.685076
WELL-011,2026-09-11 10:00:00,147,28.310443,17.744659
WELL-011,2026-09-11 10:00:00,148,26.855973,17.808336
WELL-011,2026-09-11 10:00:00,149,25.423935,17.876479
WELL-011,2026-09-11 10:00:00,150,24.016075,17.950231
WELL-011,2026-09-11 10:00:00,151,22.634107,18.031341
WELL-011,2026-09-11 10:00:00,152,21.279715,18.121913
WELL-011,2026-09-11 10:00:00,153,19.95455,18.224094
WELL-011,2026-09-11 10:00:00,154,18.660225,18.339751
WELL-011,2026-09-11 10:00:00,155,17.398319,18.470186
WELL-011,2026-09-11 10:00:00,156,16.170367,18.615926
WELL-011,2026-09-11 10:00:00,157,14.977867,18.776621
WELL-011,2026-09-11 10:00:00,158,13.82227,18.951067
WELL-011,2026-09-11 10:00:00,159,12.704986,19.137346
WELL-011,2026-09-11 10:00:00,160,11.627375,19.333067
WELL-011,2026-09-11 10:00:00,161,10.59075,19.53567
WELL-011,2026-09-11 10:00:00,162,9.596375,19.742753
WELL-011,2026-09-11 10:00:00,163,8.64546,19.952372
WELL-011,2026-09-11 10:00:00,164,7.739164,20.163267
WELL-011,2026-09-11 10:00:00,165,6.878591,20.374989
WELL-011,2026-09-11 10:00:00,166,6.064791,20.587905
WELL-011,2026-09-11 10:00:00,167,5.298753,20.803082
WELL-011,2026-09-11 10:00:00,168,4.581413,21.022066
WELL-011,2026-09-11 10:00:00,169,3.913643,21.246589
WELL-011,2026-09-11 10:00:00,170,3.296257,21.478248
WELL-011,2026-09-11 10:00:00,171,2.730007,21.718205
WELL-011,2026-09-11 10:00:00,172,2.215584,21.966944
WELL-011,2026-09-11 10:00:00,173,1.753614,22.224133
WELL-011,2026-09-11 10:00:00,174,1.344659,22.4886
WELL-011,2026-09-11 10:00:00,175,0.989219,22.75843
WELL-011,2026-09-11 10:00:00,176,0.687726,23.031179
WELL-011,2026-09-11 10:00:00,177,0.440547,23.304158
WELL-011,2026-09-11 10:00:00,178,0.247984,23.574755
WELL-011,2026-09-11 10:00:00,179,0.110271,23.840752
WELL-011,2026-09-11 10:00:00,180,0.027576,24.100579
WELL-011,2026-09-11 10:00:00,181,0.0,24.353483
WELL-011,2026-09-14 10:00:00,1,0.0,24.368009
WELL-011,2026-09-14 10:00:00,2,0.027907,24.620902
WELL-011,2026-09-14 10:00:00,3,0.111594,24.867999
WELL-011,2026-09-14 10:00:00,4,0.25096,25.110791
WELL-011,2026-09-14 10:00:00,5,0.445834,25.351095
WELL-011,2026-09-14 10:00:00,6,0.695979,25.590737
WELL-011,2026-09-14 10:00:00,7,1.00109,25.831237
WELL-011,2026-09-14 10:00:00,8,1.360795,26.073535
WELL-011,2026-09-14 10:00:00,9,1.774657,26.317811
WELL-011,2026-09-14 10:00:00,10,2.242171,26.563414
WELL-011,2026-09-14 10:00:00,11,2.762767,26.808916
WELL-011,2026-09-14 10:00:00,12,3.335812,27.052277
WELL-011,2026-09-14 10:00:00,13,3.960606,27.29111
WELL-011,2026-09-14 10:00:00,14,4.63639,27.522993
WELL-011,2026-09-14 10:00:00,15,5.362338,27.745782
WELL-011,2026-09-14 10:00:00,16,6.137568,27.957901
WELL-011,2026-09-14 10:00:00,17,6.961134,28.158534
WELL-011,2026-09-14 10:00:00,18,7.832034,28.347722
WELL-011,2026-09-14 10:00:00,19,8.749205,28.526324
WELL-011,2026-09-14 10:00:00,20,9.711531,28.69587
WELL-011,2026-09-14 10:00:00,21,10.717839,28.858311
WELL-011,2026-09-14 10:00:00,22,11.766904,29.015713
WELL-011,2026-09-14 10:00:00,23,12.857446,29.169932
WELL-011,2026-09-14 10:00:00,24,13.988138,29.322319
WELL-011,2026-09-14 10:00:00,25,15.157601,29.473504
WELL-011,2026-09-14 10:00:00,26,16.364411,29.623282
WELL-011,2026-09-14 10:00:00,27,17.607098,29.770619
WELL-011,2026-09-14 10:00:00,28,18.884148,29.913782
WELL-011,2026-09-14 10:00:00,29,20.194005,30.050574
WELL-011,2026-09-14 10:00:00,30,21.535072,30.178628
WELL-011,2026-09-14 10:00:00,31,22.905716,30.295731
WELL-011,2026-09-14 10:00:00,32,24.304268,30.400131
WELL-011,2026-09-14 10:00:00,33,25.729022,30.490766
WELL-011,2026-09-14 10:00:00,34,27.178244,30.5674
WELL-011,2026-09-14 10:00:00,35,28.650168,30.630638
WELL-011,2026-09-14 10:00:00,36,30.143,30.681819
WELL-011,2026-09-14 10:00:00,37,31.654921,30.722801
WELL-011,2026-09-14 10:00:00,38,33.184091,30.75567
WELL-011,2026-09-14 10:00:00,39,34.728644,30.782423
WELL-011,2026-09-14 10:00:00,40,36.2867,30.804659
WELL-011,2026-09-14 10:00:00,41,37.856361,30.823327
WELL-011,2026-09-14 10:00:00,42,39.435714,30.838581
WELL-011,2026-09-14 10:00:00,43,41.022834,30.849738
WELL-011,2026-09-14 10:00:00,44,42.615789,30.855371
WELL-011,2026-09-14 10:00:00,45,44.212637,30.853506
WELL-011,2026-09-14 10:00:00,46,45.811433,30.841906
WELL-011,2026-09-14 10:00:00,47,47.410229,30.818386
WELL-011,2026-09-14 10:00:00,48,49.007077,30.781136
WELL-011,2026-09-14 10:00:00,49,50.600031,30.728983
WELL-011,2026-09-14 10:00:00,50,52.187152,30.661564
WELL-011,2026-09-14 10:00:00,51,53.766504,30.579387
WELL-011,2026-09-14 10:00:00,52,55.336165,30.48377
WELL-011,2026-09-14 10:00:00,53,56.894221,30.376656
WELL-011,2026-09-14 10:00:00,54,58.438775,30.260352
WELL-011,2026-09-14 10:00:00,55,59.967944,30.137211
WELL-011,2026-09-14 10:00:00,56,61.479865,30.009314
WELL-011,2026-09-14 10:00:00,57,62.972697,29.878193
WELL-011,2026-09-14 10:00:00,58,64.444621,29.74464
WELL-011,2026-09-14 10:00:00,59,65.893843,29.608624
WELL-011,2026-09-14 10:00:00,60,67.318598,29.469337
WELL-011,2026-09-14 10:00:00,61,68.717149,29.325349
WELL-011,2026-09-14 10:00:00,62,70.087793,29.174863
WELL-011,2026-09-14 10:00:00,63,71.428861,29.016021
WELL-011,2026-09-14 10:00:00,64,72.738717,28.847232
WELL-011,2026-09-14 10:00:00,65,74.015767,28.667448
WELL-011,2026-09-14 10:00:00,66,75.258454,28.476379
WELL-011,2026-09-14 10:00:00,67,76.465264,28.274591
WELL-011,2026-09-14 10:00:00,68,77.634728,28.063482
WELL-011,2026-09-14 10:00:00,69,78.76542,27.845142
WELL-011,2026-09-14 10:00:00,70,79.855962,27.62211
WELL-011,2026-09-14 10:00:00,71,80.905026,27.397071
WELL-011,2026-09-14 10:00:00,72,81.911334,27.172524
WELL-011,2026-09-14 10:00:00,73,82.87366,26.950491
WELL-011,2026-09-14 10:00:00,74,83.790832,26.732278
WELL-011,2026-09-14 10:00:00,75,84.661731,26.518359
WELL-011,2026-09-14 10:00:00,76,85.485297,26.308363
WELL-011,2026-09-14 10:00:00,77,86.260527,26.101196
WELL-011,2026-09-14 10:00:00,78,86.986476,25.895257
WELL-011,2026-09-14 10:00:00,79,87.662259,25.688735
WELL-011,2026-09-14 10:00:00,80,88.287053,25.479928
WELL-011,2026-09-14 10:00:00,81,88.860098,25.267547
WELL-011,2026-09-14 10:00:00,82,89.380694,25.050953
WELL-011,2026-09-14 10:00:00,83,89.848208,24.830304
WELL-011,2026-09-14 10:00:00,84,90.26207,24.606576
WELL-011,2026-09-14 10:00:00,85,90.621776,24.381461
WELL-011,2026-09-14 10:00:00,86,90.926887,24.157168
WELL-011,2026-09-14 10:00:00,87,91.177032,23.936126
WELL-011,2026-09-14 10:00:00,88,91.371906,23.720673
WELL-011,2026-09-14 10:00:00,89,91.511271,23.512736
WELL-011,2026-09-14 10:00:00,90,91.594958,23.313577
WELL-011,2026-09-14 10:00:00,91,91.622865,23.123631
WELL-011,2026-09-14 10:00:00,92,91.594958,22.942457
WELL-011,2026-09-14 10:00:00,93,91.511271,22.768815
WELL-011,2026-09-14 10:00:00,94,91.371906,22.600859
WELL-011,2026-09-14 10:00:00,95,91.177032,22.436406
WELL-011,2026-09-14 10:00:00,96,90.926887,22.27326
WELL-011,2026-09-14 10:00:00,97,90.621776,22.109529
WELL-011,2026-09-14 10:00:00,98,90.26207,21.943899
WELL-011,2026-09-14 10:00:00,99,89.848208,21.775816
WELL-011,2026-09-14 10:00:00,100,89.380694,21.60556
WELL-011,2026-09-14 10:00:00,101,88.860098,21.434193
WELL-011,2026-09-14 10:00:00,102,88.287053,21.263392
WELL-011,2026-09-14 10:00:00,103,87.662259,21.095191
WELL-011,2026-09-14 10:00:00,104,86.986476,20.931669
WELL-011,2026-09-14 10:00:00,105,86.260527,20.774636
WELL-011,2026-09-14 10:00:00,106,85.485297,20.625348
WELL-011,2026-09-14 10:00:00,107,84.661731,20.484313
WELL-011,2026-09-14 10:00:00,108,83.790832,20.351204
WELL-011,2026-09-14 10:00:00,109,82.87366,20.224885
WELL-011,2026-09-14 10:00:00,110,81.911334,20.103572
WELL-011,2026-09-14 10:00:00,111,80.905026,19.98508
WELL-011,2026-09-14 10:00:00,112,79.855962,19.867128
WELL-011,2026-09-14 10:00:00,113,78.76542,19.747669
WELL-011,2026-09-14 10:00:00,114,77.634728,19.625181
WELL-011,2026-09-14 10:00:00,115,76.465264,19.498888
WELL-011,2026-09-14 10:00:00,116,75.258454,19.368877
WELL-011,2026-09-14 10:00:00,117,74.015767,19.236083
WELL-011,2026-09-14 10:00:00,118,72.738717,19.102167
WELL-011,2026-09-14 10:00:00,119,71.428861,18.969284
WELL-011,2026-09-14 10:00:00,120,70.087793,18.839782
WELL-011,2026-09-14 10:00:00,121,68.717149,18.715877
WELL-011,2026-09-14 10:00:00,122,67.318598,18.599358
WELL-011,2026-09-14 10:00:00,123,65.893843,18.491346
WELL-011,2026-09-14 10:00:00,124,64.444621,18.392159
WELL-011,2026-09-14 10:00:00,125,62.972697,18.301303
WELL-011,2026-09-14 10:00:00,126,61.479865,18.217575
WELL-011,2026-09-14 10:00:00,127,59.967944,18.139275
WELL-011,2026-09-14 10:00:00,128,58.438775,18.064497
WELL-011,2026-09-14 10:00:00,129,56.894221,17.991449
WELL-011,2026-09-14 10:00:00,130,55.336165,17.91876
WELL-011,2026-09-14 10:00:00,131,53.766504,17.845723
WELL-011,2026-09-14 10:00:00,132,52.187152,17.772452
WELL-011,2026-09-14 10:00:00,133,50.600031,17.699911
WELL-011,2026-09-14 10:00:00,134,49.007077,17.629826
WELL-011,2026-09-14 10:00:00,135,47.410229,17.564485
WELL-011,2026-09-14 10:00:00,136,45.811433,17.506455
WELL-011,2026-09-14 10:00:00,137,44.212637,17.458256
WELL-011,2026-09-14 10:00:00,138,42.615789,17.42205
WELL-011,2026-09-14 10:00:00,139,41.022834,17.399367
WELL-011,2026-09-14 10:00:00,140,39.435714,17.390936
WELL-011,2026-09-14 10:00:00,141,37.856361,17.396616
WELL-011,2026-09-14 10:00:00,142,36.2867,17.415464
WELL-011,2026-09-14 10:00:00,143,34.728644,17.44591
WELL-011,2026-09-14 10:00:00,144,33.184091,17.486021
WELL-011,2026-09-14 10:00:00,145,31.654921,17.533815
WELL-011,2026-09-14 10:00:00,146,30.143,17.587577
WELL-011,2026-09-14 10:00:00,147,28.650168,17.646138
WELL-011,2026-09-14 10:00:00,148,27.178244,17.709059
WELL-011,2026-09-14 10:00:00,149,25.729022,17.776714
WELL-011,2026-09-14 10:00:00,150,24.304268,17.850245
WELL-011,2026-09-14 10:00:00,151,22.905716,17.931402
WELL-011,2026-09-14 10:00:00,152,21.535072,18.02229
WELL-011,2026-09-14 10:00:00,153,20.194005,18.125053
WELL-011,2026-09-14 10:00:00,154,18.884148,18.24156
WELL-011,2026-09-14 10:00:00,155,17.607098,18.37311
WELL-011,2026-09-14 10:00:00,156,16.364411,18.52023
WELL-011,2026-09-14 10:00:00,157,15.157601,18.682568
WELL-011,2026-09-14 10:00:00,158,13.988138,18.858918
WELL-011,2026-09-14 10:00:00,159,12.857446,19.047359
WELL-011,2026-09-14 10:00:00,160,11.766904,19.245497
WELL-011,2026-09-14 10:00:00,161,10.717839,19.450771
WELL-011,2026-09-14 10:00:00,162,9.711531,19.660774
WELL-011,2026-09-14 10:00:00,163,8.749205,19.87356
WELL-011,2026-09-14 10:00:00,164,7.832034,20.087863
WELL-011,2026-09-14 10:00:00,165,6.961134,20.303231
WELL-011,2026-09-14 10:00:00,166,6.137568,20.520028
WELL-011,2026-09-14 10:00:00,167,5.362338,20.739315
WELL-011,2026-09-14 10:00:00,168,4.63639,20.962632
WELL-011,2026-09-14 10:00:00,169,3.960606,21.191706
WELL-011,2026-09-14 10:00:00,170,3.335812,21.42813
WELL-011,2026-09-14 10:00:00,171,2.762767,21.673059
WELL-011,2026-09-14 10:00:00,172,2.242171,21.926972
WELL-011,2026-09-14 10:00:00,173,1.774657,22.189529
WELL-011,2026-09-14 10:00:00,174,1.360795,22.459552
WELL-011,2026-09-14 10:00:00,175,1.00109,22.73512
WELL-011,2026-09-14 10:00:00,176,0.695979,23.013782
WELL-011,2026-09-14 10:00:00,177,0.445834,23.292841
WELL-011,2026-09-14 10:00:00,178,0.25096,23.569678
WELL-011,2026-09-14 10:00:00,179,0.111594,23.842067
WELL-011,2026-09-14 10:00:00,180,0.027907,24.108431
WELL-011,2026-09-14 10:00:00,181,0.0,24.368009
WELL-012,2026-09-12 11:00:00,1,0.0,24.42762
WELL-012,2026-09-12 11:00:00,2,0.02772,24.672364
WELL-012,2026-09-12 11:00:00,3,0.110845,24.91211
WELL-012,2026-09-12 11:00:00,4,0.249274,25.148553
WELL-012,2026-09-12 11:00:00,5,0.442838,25.383555
WELL-012,2026-09-12 11:00:00,6,0.691302,25.618817
WELL-012,2026-09-12 11:00:00,7,0.994363,25.855586
WELL-012,2026-09-12 11:00:00,8,1.351652,26.09442
WELL-012,2026-09-12 11:00:00,9,1.762733,26.335066
WELL-012,2026-09-12 11:00:00,10,2.227106,26.576453
WELL-012,2026-09-12 11:00:00,11,2.744204,26.816807
WELL-012,2026-09-12 11:00:00,12,3.313398,27.053872
WELL-012,2026-09-12 11:00:00,13,3.933994,27.285202
WELL-012,2026-09-12 11:00:00,14,4.605237,27.508482
WELL-012,2026-09-12 11:00:00,15,5.326308,27.721837
WELL-012,2026-09-12 11:00:00,16,6.096329,27.924071
WELL-012,2026-09-12 11:00:00,17,6.914361,28.114814
WELL-012,2026-09-12 11:00:00,18,7.779409,28.294549
WELL-012,2026-09-12 11:00:00,19,8.690418,28.464515
WELL-012,2026-09-12 11:00:00,20,9.646277,28.626503
WELL-012,2026-09-12 11:00:00,21,10.645824,28.78257
WELL-012,2026-09-12 11:00:00,22,11.687839,28.934718
WELL-012,2026-09-12 11:00:00,23,12.771054,29.084581
WELL-012,2026-09-12 11:00:00,24,13.894149,29.233162
WELL-012,2026-09-12 11:00:00,25,15.055754,29.380671
WELL-012,2026-09-12 11:00:00,26,16.254456,29.526469
WELL-012,2026-09-12 11:00:00,27,17.488793,29.669144
WELL-012,2026-09-12 11:00:00,28,18.757262,29.806694
WELL-012,2026-09-12 11:00:00,29,20.058317,29.936802
WELL-012,2026-09-12 11:00:00,30,21.390374,30.057149
WELL-012,2026-09-12 11:00:00,31,22.751808,30.165736
WELL-012,2026-09-12 11:00:00,32,24.140963,30.261154
WELL-012,2026-09-12 11:00:00,33,25.556144,30.342767
WELL-012,2026-09-12 11:00:00,34,26.995629,30.410792
WELL-012,2026-09-12 11:00:00,35,28.457662,30.466241
WELL-012,2026-09-12 11:00:00,36,29.940463,30.510762
WELL-012,2026-09-12 11:00:00,37,31.442226,30.546375
WELL-012,2026-09-12 11:00:00,38,32.96112,30.575163
WELL-012,2026-09-12 11:00:00,39,34.495296,30.598955
WELL-012,2026-09-12 11:00:00,40,36.042883,30.619038
WELL-012,2026-09-12 11:00:00,41,37.601997,30.63596
WELL-012,2026-09-12 11:00:00,42,39.170737,30.649435
WELL-012,2026-09-12 11:00:00,43,40.747194,30.658374
WELL-012,2026-09-12 11:00:00,44,42.329445,30.661032
WELL-012,2026-09-12 11:00:00,45,43.915564,30.655255
WELL-012,2026-09-12 11:00:00,46,45.503617,30.638788
WELL-012,2026-09-12 11:00:00,47,47.09167,30.6096
WELL-012,2026-09-12 11:00:00,48,48.677789,30.566178
WELL-012,2026-09-12 11:00:00,49,50.26004,30.507749
WELL-012,2026-09-12 11:00:00,50,51.836496,30.434397
WELL-012,2026-09-12 11:00:00,51,53.405237,30.347059
WELL-012,2026-09-12 11:00:00,52,54.964351,30.247396
WELL-012,2026-09-12 11:00:00,53,56.511938,30.13757
WELL-012,2026-09-12 11:00:00,54,58.046114,30.019942
WELL-012,2026-09-12 11:00:00,55,59.565008,29.89675
WELL-012,2026-09-12 11:00:00,56,61.06677,29.769808
WELL-012,2026-09-12 11:00:00,57,62.549572,29.640269
WELL-012,2026-09-12 11:00:00,58,64.011605,29.508487
WELL-012,2026-09-12 11:00:00,59,65.45109,29.374002
WELL-012,2026-09-12 11:00:00,60,66.866271,29.235644
WELL-012,2026-09-12 11:00:00,61,68.255425,29.091744
WELL-012,2026-09-12 11:00:00,62,69.61686,28.940423
WELL-012,2026-09-12 11:00:00,63,70.948917,28.779912
WELL-012,2026-09-12 11:00:00,64,72.249972,28.608862
WELL-012,2026-09-12 11:00:00,65,73.518441,28.426591
WELL-012,2026-09-12 11:00:00,66,74.752778,28.233242
WELL-012,2026-09-12 11:00:00,67,75.95148,28.029816
WELL-012,2026-09-12 11:00:00,68,77.113085,27.81809
WELL-012,2026-09-12 11:00:00,69,78.23618,27.600418
WELL-012,2026-09-12 11:00:00,70,79.319394,27.379451
WELL-012,2026-09-12 11:00:00,71,80.36141,27.157812
WELL-012,2026-09-12 11:00:00,72,81.360956,26.937784
WELL-012,2026-09-12 11:00:00,73,82.316816,26.721036
WELL-012,2026-09-12 11:00:00,74,83.227825,26.50845
WELL-012,2026-09-12 11:00:00,75,84.092873,26.300052
WELL-012,2026-09-12 11:00:00,76,84.910905,26.095075
WELL-012,2026-09-12 11:00:00,77,85.680926,25.89213
WELL-012,2026-09-12 11:00:00,78,86.401997,25.689472
WELL-012,2026-09-12 11:00:00,79,87.073239,25.48531
WELL-012,2026-09-12 11:00:00,80,87.693836,25.278129
WELL-012,2026-09-12 11:00:00,81,88.26303,25.066959
WELL-012,2026-09-12 11:00:00,82,88.780128,24.851574
WELL-012,2026-09-12 11:00:00,83,89.244501,24.632569
WELL-012,2026-09-12 11:00:00,84,89.655582,24.411322
WELL-012,2026-09-12 11:00:00,85,90.012871,24.189834
WELL-012,2026-09-12 11:00:00,86,90.315932,23.970475
WELL-012,2026-09-12 11:00:00,87,90.564396,23.755678
WELL-012,2026-09-12 11:00:00,88,90.75796,23.547609
WELL-012,2026-09-12 11:00:00,89,90.896389,23.347886
WELL-012,2026-09-12 11:00:00,90,90.979514,23.157362
WELL-012,2026-09-12 11:00:00,91,91.007234,22.97602
WELL-012,2026-09-12 11:00:00,92,90.979514,22.802994
WELL-012,2026-09-12 11:00:00,93,90.896389,22.636705
WELL-012,2026-09-12 11:00:00,94,90.75796,22.475097
WELL-012,2026-09-12 11:00:00,95,90.564396,22.315946
WELL-012,2026-09-12 11:00:00,96,90.315932,22.157179
WELL-012,2026-09-12 11:00:00,97,90.012871,21.99718
WELL-012,2026-09-12 11:00:00,98,89.655582,21.835014
WELL-012,2026-09-12 11:00:00,99,89.244501,21.670561
WELL-012,2026-09-12 11:00:00,100,88.780128,21.504521
WELL-012,2026-09-12 11:00:00,101,88.26303,21.338301
WELL-012,2026-09-12 11:00:00,102,87.693836,21.173796
WELL-012,2026-09-12 11:00:00,103,87.073239,21.013099
WELL-012,2026-09-12 11:00:00,104,86.401997,20.85818
WELL-012,2026-09-12 11:00:00,105,85.680926,20.71058
WELL-012,2026-09-12 11:00:00,106,84.910905,20.571177
WELL-012,2026-09-12 11:00:00,107,84.092873,20.440034
WELL-012,2026-09-12 11:00:00,108,83.227825,20.316377
WELL-012,2026-09-12 11:00:00,109,82.316816,20.198694
WELL-012,2026-09-12 11:00:00,110,81.360956,20.084939
WELL-012,2026-09-12 11:00:00,111,80.36141,19.972821
WELL-012,2026-09-12 11:00:00,112,79.319394,19.860123
WELL-012,2026-09-12 11:00:00,113,78.23618,19.745019
WELL-012,2026-09-12 11:00:00,114,77.113085,19.626337
WELL-012,2026-09-12 11:00:00,115,75.95148,19.503722
WELL-012,2026-09-12 11:00:00,116,74.752778,19.37769
WELL-012,2026-09-12 11:00:00,117,73.518441,19.249558
WELL-012,2026-09-12 11:00:00,118,72.249972,19.121256
WELL-012,2026-09-12 11:00:00,119,70.948917,18.995057
WELL-012,2026-09-12 11:00:00,120,69.61686,18.87326
WELL-012,2026-09-12 11:00:00,121,68.255425,18.757872
WELL-012,2026-09-12 11:00:00,122,66.866271,18.650336
WELL-012,2026-09-12 11:00:00,123,65.45109,18.551344
WELL-012,2026-09-12 11:00:00,124,64.011605,18.460767
WELL-012,2026-09-12 11:00:00,125,62.549572,18.3777
WELL-012,2026-09-12 11:00:00,126,61.06677,18.300632
WELL-012,2026-09-12 11:00:00,127,59.565008,18.227701
WELL-012,2026-09-12 11:00:00,128,58.046114,18.157004
WELL-012,2026-09-12 11:00:00,129,56.511938,18.086918
WELL-012,2026-09-12 11:00:00,130,54.964351,18.016381
WELL-012,2026-09-12 11:00:00,131,53.405237,17.94509
WELL-012,2026-09-12 11:00:00,132,51.836496,17.873597
WELL-012,2026-09-12 11:00:00,133,50.26004,17.803274
WELL-012,2026-09-12 11:00:00,134,48.677789,17.736165
WELL-012,2026-09-12 11:00:00,135,47.09167,17.674737
WELL-012,2026-09-12 11:00:00,136,45.503617,17.621573
WELL-012,2026-09-12 11:00:00,137,43.915564,17.579042
WELL-012,2026-09-12 11:00:00,138,42.329445,17.549008
WELL-012,2026-09-12 11:00:00,139,40.747194,17.532601
WELL-012,2026-09-12 11:00:00,140,39.170737,17.530102
WELL-012,2026-09-12 11:00:00,141,37.601997,17.540945
WELL-012,2026-09-12 11:00:00,142,36.042883,17.563838
WELL-012,2026-09-12 11:00:00,143,34.495296,17.596996
WELL-012,2026-09-12 11:00:00,144,32.96112,17.638431
WELL-012,2026-09-12 11:00:00,145,31.442226,17.686276
WELL-012,2026-09-12 11:00:00,146,29.940463,17.739083
WELL-012,2026-09-12 11:00:00,147,28.457662,17.796062
WELL-012,2026-09-12 11:00:00,148,26.995629,17.857212
WELL-012,2026-09-12 11:00:00,149,25.556144,17.923336
WELL-012,2026-09-12 11:00:00,150,24.140963,17.995938
WELL-012,2026-09-12 11:00:00,151,22.751808,18.077008
WELL-012,2026-09-12 11:00:00,152,21.390374,18.16873
WELL-012,2026-09-12 11:00:00,153,20.058317,18.273162
WELL-012,2026-09-12 11:00:00,154,18.757262,18.39193
WELL-012,2026-09-12 11:00:00,155,17.488793,18.525967
WELL-012,2026-09-12 11:00:00,156,16.254456,18.675368
WELL-012,2026-09-12 11:00:00,157,15.055754,18.839343
WELL-012,2026-09-12 11:00:00,158,13.894149,19.01631
WELL-012,2026-09-12 11:00:00,159,12.771054,19.204082
WELL-012,2026-09-12 11:00:00,160,11.687839,19.400157
WELL-012,2026-09-12 11:00:00,161,10.645824,19.602029
WELL-012,2026-09-12 11:00:00,162,9.646277,19.807515
WELL-012,2026-09-12 11:00:00,163,8.690418,20.015014
WELL-012,2026-09-12 11:00:00,164,7.779409,20.223691
WELL-012,2026-09-12 11:00:00,165,6.914361,20.433538
WELL-012,2026-09-12 11:00:00,166,6.096329,20.645317
WELL-012,2026-09-12 11:00:00,167,5.326308,20.860381
WELL-012,2026-09-12 11:00:00,168,4.605237,21.080417
WELL-012,2026-09-12 11:00:00,169,3.933994,21.307131
WELL-012,2026-09-12 11:00:00,170,3.313398,21.54193
WELL-012,2026-09-12 11:00:00,171,2.744204,21.785647
WELL-012,2026-09-12 11:00:00,172,2.227106,22.038351
WELL-012,2026-09-12 11:00:00,173,1.762733,22.299264
WELL-012,2026-09-12 11:00:00,174,1.351652,22.566805
WELL-012,2026-09-12 11:00:00,175,0.994363,22.838748
WELL-012,2026-09-12 11:00:00,176,0.691302,23.112474
WELL-012,2026-09-12 11:00:00,177,0.442838,23.385289
WELL-012,2026-09-12 11:00:00,178,0.249274,23.654742
WELL-012,2026-09-12 11:00:00,179,0.110845,23.918917
WELL-012,2026-09-12 11:00:00,180,0.02772,24.176647
WELL-012,2026-09-12 11:00:00,181,0.0,24.42762
WELL-012,2026-09-15 11:00:00,1,0.0,24.442146
WELL-012,2026-09-15 11:00:00,2,0.028052,24.693693
WELL-012,2026-09-15 11:00:00,3,0.112175,24.940361
WELL-012,2026-09-15 11:00:00,4,0.252265,25.183838
WELL-012,2026-09-15 11:00:00,5,0.448152,25.425977
WELL-012,2026-09-15 11:00:00,6,0.699598,25.668472
WELL-012,2026-09-15 11:00:00,7,1.006296,25.912558
WELL-012,2026-09-15 11:00:00,8,1.367872,26.158787
WELL-012,2026-09-15 11:00:00,9,1.783886,26.406895
WELL-012,2026-09-15 11:00:00,10,2.253831,26.655803
WELL-012,2026-09-15 11:00:00,11,2.777134,26.903728
WELL-012,2026-09-15 11:00:00,12,3.353159,27.148403
WELL-012,2026-09-15 11:00:00,13,3.981202,27.387375
WELL-012,2026-09-15 11:00:00,14,4.6605,27.618318
WELL-012,2026-09-15 11:00:00,15,5.390224,27.839349
WELL-012,2026-09-15 11:00:00,16,6.169485,28.049262
WELL-012,2026-09-15 11:00:00,17,6.997334,28.247678
WELL-012,2026-09-15 11:00:00,18,7.872762,28.43507
WELL-012,2026-09-15 11:00:00,19,8.794703,28.612668
WELL-012,2026-09-15 11:00:00,20,9.762033,28.782253
WELL-012,2026-09-15 11:00:00,21,10.773574,28.945874
WELL-012,2026-09-15 11:00:00,22,11.828094,29.105524
WELL-012,2026-09-15 11:00:00,23,12.924307,29.262826
WELL-012,2026-09-15 11:00:00,24,14.060878,29.418776
WELL-012,2026-09-15 11:00:00,25,15.236423,29.573573
WELL-012,2026-09-15 11:00:00,26,16.449509,29.726571
WELL-012,2026-09-15 11:00:00,27,17.698659,29.876347
WELL-012,2026-09-15 11:00:00,28,18.982349,30.020894
WELL-012,2026-09-15 11:00:00,29,20.299017,30.157883
WELL-012,2026-09-15 11:00:00,30,21.647058,30.284988
WELL-012,2026-09-15 11:00:00,31,23.02483,30.400201
WELL-012,2026-09-15 11:00:00,32,24.430654,30.502106
WELL-012,2026-09-15 11:00:00,33,25.862818,30.590059
WELL-012,2026-09-15 11:00:00,34,27.319576,30.664268
WELL-012,2026-09-15 11:00:00,35,28.799154,30.72574
WELL-012,2026-09-15 11:00:00,36,30.299749,30.776113
WELL-012,2026-09-15 11:00:00,37,31.819533,30.8174
WELL-012,2026-09-15 11:00:00,38,33.356654,30.85168
WELL-012,2026-09-15 11:00:00,39,34.909239,30.880772
WELL-012,2026-09-15 11:00:00,40,36.475398,30.905958
WELL-012,2026-09-15 11:00:00,41,38.053221,30.92778
WELL-012,2026-09-15 11:00:00,42,39.640786,30.945946
WELL-012,2026-09-15 11:00:00,43,41.23616,30.95936
WELL-012,2026-09-15 11:00:00,44,42.837398,30.966272
WELL-012,2026-09-15 11:00:00,45,44.44255,30.964524
WELL-012,2026-09-15 11:00:00,46,46.04966,30.951856
WELL-012,2026-09-15 11:00:00,47,47.65677,30.926231
WELL-012,2026-09-15 11:00:00,48,49.261922,30.886133
WELL-012,2026-09-15 11:00:00,49,50.863161,30.830784
WELL-012,2026-09-15 11:00:00,50,52.458534,30.760265
WELL-012,2026-09-15 11:00:00,51,54.0461,30.675509
WELL-012,2026-09-15 11:00:00,52,55.623923,30.578174
WELL-012,2026-09-15 11:00:00,53,57.190081,30.47042
WELL-012,2026-09-15 11:00:00,54,58.742667,30.354603
WELL-012,2026-09-15 11:00:00,55,60.279788,30.232962
WELL-012,2026-09-15 11:00:00,56,61.799572,30.107307
WELL-012,2026-09-15 11:00:00,57,63.300167,29.97879
WELL-012,2026-09-15 11:00:00,58,64.779745,29.847764
WELL-012,2026-09-15 11:00:00,59,66.236503,29.713767
WELL-012,2026-09-15 11:00:00,60,67.668666,29.57563
WELL-012,2026-09-15 11:00:00,61,69.07449,29.431683
WELL-012,2026-09-15 11:00:00,62,70.452262,29.280046
WELL-012,2026-09-15 11:00:00,63,71.800304,29.118953
WELL-012,2026-09-15 11:00:00,64,73.116971,28.947053
WELL-012,2026-09-15 11:00:00,65,74.400662,28.763667
WELL-012,2026-09-15 11:00:00,66,75.649811,28.568937
WELL-012,2026-09-15 11:00:00,67,76.862897,28.363869
WELL-012,2026-09-15 11:00:00,68,78.038442,28.15024
WELL-012,2026-09-15 11:00:00,69,79.175014,27.930406
WELL-012,2026-09-15 11:00:00,70,80.271227,27.707021
WELL-012,2026-09-15 11:00:00,71,81.325747,27.482711
WELL-012,2026-09-15 11:00:00,72,82.337288,27.259763
WELL-012,2026-09-15 11:00:00,73,83.304618,27.039849
WELL-012,2026-09-15 11:00:00,74,84.226559,26.823854
WELL-012,2026-09-15 11:00:00,75,85.101987,26.61181
WELL-012,2026-09-15 11:00:00,76,85.929836,26.402952
WELL-012,2026-09-15 11:00:00,77,86.709097,26.195898
WELL-012,2026-09-15 11:00:00,78,87.438821,25.988906
WELL-012,2026-09-15 11:00:00,79,88.118118,25.780193
WELL-012,2026-09-15 11:00:00,80,88.746162,25.568247
WELL-012,2026-09-15 11:00:00,81,89.322186,25.352105
WELL-012,2026-09-15 11:00:00,82,89.84549,25.131547
WELL-012,2026-09-15 11:00:00,83,90.315435,24.907174
WELL-012,2026-09-15 11:00:00,84,90.731449,24.68037
WELL-012,2026-09-15 11:00:00,85,91.093025,24.453144
WELL-012,2026-09-15 11:00:00,86,91.399723,24.227872
WELL-012,2026-09-15 11:00:00,87,91.651168,24.006995
WELL-012,2026-09-15 11:00:00,88,91.847056,23.792686
WELL-012,2026-09-15 11:00:00,89,91.987146,23.586571
WELL-012,2026-09-15 11:00:00,90,92.071268,23.389509
WELL-012,2026-09-15 11:00:00,91,92.099321,23.201494
WELL-012,2026-09-15 11:00:00,92,92.071268,23.021666
WELL-012,2026-09-15 11:00:00,93,91.987146,22.848454
WELL-012,2026-09-15 11:00:00,94,91.847056,22.679812
WELL-012,2026-09-15 11:00:00,95,91.651168,22.513523
WELL-012,2026-09-15 11:00:00,96,91.399723,22.347525
WELL-012,2026-09-15 11:00:00,97,91.093025,22.180207
WELL-012,2026-09-15 11:00:00,98,90.731449,22.010647
WELL-012,2026-09-15 11:00:00,99,90.315435,21.838732
WELL-012,2026-09-15 11:00:00,100,89.84549,21.665171
WELL-012,2026-09-15 11:00:00,101,89.322186,21.491381
WELL-012,2026-09-15 11:00:00,102,88.746162,21.319265
WELL-012,2026-09-15 11:00:00,103,88.118118,21.150926
WELL-012,2026-09-15 11:00:00,104,87.438821,20.988343
WELL-012,2026-09-15 11:00:00,105,86.709097,20.833068
WELL-012,2026-09-15 11:00:00,106,85.929836,20.685986
WELL-012,2026-09-15 11:00:00,107,85.101987,20.54717
WELL-012,2026-09-15 11:00:00,108,84.226559,20.415856
WELL-012,2026-09-15 11:00:00,109,83.304618,20.290541
WELL-012,2026-09-15 11:00:00,110,82.337288,20.169189
WELL-012,2026-09-15 11:00:00,111,81.325747,20.049517
WELL-012,2026-09-15 11:00:00,112,80.271227,19.929317
WELL-012,2026-09-15 11:00:00,113,79.175014,19.806774
WELL-012,2026-09-15 11:00:00,114,78.038442,19.680724
WELL-012,2026-09-15 11:00:00,115,76.862897,19.55082
WELL-012,2026-09-15 11:00:00,116,75.649811,19.417588
WELL-012,2026-09-15 11:00:00,117,74.400662,19.282354
WELL-012,2026-09-15 11:00:00,118,73.116971,19.147056
WELL-012,2026-09-15 11:00:00,119,71.800304,19.013976
WELL-012,2026-09-15 11:00:00,120,70.452262,18.885422
WELL-012,2026-09-15 11:00:00,121,69.07449,18.763407
WELL-012,2026-09-15 11:00:00,122,67.668666,18.649384
WELL-012,2026-09-15 11:00:00,123,66.236503,18.544052
WELL-012,2026-09-15 11:00:00,124,64.779745,18.44729
WELL-012,2026-09-15 11:00:00,125,63.300167,18.358201
WELL-012,2026-09-15 11:00:00,126,61.799572,18.275281
WELL-012,2026-09-15 11:00:00,127,60.279788,18.196675
WELL-012,2026-09-15 11:00:00,128,58.742667,18.120487
WELL-012,2026-09-15 11:00:00,129,57.190081,18.045101
WELL-012,2026-09-15 11:00:00,130,55.623923,17.969461
WELL-012,2026-09-15 11:00:00,131,54.0461,17.893271
WELL-012,2026-09-15 11:00:00,132,52.458534,17.817087
WELL-012,2026-09-15 11:00:00,133,50.863161,17.742289
WELL-012,2026-09-15 11:00:00,134,49.261922,17.670925
WELL-012,2026-09-15 11:00:00,135,47.65677,17.605468
WELL-012,2026-09-15 11:00:00,136,46.04966,17.548504
WELL-012,2026-09-15 11:00:00,137,44.44255,17.50241
WELL-012,2026-09-15 11:00:00,138,42.837398,17.469053
WELL-012,2026-09-15 11:00:00,139,41.23616,17.449566
WELL-012,2026-09-15 11:00:00,140,39.640786,17.444234
WELL-012,2026-09-15 11:00:00,141,38.053221,17.452494
WELL-012,2026-09-15 11:00:00,142,36.475398,17.47306
WELL-012,2026-09-15 11:00:00,143,34.909239,17.504147
WELL-012,2026-09-15 11:00:00,144,33.356654,17.54377
WELL-012,2026-09-15 11:00:00,145,31.819533,17.590064
WELL-012,2026-09-15 11:00:00,146,30.299749,17.641585
WELL-012,2026-09-15 11:00:00,147,28.799154,17.697542
WELL-012,2026-09-15 11:00:00,148,27.319576,17.757935
WELL-012,2026-09-15 11:00:00,149,25.862818,17.823571
WELL-012,2026-09-15 11:00:00,150,24.430654,17.895952
WELL-012,2026-09-15 11:00:00,151,23.02483,17.977069
WELL-012,2026-09-15 11:00:00,152,21.647058,18.069106
WELL-012,2026-09-15 11:00:00,153,20.299017,18.174122
WELL-012,2026-09-15 11:00:00,154,18.982349,18.293738
WELL-012,2026-09-15 11:00:00,155,17.698659,18.428891
WELL-012,2026-09-15 11:00:00,156,16.449509,18.579672
WELL-012,2026-09-15 11:00:00,157,15.236423,18.74529
WELL-012,2026-09-15 11:00:00,158,14.060878,18.92416
WELL-012,2026-09-15 11:00:00,159,12.924307,19.114095
WELL-012,2026-09-15 11:00:00,160,11.828094,19.312587
WELL-012,2026-09-15 11:00:00,161,10.773574,19.51713
WELL-012,2026-09-15 11:00:00,162,9.762033,19.725536
WELL-012,2026-09-15 11:00:00,163,8.794703,19.936202
WELL-012,2026-09-15 11:00:00,164,7.872762,20.148287
WELL-012,2026-09-15 11:00:00,165,6.997334,20.361781
WELL-012,2026-09-15 11:00:00,166,6.169485,20.57744
WELL-012,2026-09-15 11:00:00,167,5.390224,20.796613
WELL-012,2026-09-15 11:00:00,168,4.6605,21.020982
WELL-012,2026-09-15 11:00:00,169,3.981202,21.252248
WELL-012,2026-09-15 11:00:00,170,3.353159,21.491812
WELL-012,2026-09-15 11:00:00,171,2.777134,21.740501
WELL-012,2026-09-15 11:00:00,172,2.253831,21.998378
WELL-012,2026-09-15 11:00:00,173,1.783886,22.264659
WELL-012,2026-09-15 11:00:00,174,1.367872,22.537757
WELL-012,2026-09-15 11:00:00,175,1.006296,22.815438
WELL-012,2026-09-15 11:00:00,176,0.699598,23.095077
WELL-012,2026-09-15 11:00:00,177,0.448152,23.373972
WELL-012,2026-09-15 11:00:00,178,0.252265,23.649665
WELL-012,2026-09-15 11:00:00,179,0.112175,23.920232
WELL-012,2026-09-15 11:00:00,180,0.028052,24.184499
WELL-012,2026-09-15 11:00:00,181,0.0,24.442146
WELL-013,2026-09-13 08:00:00,1,0.0,24.500468
WELL-013,2026-09-13 08:00:00,2,0.029599,24.744311
WELL-013,2026-09-13 08:00:00,3,0.11836,24.984196
WELL-013,2026-09-13 08:00:00,4,0.266174,25.221933
WELL-013,2026-09-13 08:00:00,5,0.472861,25.45933
WELL-013,2026-09-13 08:00:00,6,0.738171,25.697875
WELL-013,2026-09-13 08:00:00,7,1.061779,25.938468
WELL-013,2026-09-13 08:00:00,8,1.443291,26.181242
WELL-013,2026-09-13 08:00:00,9,1.882242,26.425502
WELL-013,2026-09-13 08:00:00,10,2.378098,26.669778
WELL-013,2026-09-13 08:00:00,11,2.930255,26.912004
WELL-013,2026-09-13 08:00:00,12,3.538039,27.149776
WELL-013,2026-09-13 08:00:00,13,4.20071,27.380667
WELL-013,2026-09-13 08:00:00,14,4.917462,27.60255
WELL-013,2026-09-13 08:00:00,15,5.68742,27.813871
WELL-013,2026-09-13 08:00:00,16,6.509646,28.013847
WELL-013,2026-09-13 08:00:00,17,7.383139,28.202551
WELL-013,2026-09-13 08:00:00,18,8.306835,28.380873
WELL-013,2026-09-13 08:00:00,19,9.279608,28.550367
WELL-013,2026-09-13 08:00:00,20,10.300273,28.712999
WELL-013,2026-09-13 08:00:00,21,11.367587,28.870833
WELL-013,2026-09-13 08:00:00,22,12.480249,29.025715
WELL-013,2026-09-13 08:00:00,23,13.636903,29.178974
WELL-013,2026-09-13 08:00:00,24,14.83614,29.331213
WELL-013,2026-09-13 08:00:00,25,16.0765,29.482196
WELL-013,2026-09-13 08:00:00,26,17.356471,29.630864
WELL-013,2026-09-13 08:00:00,27,18.674494,29.775468
WELL-013,2026-09-13 08:00:00,28,20.028962,29.913804
WELL-013,2026-09-13 08:00:00,29,21.418226,30.043511
WELL-013,2026-09-13 08:00:00,30,22.840593,30.162401
WELL-013,2026-09-13 08:00:00,31,24.29433,30.268749
WELL-013,2026-09-13 08:00:00,32,25.777665,30.361534
WELL-013,2026-09-13 08:00:00,33,27.288793,30.440562
WELL-013,2026-09-13 08:00:00,34,28.825871,30.506476
WELL-013,2026-09-13 08:00:00,35,30.387027,30.560645
WELL-013,2026-09-13 08:00:00,36,31.970359,30.604946
WELL-013,2026-09-13 08:00:00,37,33.573938,30.641468
WELL-013,2026-09-13 08:00:00,38,35.19581,30.672199
WELL-013,2026-09-13 08:00:00,39,36.833999,30.698712
WELL-013,2026-09-13 08:00:00,40,38.486509,30.721923
WELL-013,2026-09-13 08:00:00,41,40.151327,30.741945
WELL-013,2026-09-13 08:00:00,42,41.826425,30.758056
WELL-013,2026-09-13 08:00:00,43,43.509761,30.768793
WELL-013,2026-09-13 08:00:00,44,45.199286,30.772154
WELL-013,2026-09-13 08:00:00,45,46.89294,30.765885
WELL-013,2026-09-13 08:00:00,46,48.588659,30.747799
WELL-013,2026-09-13 08:00:00,47,50.284379,30.716092
WELL-013,2026-09-13 08:00:00,48,51.978033,30.669604
WELL-013,2026-09-13 08:00:00,49,53.667557,30.607991
WELL-013,2026-09-13 08:00:00,50,55.350894,30.531778
WELL-013,2026-09-13 08:00:00,51,57.025991,30.44229
WELL-013,2026-09-13 08:00:00,52,58.69081,30.34147
WELL-013,2026-09-13 08:00:00,53,60.34332,30.231612
WELL-013,2026-09-13 08:00:00,54,61.981509,30.11504
WELL-013,2026-09-13 08:00:00,55,63.603381,29.993792
WELL-013,2026-09-13 08:00:00,56,65.20696,29.869349
WELL-013,2026-09-13 08:00:00,57,66.790291,29.742445
WELL-013,2026-09-13 08:00:00,58,68.351448,29.612992
WELL-013,2026-09-13 08:00:00,59,69.888526,29.480126
WELL-013,2026-09-13 08:00:00,60,71.399653,29.342375
WELL-013,2026-09-13 08:00:00,61,72.882989,29.197909
WELL-013,2026-09-13 08:00:00,62,74.336726,29.044856
WELL-013,2026-09-13 08:00:00,63,75.759093,28.881621
WELL-013,2026-09-13 08:00:00,64,77.148357,28.707166
WELL-013,2026-09-13 08:00:00,65,78.502825,28.521219
WELL-013,2026-09-13 08:00:00,66,79.820848,28.324367
WELL-013,2026-09-13 08:00:00,67,81.100818,28.118028
WELL-013,2026-09-13 08:00:00,68,82.341178,27.904304
WELL-013,2026-09-13 08:00:00,69,83.540416,27.685739
WELL-013,2026-09-13 08:00:00,70,84.69707,27.465011
WELL-013,2026-09-13 08:00:00,71,85.809732,27.2446
WELL-013,2026-09-13 08:00:00,72,86.877045,27.026501
WELL-013,2026-09-13 08:00:00,73,87.89771,26.811989
WELL-013,2026-09-13 08:00:00,74,88.870484,26.601504
WELL-013,2026-09-13 08:00:00,75,89.794179,26.394649
WELL-013,2026-09-13 08:00:00,76,90.667673,26.190311
WELL-013,2026-09-13 08:00:00,77,91.489899,25.986886
WELL-013,2026-09-13 08:00:00,78,92.259857,25.782574
WELL-013,2026-09-13 08:00:00,79,92.976608,25.5757
WELL-013,2026-09-13 08:00:00,80,93.63928,25.365013
WELL-013,2026-09-13 08:00:00,81,94.247064,25.149926
WELL-013,2026-09-13 08:00:00,82,94.79922,24.930651
WELL-013,2026-09-13 08:00:00,83,95.295076,24.708218
WELL-013,2026-09-13 08:00:00,84,95.734028,24.484369
WELL-013,2026-09-13 08:00:00,85,96.11554,24.261351
WELL-013,2026-09-13 08:00:00,86,96.439148,24.041621
WELL-013,2026-09-13 08:00:00,87,96.704457,23.827529
WELL-013,2026-09-13 08:00:00,88,96.911145,23.621004
WELL-013,2026-09-13 08:00:00,89,97.058959,23.4233
WELL-013,2026-09-13 08:00:00,90,97.14772,23.234841
WELL-013,2026-09-13 08:00:00,91,97.177319,23.055172
WELL-013,2026-09-13 08:00:00,92,97.14772,22.883047
WELL-013,2026-09-13 08:00:00,93,97.058959,22.716618
WELL-013,2026-09-13 08:00:00,94,96.911145,22.553717
WELL-013,2026-09-13 08:00:00,95,96.704457,22.39217
WELL-013,2026-09-13 08:00:00,96,96.439148,22.230121
WELL-013,2026-09-13 08:00:00,97,96.11554,22.066298
WELL-013,2026-09-13 08:00:00,98,95.734028,21.900191
WELL-013,2026-09-13 08:00:00,99,95.295076,21.732125
WELL-013,2026-09-13 08:00:00,100,94.79922,21.563196
WELL-013,2026-09-13 08:00:00,101,94.247064,21.395104
WELL-013,2026-09-13 08:00:00,102,93.63928,21.229893
WELL-013,2026-09-13 08:00:00,103,92.976608,21.069634
WELL-013,2026-09-13 08:00:00,104,92.259857,20.916111
WELL-013,2026-09-13 08:00:00,105,91.489899,20.770546
WELL-013,2026-09-13 08:00:00,106,90.667673,20.633401
WELL-013,2026-09-13 08:00:00,107,89.794179,20.504297
WELL-013,2026-09-13 08:00:00,108,88.870484,20.382053
WELL-013,2026-09-13 08:00:00,109,87.89771,20.264841
WELL-013,2026-09-13 08:00:00,110,86.877045,20.150443
WELL-013,2026-09-13 08:00:00,111,85.809732,20.036557
WELL-013,2026-09-13 08:00:00,112,84.69707,19.921126
WELL-013,2026-09-13 08:00:00,113,83.540416,19.802626
WELL-013,2026-09-13 08:00:00,114,82.341178,19.680287
WELL-013,2026-09-13 08:00:00,115,81.100818,19.554197
WELL-013,2026-09-13 08:00:00,116,79.820848,19.425295
WELL-013,2026-09-13 08:00:00,117,78.502825,19.295233
WELL-013,2026-09-13 08:00:00,118,77.148357,19.166146
WELL-013,2026-09-13 08:00:00,119,75.759093,19.040347
WELL-013,2026-09-13 08:00:00,120,74.336726,18.920009
WELL-013,2026-09-13 08:00:00,121,72.882989,18.806859
WELL-013,2026-09-13 08:00:00,122,71.399653,18.701955
WELL-013,2026-09-13 08:00:00,123,69.888526,18.605549
WELL-013,2026-09-13 08:00:00,124,68.351448,18.517082
WELL-013,2026-09-13 08:00:00,125,66.790291,18.435296
WELL-013,2026-09-13 08:00:00,126,65.20696,18.358449
WELL-013,2026-09-13 08:00:00,127,63.603381,18.284607
WELL-013,2026-09-13 08:00:00,128,61.981509,18.211968
WELL-013,2026-09-13 08:00:00,129,60.34332,18.139161
WELL-013,2026-09-13 08:00:00,130,58.69081,18.065496
WELL-013,2026-09-13 08:00:00,131,57.025991,17.991105
WELL-013,2026-09-13 08:00:00,132,55.350894,17.916977
WELL-013,2026-09-13 08:00:00,133,53.667557,17.844856
WELL-013,2026-09-13 08:00:00,134,51.978033,17.777043
WELL-013,2026-09-13 08:00:00,135,50.284379,17.716106
WELL-013,2026-09-13 08:00:00,136,48.588659,17.664561
WELL-013,2026-09-13 08:00:00,137,46.89294,17.624549
WELL-013,2026-09-13 08:00:00,138,45.199286,17.597581
WELL-013,2026-09-13 08:00:00,139,43.509761,17.584359
WELL-013,2026-09-13 08:00:00,140,41.826425,17.584722
WELL-013,2026-09-13 08:00:00,141,40.151327,17.597714
WELL-013,2026-09-13 08:00:00,142,38.486509,17.621764
WELL-013,2026-09-13 08:00:00,143,36.833999,17.654954
WELL-013,2026-09-13 08:00:00,144,35.19581,17.695334
WELL-013,2026-09-13 08:00:00,145,33.573938,17.741234
WELL-013,2026-09-13 08:00:00,146,31.970359,17.791543
WELL-013,2026-09-13 08:00:00,147,30.387027,17.845887
WELL-013,2026-09-13 08:00:00,148,28.825871,17.904707
WELL-013,2026-09-13 08:00:00,149,27.288793,17.969212
WELL-013,2026-09-13 08:00:00,150,25.777665,18.041208
WELL-013,2026-09-13 08:00:00,151,24.29433,18.122843
WELL-013,2026-09-13 08:00:00,152,22.840593,18.216296
WELL-013,2026-09-13 08:00:00,153,21.418226,18.323454
WELL-013,2026-09-13 08:00:00,154,20.028962,18.445625
WELL-013,2026-09-13 08:00:00,155,18.674494,18.583339
WELL-013,2026-09-13 08:00:00,156,17.356471,18.736242
WELL-013,2026-09-13 08:00:00,157,16.0765,18.903131
WELL-013,2026-09-13 08:00:00,158,14.83614,19.082096
WELL-013,2026-09-13 08:00:00,159,13.636903,19.270761
WELL-013,2026-09-13 08:00:00,160,12.480249,19.466597
WELL-013,2026-09-13 08:00:00,161,11.367587,19.667241
WELL-013,2026-09-13 08:00:00,162,10.300273,19.870798
WELL-013,2026-09-13 08:00:00,163,9.279608,20.076061
WELL-013,2026-09-13 08:00:00,164,8.306835,20.282637
WELL-013,2026-09-13 08:00:00,165,7.383139,20.490942
WELL-013,2026-09-13 08:00:00,166,6.509646,20.702081
WELL-013,2026-09-13 08:00:00,167,5.68742,20.917624
WELL-013,2026-09-13 08:00:00,168,4.917462,21.139314
WELL-013,2026-09-13 08:00:00,169,4.20071,21.368741
WELL-013,2026-09-13 08:00:00,170,3.538039,21.607045
WELL-013,2026-09-13 08:00:00,171,2.930255,21.854679
WELL-013,2026-09-13 08:00:00,172,2.378098,22.111273
WELL-013,2026-09-13 08:00:00,173,1.882242,22.375615
WELL-013,2026-09-13 08:00:00,174,1.443291,22.645758
WELL-013,2026-09-13 08:00:00,175,1.061779,22.919231
WELL-013,2026-09-13 08:00:00,176,0.738171,23.193329
WELL-013,2026-09-13 08:00:00,177,0.472861,23.465438
WELL-013,2026-09-13 08:00:00,178,0.266174,23.733348
WELL-013,2026-09-13 08:00:00,179,0.11836,23.995503
WELL-013,2026-09-13 08:00:00,180,0.029599,24.251167
WELL-013,2026-09-13 08:00:00,181,0.0,24.500468
WELL-013,2026-09-16 08:00:00,1,0.0,24.514994
WELL-013,2026-09-16 08:00:00,2,0.029954,24.76564
WELL-013,2026-09-16 08:00:00,3,0.11978,25.012447
WELL-013,2026-09-16 08:00:00,4,0.269368,25.257218
WELL-013,2026-09-16 08:00:00,5,0.478536,25.501753
WELL-013,2026-09-16 08:00:00,6,0.747029,25.74753
WELL-013,2026-09-16 08:00:00,7,1.07452,25.99544
WELL-013,2026-09-16 08:00:00,8,1.46061,26.245609
WELL-013,2026-09-16 08:00:00,9,1.904829,26.497331
WELL-013,2026-09-16 08:00:00,10,2.406635,26.749128
WELL-013,2026-09-16 08:00:00,11,2.965418,26.998924
WELL-013,2026-09-16 08:00:00,12,3.580495,27.244307
WELL-013,2026-09-16 08:00:00,13,4.251119,27.48284
WELL-013,2026-09-16 08:00:00,14,4.976471,27.712387
WELL-013,2026-09-16 08:00:00,15,5.755669,27.931384
WELL-013,2026-09-16 08:00:00,16,6.587762,28.139038
WELL-013,2026-09-16 08:00:00,17,7.471737,28.335414
WELL-013,2026-09-16 08:00:00,18,8.406517,28.521394
WELL-013,2026-09-16 08:00:00,19,9.390963,28.69852
WELL-013,2026-09-16 08:00:00,20,10.423877,28.868749
WELL-013,2026-09-16 08:00:00,21,11.503998,29.034138
WELL-013,2026-09-16 08:00:00,22,12.630012,29.196521
WELL-013,2026-09-16 08:00:00,23,13.800546,29.357219
WELL-013,2026-09-16 08:00:00,24,15.014174,29.516826
WELL-013,2026-09-16 08:00:00,25,16.269418,29.675098
WELL-013,2026-09-16 08:00:00,26,17.564749,29.830966
WELL-013,2026-09-16 08:00:00,27,18.898588,29.982672
WELL-013,2026-09-16 08:00:00,28,20.269309,30.128004
WELL-013,2026-09-16 08:00:00,29,21.675245,30.264592
WELL-013,2026-09-16 08:00:00,30,23.11468,30.390239
WELL-013,2026-09-16 08:00:00,31,24.585862,30.503214
WELL-013,2026-09-16 08:00:00,32,26.086997,30.602487
WELL-013,2026-09-16 08:00:00,33,27.616259,30.687854
WELL-013,2026-09-16 08:00:00,34,29.171782,30.759953
WELL-013,2026-09-16 08:00:00,35,30.751672,30.820144
WELL-013,2026-09-16 08:00:00,36,32.354003,30.870296
WELL-013,2026-09-16 08:00:00,37,33.976825,30.912494
WELL-013,2026-09-16 08:00:00,38,35.618159,30.948716
WELL-013,2026-09-16 08:00:00,39,37.276007,30.980528
WELL-013,2026-09-16 08:00:00,40,38.948347,31.008843
WELL-013,2026-09-16 08:00:00,41,40.633143,31.033765
WELL-013,2026-09-16 08:00:00,42,42.328342,31.054566
WELL-013,2026-09-16 08:00:00,43,44.031879,31.069778
WELL-013,2026-09-16 08:00:00,44,45.741677,31.077394
WELL-013,2026-09-16 08:00:00,45,47.455655,31.075155
WELL-013,2026-09-16 08:00:00,46,49.171723,31.060868
WELL-013,2026-09-16 08:00:00,47,50.887792,31.032724
WELL-013,2026-09-16 08:00:00,48,52.601769,30.98956
WELL-013,2026-09-16 08:00:00,49,54.311568,30.931027
WELL-013,2026-09-16 08:00:00,50,56.015104,30.857646
WELL-013,2026-09-16 08:00:00,51,57.710303,30.77074
WELL-013,2026-09-16 08:00:00,52,59.395099,30.672249
WELL-013,2026-09-16 08:00:00,53,61.06744,30.564462
WELL-013,2026-09-16 08:00:00,54,62.725287,30.449701
WELL-013,2026-09-16 08:00:00,55,64.366621,30.330004
WELL-013,2026-09-16 08:00:00,56,65.989443,30.206848
WELL-013,2026-09-16 08:00:00,57,67.591775,30.080966
WELL-013,2026-09-16 08:00:00,58,69.171665,29.952268
WELL-013,2026-09-16 08:00:00,59,70.727188,29.819891
WELL-013,2026-09-16 08:00:00,60,72.256449,29.682361
WELL-013,2026-09-16 08:00:00,61,73.757585,29.537848
WELL-013,2026-09-16 08:00:00,62,75.228767,29.38448
WELL-013,2026-09-16 08:00:00,63,76.668202,29.220662
WELL-013,2026-09-16 08:00:00,64,78.074137,29.045357
WELL-013,2026-09-16 08:00:00,65,79.444859,28.858295
WELL-013,2026-09-16 08:00:00,66,80.778698,28.660063
WELL-013,2026-09-16 08:00:00,67,82.074028,28.452081
WELL-013,2026-09-16 08:00:00,68,83.329272,28.236454
WELL-013,2026-09-16 08:00:00,69,84.542901,28.015727
WELL-013,2026-09-16 08:00:00,70,85.713435,27.792581
WELL-013,2026-09-16 08:00:00,71,86.839449,27.5695
WELL-013,2026-09-16 08:00:00,72,87.91957,27.34848
WELL-013,2026-09-16 08:00:00,73,88.952483,27.130801
WELL-013,2026-09-16 08:00:00,74,89.936929,26.916908
WELL-013,2026-09-16 08:00:00,75,90.87171,26.706406
WELL-013,2026-09-16 08:00:00,76,91.755685,26.498188
WELL-013,2026-09-16 08:00:00,77,92.587778,26.290654
WELL-013,2026-09-16 08:00:00,78,93.366975,26.082009
WELL-013,2026-09-16 08:00:00,79,94.092328,25.870583
WELL-013,2026-09-16 08:00:00,80,94.762951,25.655131
WELL-013,2026-09-16 08:00:00,81,95.378029,25.435072
WELL-013,2026-09-16 08:00:00,82,95.936811,25.210624
WELL-013,2026-09-16 08:00:00,83,96.438617,24.982822
WELL-013,2026-09-16 08:00:00,84,96.882836,24.753417
WELL-013,2026-09-16 08:00:00,85,97.268926,24.524661
WELL-013,2026-09-16 08:00:00,86,97.596418,24.299018
WELL-013,2026-09-16 08:00:00,87,97.864911,24.078846
WELL-013,2026-09-16 08:00:00,88,98.074079,23.86608
WELL-013,2026-09-16 08:00:00,89,98.223667,23.661985
WELL-013,2026-09-16 08:00:00,90,98.313492,23.466988
WELL-013,2026-09-16 08:00:00,91,98.343446,23.280646
WELL-013,2026-09-16 08:00:00,92,98.313492,23.101718
WELL-013,2026-09-16 08:00:00,93,98.223667,22.928367
WELL-013,2026-09-16 08:00:00,94,98.074079,22.758432
WELL-013,2026-09-16 08:00:00,95,97.864911,22.589747
WELL-013,2026-09-16 08:00:00,96,97.596418,22.420467
WELL-013,2026-09-16 08:00:00,97,97.268926,22.249326
WELL-013,2026-09-16 08:00:00,98,96.882836,22.075825
WELL-013,2026-09-16 08:00:00,99,96.438617,21.900296
WELL-013,2026-09-16 08:00:00,100,95.936811,21.723846
WELL-013,2026-09-16 08:00:00,101,95.378029,21.548184
WELL-013,2026-09-16 08:00:00,102,94.762951,21.375362
WELL-013,2026-09-16 08:00:00,103,94.092328,21.207461
WELL-013,2026-09-16 08:00:00,104,93.366975,21.046275
WELL-013,2026-09-16 08:00:00,105,92.587778,20.893034
WELL-013,2026-09-16 08:00:00,106,91.755685,20.74821
WELL-013,2026-09-16 08:00:00,107,90.87171,20.611433
WELL-013,2026-09-16 08:00:00,108,89.936929,20.481532
WELL-013,2026-09-16 08:00:00,109,88.952483,20.356689
WELL-013,2026-09-16 08:00:00,110,87.91957,20.234693
WELL-013,2026-09-16 08:00:00,111,86.839449,20.113253
WELL-013,2026-09-16 08:00:00,112,85.713435,19.99032
WELL-013,2026-09-16 08:00:00,113,84.542901,19.864381
WELL-013,2026-09-16 08:00:00,114,83.329272,19.734673
WELL-013,2026-09-16 08:00:00,115,82.074028,19.601295
WELL-013,2026-09-16 08:00:00,116,80.778698,19.465193
WELL-013,2026-09-16 08:00:00,117,79.444859,19.328029
WELL-013,2026-09-16 08:00:00,118,78.074137,19.191946
WELL-013,2026-09-16 08:00:00,119,76.668202,19.059267
WELL-013,2026-09-16 08:00:00,120,75.228767,18.93217
WELL-013,2026-09-16 08:00:00,121,73.757585,18.812394
WELL-013,2026-09-16 08:00:00,122,72.256449,18.701003
WELL-013,2026-09-16 08:00:00,123,70.727188,18.598257
WELL-013,2026-09-16 08:00:00,124,69.171665,18.503606
WELL-013,2026-09-16 08:00:00,125,67.591775,18.415797
WELL-013,2026-09-16 08:00:00,126,65.989443,18.333098
WELL-013,2026-09-16 08:00:00,127,64.366621,18.253582
WELL-013,2026-09-16 08:00:00,128,62.725287,18.175451
WELL-013,2026-09-16 08:00:00,129,61.06744,18.097344
WELL-013,2026-09-16 08:00:00,130,59.395099,18.018576
WELL-013,2026-09-16 08:00:00,131,57.710303,17.939286
WELL-013,2026-09-16 08:00:00,132,56.015104,17.860467
WELL-013,2026-09-16 08:00:00,133,54.311568,17.783871
WELL-013,2026-09-16 08:00:00,134,52.601769,17.711803
WELL-013,2026-09-16 08:00:00,135,50.887792,17.646837
WELL-013,2026-09-16 08:00:00,136,49.171723,17.591493
WELL-013,2026-09-16 08:00:00,137,47.455655,17.547918
WELL-013,2026-09-16 08:00:00,138,45.741677,17.517626
WELL-013,2026-09-16 08:00:00,139,44.031879,17.501323
WELL-013,2026-09-16 08:00:00,140,42.328342,17.498853
WELL-013,2026-09-16 08:00:00,141,40.633143,17.509263
WELL-013,2026-09-16 08:00:00,142,38.948347,17.530986
WELL-013,2026-09-16 08:00:00,143,37.276007,17.562105
WELL-013,2026-09-16 08:00:00,144,35.618159,17.600672
WELL-013,2026-09-16 08:00:00,145,33.976825,17.645022
WELL-013,2026-09-16 08:00:00,146,32.354003,17.694044
WELL-013,2026-09-16 08:00:00,147,30.751672,17.747366
WELL-013,2026-09-16 08:00:00,148,29.171782,17.805431
WELL-013,2026-09-16 08:00:00,149,27.616259,17.869447
WELL-013,2026-09-16 08:00:00,150,26.086997,17.941222
WELL-013,2026-09-16 08:00:00,151,24.585862,18.022904
WELL-013,2026-09-16 08:00:00,152,23.11468,18.116672
WELL-013,2026-09-16 08:00:00,153,21.675245,18.224413
WELL-013,2026-09-16 08:00:00,154,20.269309,18.347434
WELL-013,2026-09-16 08:00:00,155,18.898588,18.486263
WELL-013,2026-09-16 08:00:00,156,17.564749,18.640546
WELL-013,2026-09-16 08:00:00,157,16.269418,18.809078
WELL-013,2026-09-16 08:00:00,158,15.014174,18.989946
WELL-013,2026-09-16 08:00:00,159,13.800546,19.180773
WELL-013,2026-09-16 08:00:00,160,12.630012,19.379027
WELL-013,2026-09-16 08:00:00,161,11.503998,19.582342
WELL-013,2026-09-16 08:00:00,162,10.423877,19.788819
WELL-013,2026-09-16 08:00:00,163,9.390963,19.997249
WELL-013,2026-09-16 08:00:00,164,8.406517,20.207234
WELL-013,2026-09-16 08:00:00,165,7.471737,20.419185
WELL-013,2026-09-16 08:00:00,166,6.587762,20.634204
WELL-013,2026-09-16 08:00:00,167,5.755669,20.853857
WELL-013,2026-09-16 08:00:00,168,4.976471,21.07988
WELL-013,2026-09-16 08:00:00,169,4.251119,21.313858
WELL-013,2026-09-16 08:00:00,170,3.580495,21.556927
WELL-013,2026-09-16 08:00:00,171,2.965418,21.809533
WELL-013,2026-09-16 08:00:00,172,2.406635,22.071301
WELL-013,2026-09-16 08:00:00,173,1.904829,22.341011
WELL-013,2026-09-16 08:00:00,174,1.46061,22.61671
WELL-013,2026-09-16 08:00:00,175,1.07452,22.895921
WELL-013,2026-09-16 08:00:00,176,0.747029,23.175932
WELL-013,2026-09-16 08:00:00,177,0.478536,23.454121
WELL-013,2026-09-16 08:00:00,178,0.269368,23.728271
WELL-013,2026-09-16 08:00:00,179,0.11978,23.996818
WELL-013,2026-09-16 08:00:00,180,0.029954,24.25902
WELL-013,2026-09-16 08:00:00,181,0.0,24.514994
WELL-014,2026-09-14 09:00:00,1,0.0,24.572238
WELL-014,2026-09-14 09:00:00,2,0.030894,24.8157
WELL-014,2026-09-14 09:00:00,3,0.123537,25.056324
WELL-014,2026-09-14 09:00:00,4,0.277817,25.295949
WELL-014,2026-09-14 09:00:00,5,0.493547,25.536244
WELL-014,2026-09-14 09:00:00,6,0.770462,25.778407
WELL-014,2026-09-14 09:00:00,7,1.108226,26.022944
WELL-014,2026-09-14 09:00:00,8,1.506427,26.269548
WELL-014,2026-09-14 09:00:00,9,1.96458,26.517094
WELL-014,2026-09-14 09:00:00,10,2.482127,26.763764
WELL-014,2026-09-14 09:00:00,11,3.058438,27.00727
WELL-014,2026-09-14 09:00:00,12,3.692809,27.245146
WELL-014,2026-09-14 09:00:00,13,4.384469,27.475076
WELL-014,2026-09-14 09:00:00,14,5.132574,27.695192
WELL-014,2026-09-14 09:00:00,15,5.936214,27.904316
WELL-014,2026-09-14 09:00:00,16,6.794408,28.102102
WELL-014,2026-09-14 09:00:00,17,7.706112,28.289057
WELL-014,2026-09-14 09:00:00,18,8.670215,28.466436
WELL-014,2026-09-14 09:00:00,19,9.685541,28.636039
WELL-014,2026-09-14 09:00:00,20,10.750855,28.799921
WELL-014,2026-09-14 09:00:00,21,11.864858,28.960068
WELL-014,2026-09-14 09:00:00,22,13.026193,29.118086
WELL-014,2026-09-14 09:00:00,23,14.233444,29.274944
WELL-014,2026-09-14 09:00:00,24,15.485142,29.430814
WELL-014,2026-09-14 09:00:00,25,16.779761,29.585019
WELL-014,2026-09-14 09:00:00,26,18.115724,29.736116
WELL-014,2026-09-14 09:00:00,27,19.491403,29.882083
WELL-014,2026-09-14 09:00:00,28,20.905122,30.020596
WELL-014,2026-09-14 09:00:00,29,22.355159,30.149341
WELL-014,2026-09-14 09:00:00,30,23.839746,30.266338
WELL-014,2026-09-14 09:00:00,31,25.357077,30.370205
WELL-014,2026-09-14 09:00:00,32,26.9053,30.460342
WELL-014,2026-09-14 09:00:00,33,28.482532,30.536998
WELL-014,2026-09-14 09:00:00,34,30.086849,30.601212
WELL-014,2026-09-14 09:00:00,35,31.716297,30.65465
WELL-014,2026-09-14 09:00:00,36,33.368891,30.699337
WELL-014,2026-09-14 09:00:00,37,35.042618,30.737347
WELL-014,2026-09-14 09:00:00,38,36.735438,30.770483
WELL-014,2026-09-14 09:00:00,39,38.445289,30.799998
WELL-014,2026-09-14 09:00:00,40,40.170088,30.826395
WELL-014,2026-09-14 09:00:00,41,41.907733,30.849345
WELL-014,2026-09-14 09:00:00,42,43.656107,30.867712
WELL-014,2026-09-14 09:00:00,43,45.413081,30.879717
WELL-014,2026-09-14 09:00:00,44,47.176513,30.883178
WELL-014,2026-09-14 09:00:00,45,48.944255,30.875829
WELL-014,2026-09-14 09:00:00,46,50.714153,30.855635
WELL-014,2026-09-14 09:00:00,47,52.484052,30.821091
WELL-014,2026-09-14 09:00:00,48,54.251794,30.771437
WELL-014,2026-09-14 09:00:00,49,56.015226,30.706771
WELL-014,2026-09-14 09:00:00,50,57.772199,30.628041
WELL-014,2026-09-14 09:00:00,51,59.520573,30.536911
WELL-014,2026-09-14 09:00:00,52,61.258219,30.435531
WELL-014,2026-09-14 09:00:00,53,62.983017,30.326239
WELL-014,2026-09-14 09:00:00,54,64.692868,30.211235
WELL-014,2026-09-14 09:00:00,55,66.385688,30.092285
WELL-014,2026-09-14 09:00:00,56,68.059415,29.970483
WELL-014,2026-09-14 09:00:00,57,69.712009,29.846124
WELL-014,2026-09-14 09:00:00,58,71.341458,29.71869
WELL-014,2026-09-14 09:00:00,59,72.945775,29.586961
WELL-014,2026-09-14 09:00:00,60,74.523006,29.44923
WELL-014,2026-09-14 09:00:00,61,76.07123,29.303594
WELL-014,2026-09-14 09:00:00,62,77.58856,29.148275
WELL-014,2026-09-14 09:00:00,63,79.073148,28.981928
WELL-014,2026-09-14 09:00:00,64,80.523185,28.803886
WELL-014,2026-09-14 09:00:00,65,81.936904,28.614311
WELL-014,2026-09-14 09:00:00,66,83.312583,28.414228
WELL-014,2026-09-14 09:00:00,67,84.648545,28.20543
WELL-014,2026-09-14 09:00:00,68,85.943164,27.990282
WELL-014,2026-09-14 09:00:00,69,87.194862,27.771433
WELL-014,2026-09-14 09:00:00,70,88.402114,27.551497
WELL-014,2026-09-14 09:00:00,71,89.563448,27.332734
WELL-014,2026-09-14 09:00:00,72,90.677451,27.116786
WELL-014,2026-09-14 09:00:00,73,91.742765,26.904504
WELL-014,2026-09-14 09:00:00,74,92.758092,26.695887
WELL-014,2026-09-14 09:00:00,75,93.722194,26.490148
WELL-014,2026-09-14 09:00:00,76,94.633898,26.285891
WELL-014,2026-09-14 09:00:00,77,95.492093,26.081379
WELL-014,2026-09-14 09:00:00,78,96.295732,25.874844
WELL-014,2026-09-14 09:00:00,79,97.043838,25.664808
WELL-014,2026-09-14 09:00:00,80,97.735497,25.450354
WELL-014,2026-09-14 09:00:00,81,98.369869,25.231313
WELL-014,2026-09-14 09:00:00,82,98.946179,25.008341
WELL-014,2026-09-14 09:00:00,83,99.463726,24.782874
WELL-014,2026-09-14 09:00:00,84,99.921879,24.556964
WELL-014,2026-09-14 09:00:00,85,100.32008,24.333021
WELL-014,2026-09-14 09:00:00,86,100.657844,24.113503
WELL-014,2026-09-14 09:00:00,87,100.93476,23.900593
WELL-014,2026-09-14 09:00:00,88,101.150489,23.69591
WELL-014,2026-09-14 09:00:00,89,101.304769,23.500306
WELL-014,2026-09-14 09:00:00,90,101.397413,23.31376
WELL-014,2026-09-14 09:00:00,91,101.428306,23.135402
WELL-014,2026-09-14 09:00:00,92,101.397413,22.963658
WELL-014,2026-09-14 09:00:00,93,101.304769,22.79649
WELL-014,2026-09-14 09:00:00,94,101.150489,22.631701
WELL-014,2026-09-14 09:00:00,95,100.93476,22.467257
WELL-014,2026-09-14 09:00:00,96,100.657844,22.30159
WELL-014,2026-09-14 09:00:00,97,100.32008,22.133822
WELL-014,2026-09-14 09:00:00,98,99.921879,21.963886
WELL-014,2026-09-14 09:00:00,99,99.463726,21.792533
WELL-014,2026-09-14 09:00:00,100,98.946179,21.62121
WELL-014,2026-09-14 09:00:00,101,98.369869,21.451838
WELL-014,2026-09-14 09:00:00,102,97.735497,21.286522
WELL-014,2026-09-14 09:00:00,103,97.043838,21.127225
WELL-014,2026-09-14 09:00:00,104,96.295732,20.97547
WELL-014,2026-09-14 09:00:00,105,95.492093,20.832102
WELL-014,2026-09-14 09:00:00,106,94.633898,20.697146
WELL-014,2026-09-14 09:00:00,107,93.722194,20.569791
WELL-014,2026-09-14 09:00:00,108,92.758092,20.44849
WELL-014,2026-09-14 09:00:00,109,91.742765,20.331169
WELL-014,2026-09-14 09:00:00,110,90.677451,20.215521
WELL-014,2026-09-14 09:00:00,111,89.563448,20.099323
WELL-014,2026-09-14 09:00:00,112,88.402114,19.980755
WELL-014,2026-09-14 09:00:00,113,87.194862,19.858656
WELL-014,2026-09-14 09:00:00,114,85.943164,19.732686
WELL-014,2026-09-14 09:00:00,115,84.648545,19.603374
WELL-014,2026-09-14 09:00:00,116,83.312583,19.472043
WELL-014,2026-09-14 09:00:00,117,81.936904,19.340618
WELL-014,2026-09-14 09:00:00,118,80.523185,19.211354
WELL-014,2026-09-14 09:00:00,119,79.073148,19.086518
WELL-014,2026-09-14 09:00:00,120,77.58856,18.968072
WELL-014,2026-09-14 09:00:00,121,76.07123,18.857403
WELL-014,2026-09-14 09:00:00,122,74.523006,18.755147
WELL-014,2026-09-14 09:00:00,123,72.945775,18.661114
WELL-014,2026-09-14 09:00:00,124,71.341458,18.574346
WELL-014,2026-09-14 09:00:00,125,69.712009,18.493291
WELL-014,2026-09-14 09:00:00,126,68.059415,18.416057
WELL-014,2026-09-14 09:00:00,127,66.385688,18.340728
WELL-014,2026-09-14 09:00:00,128,64.692868,18.265684
WELL-014,2026-09-14 09:00:00,129,62.983017,18.189875
WELL-014,2026-09-14 09:00:00,130,61.258219,18.113023
WELL-014,2026-09-14 09:00:00,131,59.520573,18.035706
WELL-014,2026-09-14 09:00:00,132,57.772199,17.959321
WELL-014,2026-09-14 09:00:00,133,56.015226,17.885932
WELL-014,2026-09-14 09:00:00,134,54.251794,17.818019
WELL-014,2026-09-14 09:00:00,135,52.484052,17.758162
WELL-014,2026-09-14 09:00:00,136,50.714153,17.708725
WELL-014,2026-09-14 09:00:00,137,48.944255,17.671551
WELL-014,2026-09-14 09:00:00,138,47.176513,17.647749
WELL-014,2026-09-14 09:00:00,139,45.413081,17.637579
WELL-014,2026-09-14 09:00:00,140,43.656107,17.640459
WELL-014,2026-09-14 09:00:00,141,41.907733,17.655093
WELL-014,2026-09-14 09:00:00,142,40.170088,17.679704
WELL-014,2026-09-14 09:00:00,143,38.445289,17.712328
WELL-014,2026-09-14 09:00:00,144,36.735438,17.751138
WELL-014,2026-09-14 09:00:00,145,35.042618,17.794741
WELL-014,2026-09-14 09:00:00,146,33.368891,17.842409
WELL-014,2026-09-14 09:00:00,147,31.716297,17.894208
WELL-014,2026-09-14 09:00:00,148,30.086849,17.951009
WELL-014,2026-09-14 09:00:00,149,28.482532,18.014377
WELL-014,2026-09-14 09:00:00,150,26.9053,18.086352
WELL-014,2026-09-14 09:00:00,151,25.357077,18.169157
WELL-014,2026-09-14 09:00:00,152,23.839746,18.264877
WELL-014,2026-09-14 09:00:00,153,22.355159,18.375146
WELL-014,2026-09-14 09:00:00,154,20.905122,18.500905
WELL-014,2026-09-14 09:00:00,155,19.491403,18.642247
WELL-014,2026-09-14 09:00:00,156,18.115724,18.798381
WELL-014,2026-09-14 09:00:00,157,16.779761,18.967729
WELL-014,2026-09-14 09:00:00,158,15.485142,19.148118
WELL-014,2026-09-14 09:00:00,159,14.233444,19.337067
WELL-014,2026-09-14 09:00:00,160,13.026193,19.53211
WELL-014,2026-09-14 09:00:00,161,11.864858,19.731107
WELL-014,2026-09-14 09:00:00,162,10.750855,19.932513
WELL-014,2026-09-14 09:00:00,163,9.685541,20.135546
WELL-014,2026-09-14 09:00:00,164,8.670215,20.340254
WELL-014,2026-09-14 09:00:00,165,7.706112,20.547443
WELL-014,2026-09-14 09:00:00,166,6.794408,20.7585
WELL-014,2026-09-14 09:00:00,167,5.936214,20.975132
WELL-014,2026-09-14 09:00:00,168,5.132574,21.199045
WELL-014,2026-09-14 09:00:00,169,4.384469,21.431633
WELL-014,2026-09-14 09:00:00,170,3.692809,21.673705
WELL-014,2026-09-14 09:00:00,171,3.058438,21.925293
WELL-014,2026-09-14 09:00:00,172,2.482127,22.185584
WELL-014,2026-09-14 09:00:00,173,1.96458,22.452959
WELL-014,2026-09-14 09:00:00,174,1.506427,22.725163
WELL-014,2026-09-14 09:00:00,175,1.108226,22.999561
WELL-014,2026-09-14 09:00:00,176,0.770462,23.273447
WELL-014,2026-09-14 09:00:00,177,0.493547,23.544374
WELL-014,2026-09-14 09:00:00,178,0.277817,23.810441
WELL-014,2026-09-14 09:00:00,179,0.123537,24.070497
WELL-014,2026-09-14 09:00:00,180,0.030894,24.324249
WELL-014,2026-09-14 09:00:00,181,0.0,24.572238
WELL-014,2026-09-17 09:00:00,1,0.0,24.586765
WELL-014,2026-09-17 09:00:00,2,0.031264,24.837029
WELL-014,2026-09-17 09:00:00,3,0.12502,25.084575
WELL-014,2026-09-17 09:00:00,4,0.281151,25.331235
WELL-014,2026-09-17 09:00:00,5,0.499469,25.578666
WELL-014,2026-09-17 09:00:00,6,0.779707,25.828061
WELL-014,2026-09-17 09:00:00,7,1.121525,26.079916
WELL-014,2026-09-17 09:00:00,8,1.524504,26.333915
WELL-014,2026-09-17 09:00:00,9,1.988155,26.588923
WELL-014,2026-09-17 09:00:00,10,2.511913,26.843114
WELL-014,2026-09-17 09:00:00,11,3.095139,27.09419
WELL-014,2026-09-17 09:00:00,12,3.737123,27.339677
WELL-014,2026-09-17 09:00:00,13,4.437083,27.577249
WELL-014,2026-09-17 09:00:00,14,5.194165,27.805028
WELL-014,2026-09-17 09:00:00,15,6.007448,28.021828
WELL-014,2026-09-17 09:00:00,16,6.875941,28.227294
WELL-014,2026-09-17 09:00:00,17,7.798585,28.42192
WELL-014,2026-09-17 09:00:00,18,8.774257,28.606957
WELL-014,2026-09-17 09:00:00,19,9.801768,28.784192
WELL-014,2026-09-17 09:00:00,20,10.879865,28.955672
WELL-014,2026-09-17 09:00:00,21,12.007236,29.123372
WELL-014,2026-09-17 09:00:00,22,13.182507,29.288892
WELL-014,2026-09-17 09:00:00,23,14.404246,29.453189
WELL-014,2026-09-17 09:00:00,24,15.670964,29.616427
WELL-014,2026-09-17 09:00:00,25,16.981118,29.777921
WELL-014,2026-09-17 09:00:00,26,18.333113,29.936217
WELL-014,2026-09-17 09:00:00,27,19.7253,30.089287
WELL-014,2026-09-17 09:00:00,28,21.155983,30.234795
WELL-014,2026-09-17 09:00:00,29,22.623421,30.370421
WELL-014,2026-09-17 09:00:00,30,24.125823,30.494176
WELL-014,2026-09-17 09:00:00,31,25.661362,30.60467
WELL-014,2026-09-17 09:00:00,32,27.228164,30.701295
WELL-014,2026-09-17 09:00:00,33,28.824322,30.78429
WELL-014,2026-09-17 09:00:00,34,30.447891,30.854689
WELL-014,2026-09-17 09:00:00,35,32.096893,30.914149
WELL-014,2026-09-17 09:00:00,36,33.769318,30.964688
WELL-014,2026-09-17 09:00:00,37,35.463129,31.008373
WELL-014,2026-09-17 09:00:00,38,37.176263,31.047
WELL-014,2026-09-17 09:00:00,39,38.906633,31.081814
WELL-014,2026-09-17 09:00:00,40,40.652129,31.113315
WELL-014,2026-09-17 09:00:00,41,42.410626,31.141164
WELL-014,2026-09-17 09:00:00,42,44.179981,31.164222
WELL-014,2026-09-17 09:00:00,43,45.958038,31.180702
WELL-014,2026-09-17 09:00:00,44,47.742631,31.188419
WELL-014,2026-09-17 09:00:00,45,49.531586,31.185099
WELL-014,2026-09-17 09:00:00,46,51.322723,31.168703
WELL-014,2026-09-17 09:00:00,47,53.11386,31.137723
WELL-014,2026-09-17 09:00:00,48,54.902815,31.091392
WELL-014,2026-09-17 09:00:00,49,56.687408,31.029807
WELL-014,2026-09-17 09:00:00,50,58.465466,30.953909
WELL-014,2026-09-17 09:00:00,51,60.23482,30.865361
WELL-014,2026-09-17 09:00:00,52,61.993317,30.766309
WELL-014,2026-09-17 09:00:00,53,63.738813,30.659088
WELL-014,2026-09-17 09:00:00,54,65.469183,30.545897
WELL-014,2026-09-17 09:00:00,55,67.182317,30.428497
WELL-014,2026-09-17 09:00:00,56,68.876128,30.307982
WELL-014,2026-09-17 09:00:00,57,70.548553,30.184645
WELL-014,2026-09-17 09:00:00,58,72.197555,30.057967
WELL-014,2026-09-17 09:00:00,59,73.821124,29.926726
WELL-014,2026-09-17 09:00:00,60,75.417282,29.789216
WELL-014,2026-09-17 09:00:00,61,76.984085,29.643533
WELL-014,2026-09-17 09:00:00,62,78.519623,29.487899
WELL-014,2026-09-17 09:00:00,63,80.022026,29.320969
WELL-014,2026-09-17 09:00:00,64,81.489463,29.142077
WELL-014,2026-09-17 09:00:00,65,82.920146,28.951387
WELL-014,2026-09-17 09:00:00,66,84.312334,28.749924
WELL-014,2026-09-17 09:00:00,67,85.664328,28.539483
WELL-014,2026-09-17 09:00:00,68,86.974482,28.322432
WELL-014,2026-09-17 09:00:00,69,88.2412,28.101421
WELL-014,2026-09-17 09:00:00,70,89.462939,27.879067
WELL-014,2026-09-17 09:00:00,71,90.63821,27.657633
WELL-014,2026-09-17 09:00:00,72,91.765581,27.438765
WELL-014,2026-09-17 09:00:00,73,92.843678,27.223317
WELL-014,2026-09-17 09:00:00,74,93.871189,27.011291
WELL-014,2026-09-17 09:00:00,75,94.846861,26.801905
WELL-014,2026-09-17 09:00:00,76,95.769505,26.593768
WELL-014,2026-09-17 09:00:00,77,96.637998,26.385146
WELL-014,2026-09-17 09:00:00,78,97.451281,26.174278
WELL-014,2026-09-17 09:00:00,79,98.208364,25.959691
WELL-014,2026-09-17 09:00:00,80,98.908323,25.740472
WELL-014,2026-09-17 09:00:00,81,99.550307,25.516459
WELL-014,2026-09-17 09:00:00,82,100.133533,25.288314
WELL-014,2026-09-17 09:00:00,83,100.657291,25.057479
WELL-014,2026-09-17 09:00:00,84,101.120942,24.826012
WELL-014,2026-09-17 09:00:00,85,101.523921,24.596331
WELL-014,2026-09-17 09:00:00,86,101.865739,24.3709
WELL-014,2026-09-17 09:00:00,87,102.145977,24.15191
WELL-014,2026-09-17 09:00:00,88,102.364295,23.940987
WELL-014,2026-09-17 09:00:00,89,102.520427,23.738991
WELL-014,2026-09-17 09:00:00,90,102.614182,23.545907
WELL-014,2026-09-17 09:00:00,91,102.645446,23.360875
WELL-014,2026-09-17 09:00:00,92,102.614182,23.182329
WELL-014,2026-09-17 09:00:00,93,102.520427,23.008239
WELL-014,2026-09-17 09:00:00,94,102.364295,22.836415
WELL-014,2026-09-17 09:00:00,95,102.145977,22.664834
WELL-014,2026-09-17 09:00:00,96,101.865739,22.491935
WELL-014,2026-09-17 09:00:00,97,101.523921,22.316849
WELL-014,2026-09-17 09:00:00,98,101.120942,22.139519
WELL-014,2026-09-17 09:00:00,99,100.657291,21.960704
WELL-014,2026-09-17 09:00:00,100,100.133533,21.78186
WELL-014,2026-09-17 09:00:00,101,99.550307,21.604918
WELL-014,2026-09-17 09:00:00,102,98.908323,21.431991
WELL-014,2026-09-17 09:00:00,103,98.208364,21.265052
WELL-014,2026-09-17 09:00:00,104,97.451281,21.105634
WELL-014,2026-09-17 09:00:00,105,96.637998,20.954589
WELL-014,2026-09-17 09:00:00,106,95.769505,20.811955
WELL-014,2026-09-17 09:00:00,107,94.846861,20.676927
WELL-014,2026-09-17 09:00:00,108,93.871189,20.547969
WELL-014,2026-09-17 09:00:00,109,92.843678,20.423017
WELL-014,2026-09-17 09:00:00,110,91.765581,20.29977
WELL-014,2026-09-17 09:00:00,111,90.63821,20.176018
WELL-014,2026-09-17 09:00:00,112,89.462939,20.049949
WELL-014,2026-09-17 09:00:00,113,88.2412,19.920411
WELL-014,2026-09-17 09:00:00,114,86.974482,19.787072
WELL-014,2026-09-17 09:00:00,115,85.664328,19.650472
WELL-014,2026-09-17 09:00:00,116,84.312334,19.511941
WELL-014,2026-09-17 09:00:00,117,82.920146,19.373414
WELL-014,2026-09-17 09:00:00,118,81.489463,19.237155
WELL-014,2026-09-17 09:00:00,119,80.022026,19.105437
WELL-014,2026-09-17 09:00:00,120,78.519623,18.980233
WELL-014,2026-09-17 09:00:00,121,76.984085,18.862938
WELL-014,2026-09-17 09:00:00,122,75.417282,18.754195
WELL-014,2026-09-17 09:00:00,123,73.821124,18.653822
WELL-014,2026-09-17 09:00:00,124,72.197555,18.56087
WELL-014,2026-09-17 09:00:00,125,70.548553,18.473792
WELL-014,2026-09-17 09:00:00,126,68.876128,18.390706
WELL-014,2026-09-17 09:00:00,127,67.182317,18.309703
WELL-014,2026-09-17 09:00:00,128,65.469183,18.229167
WELL-014,2026-09-17 09:00:00,129,63.738813,18.148058
WELL-014,2026-09-17 09:00:00,130,61.993317,18.066103
WELL-014,2026-09-17 09:00:00,131,60.23482,17.983886
WELL-014,2026-09-17 09:00:00,132,58.465466,17.902811
WELL-014,2026-09-17 09:00:00,133,56.687408,17.824947
WELL-014,2026-09-17 09:00:00,134,54.902815,17.752778
WELL-014,2026-09-17 09:00:00,135,53.11386,17.688893
WELL-014,2026-09-17 09:00:00,136,51.322723,17.635657
WELL-014,2026-09-17 09:00:00,137,49.531586,17.594919
WELL-014,2026-09-17 09:00:00,138,47.742631,17.567794
WELL-014,2026-09-17 09:00:00,139,45.958038,17.554544
WELL-014,2026-09-17 09:00:00,140,44.179981,17.55459
WELL-014,2026-09-17 09:00:00,141,42.410626,17.566642
WELL-014,2026-09-17 09:00:00,142,40.652129,17.588925
WELL-014,2026-09-17 09:00:00,143,38.906633,17.619478
WELL-014,2026-09-17 09:00:00,144,37.176263,17.656477
WELL-014,2026-09-17 09:00:00,145,35.463129,17.698529
WELL-014,2026-09-17 09:00:00,146,33.769318,17.74491
WELL-014,2026-09-17 09:00:00,147,32.096893,17.795687
WELL-014,2026-09-17 09:00:00,148,30.447891,17.851732
WELL-014,2026-09-17 09:00:00,149,28.824322,17.914612
WELL-014,2026-09-17 09:00:00,150,27.228164,17.986366
WELL-014,2026-09-17 09:00:00,151,25.661362,18.069219
WELL-014,2026-09-17 09:00:00,152,24.125823,18.165253
WELL-014,2026-09-17 09:00:00,153,22.623421,18.276105
WELL-014,2026-09-17 09:00:00,154,21.155983,18.402714
WELL-014,2026-09-17 09:00:00,155,19.7253,18.545171
WELL-014,2026-09-17 09:00:00,156,18.333113,18.702686
WELL-014,2026-09-17 09:00:00,157,16.981118,18.873676
WELL-014,2026-09-17 09:00:00,158,15.670964,19.055968
WELL-014,2026-09-17 09:00:00,159,14.404246,19.24708
WELL-014,2026-09-17 09:00:00,160,13.182507,19.44454
WELL-014,2026-09-17 09:00:00,161,12.007236,19.646208
WELL-014,2026-09-17 09:00:00,162,10.879865,19.850534
WELL-014,2026-09-17 09:00:00,163,9.801768,20.056734
WELL-014,2026-09-17 09:00:00,164,8.774257,20.26485
WELL-014,2026-09-17 09:00:00,165,7.798585,20.475685
WELL-014,2026-09-17 09:00:00,166,6.875941,20.690623
WELL-014,2026-09-17 09:00:00,167,6.007448,20.911364
WELL-014,2026-09-17 09:00:00,168,5.194165,21.13961
WELL-014,2026-09-17 09:00:00,169,4.437083,21.37675
WELL-014,2026-09-17 09:00:00,170,3.737123,21.623586
WELL-014,2026-09-17 09:00:00,171,3.095139,21.880147
WELL-014,2026-09-17 09:00:00,172,2.511913,22.145611
WELL-014,2026-09-17 09:00:00,173,1.988155,22.418354
WELL-014,2026-09-17 09:00:00,174,1.524504,22.696115
WELL-014,2026-09-17 09:00:00,175,1.121525,22.976251
WELL-014,2026-09-17 09:00:00,176,0.779707,23.256049
WELL-014,2026-09-17 09:00:00,177,0.499469,23.533057
WELL-014,2026-09-17 09:00:00,178,0.281151,23.805364
WELL-014,2026-09-17 09:00:00,179,0.12502,24.071812
WELL-014,2026-09-17 09:00:00,180,0.031264,24.332101
WELL-014,2026-09-17 09:00:00,181,0.0,24.586765
WELL-015,2026-09-15 10:00:00,1,0.0,24.643187
WELL-015,2026-09-15 10:00:00,2,0.023559,24.886839
WELL-015,2026-09-15 10:00:00,3,0.094205,25.12881
WELL-015,2026-09-15 10:00:00,4,0.211854,25.370879
WELL-015,2026-09-15 10:00:00,5,0.376362,25.614494
WELL-015,2026-09-15 10:00:00,6,0.587529,25.860503
WELL-015,2026-09-15 10:00:00,7,0.845096,26.108986
WELL-015,2026-09-15 10:00:00,8,1.148751,26.359191
WELL-015,2026-09-15 10:00:00,9,1.498124,26.609602
WELL-015,2026-09-15 10:00:00,10,1.892788,26.85811
WELL-015,2026-09-15 10:00:00,11,2.332263,27.102287
WELL-015,2026-09-15 10:00:00,12,2.816014,27.339696
WELL-015,2026-09-15 10:00:00,13,3.343451,27.568212
WELL-015,2026-09-15 10:00:00,14,3.913931,27.786293
WELL-015,2026-09-15 10:00:00,15,4.52676,27.993178
WELL-015,2026-09-15 10:00:00,16,5.18119,28.188962
WELL-015,2026-09-15 10:00:00,17,5.876426,28.374558
WELL-015,2026-09-15 10:00:00,18,6.611618,28.551532
WELL-015,2026-09-15 10:00:00,19,7.385873,28.721849
WELL-015,2026-09-15 10:00:00,20,8.198246,28.887567
WELL-015,2026-09-15 10:00:00,21,9.047747,29.050506
WELL-015,2026-09-15 10:00:00,22,9.933343,29.211964
WELL-015,2026-09-15 10:00:00,23,10.853953,29.372507
WELL-015,2026-09-15 10:00:00,24,11.808456,29.53186
WELL-015,2026-09-15 10:00:00,25,12.795689,29.68893
WELL-015,2026-09-15 10:00:00,26,13.81445,29.84194
WELL-015,2026-09-15 10:00:00,27,14.863497,29.988671
WELL-015,2026-09-15 10:00:00,28,15.941553,30.126765
WELL-015,2026-09-15 10:00:00,29,17.047303,30.254043
WELL-015,2026-09-15 10:00:00,30,18.1794,30.368807
WELL-015,2026-09-15 10:00:00,31,19.336466,30.470067
WELL-015,2026-09-15 10:00:00,32,20.51709,30.557661
WELL-015,2026-09-15 10:00:00,33,21.719834,30.632266
WELL-015,2026-09-15 10:00:00,34,22.943233,30.695274
WELL-015,2026-09-15 10:00:00,35,24.185796,30.748571
WELL-015,2026-09-15 10:00:00,36,25.44601,30.794248
WELL-015,2026-09-15 10:00:00,37,26.722338,30.834272
WELL-015,2026-09-15 10:00:00,38,28.013227,30.870187
WELL-015,2026-09-15 10:00:00,39,29.317102,30.902872
WELL-015,2026-09-15 10:00:00,40,30.632377,30.932393
WELL-015,2026-09-15 10:00:00,41,31.957447,30.957984
WELL-015,2026-09-15 10:00:00,42,33.2907,30.978142
WELL-015,2026-09-15 10:00:00,43,34.630509,30.990836
WELL-015,2026-09-15 10:00:00,44,35.975244,30.993791
WELL-015,2026-09-15 10:00:00,45,37.323266,30.984814
WELL-015,2026-09-15 10:00:00,46,38.672931,30.962105
WELL-015,2026-09-15 10:00:00,47,40.022597,30.924515
WELL-015,2026-09-15 10:00:00,48,41.370619,30.871715
WELL-015,2026-09-15 10:00:00,49,42.715353,30.804244
WELL-015,2026-09-15 10:00:00,50,44.055163,30.723435
WELL-015,2026-09-15 10:00:00,51,45.388415,30.631226
WELL-015,2026-09-15 10:00:00,52,46.713486,30.529895
WELL-015,2026-09-15 10:00:00,53,48.02876,30.421733
WELL-015,2026-09-15 10:00:00,54,49.332636,30.308737
WELL-015,2026-09-15 10:00:00,55,50.623524,30.192331
WELL-015,2026-09-15 10:00:00,56,51.899853,30.073192
WELL-015,2026-09-15 10:00:00,57,53.160066,29.95117
WELL-015,2026-09-15 10:00:00,58,54.40263,29.825349
WELL-015,2026-09-15 10:00:00,59,55.626029,29.69421
WELL-015,2026-09-15 10:00:00,60,56.828773,29.555892
WELL-015,2026-09-15 10:00:00,61,58.009397,29.408507
WELL-015,2026-09-15 10:00:00,62,59.166463,29.250456
WELL-015,2026-09-15 10:00:00,63,60.29856,29.080711
WELL-015,2026-09-15 10:00:00,64,61.40431,28.899017
WELL-015,2026-09-15 10:00:00,65,62.482365,28.705982
WELL-015,2026-09-15 10:00:00,66,63.531412,28.503041
WELL-015,2026-09-15 10:00:00,67,64.550173,28.292313
WELL-015,2026-09-15 10:00:00,68,65.537407,28.076343
WELL-015,2026-09-15 10:00:00,69,66.49191,27.8578
WELL-015,2026-09-15 10:00:00,70,67.41252,27.639149
WELL-015,2026-09-15 10:00:00,71,68.298115,27.422356
WELL-015,2026-09-15 10:00:00,72,69.147617,27.208666
WELL-015,2026-09-15 10:00:00,73,69.95999,26.998488
WELL-015,2026-09-15 10:00:00,74,70.734244,26.791399
WELL-015,2026-09-15 10:00:00,75,71.469437,26.586271
WELL-015,2026-09-15 10:00:00,76,72.164672,26.381501
WELL-015,2026-09-15 10:00:00,77,72.819103,26.175301
WELL-015,2026-09-15 10:00:00,78,73.431932,25.966026
WELL-015,2026-09-15 10:00:00,79,74.002412,25.752471
WELL-015,2026-09-15 10:00:00,80,74.529849,25.534102
WELL-015,2026-09-15 10:00:00,81,75.0136,25.311191
WELL-015,2026-09-15 10:00:00,82,75.453075,25.084826
WELL-015,2026-09-15 10:00:00,83,75.847739,24.856806
WELL-015,2026-09-15 10:00:00,84,76.197111,24.629419
WELL-015,2026-09-15 10:00:00,85,76.500766,24.405156
WELL-015,2026-09-15 10:00:00,86,76.758334,24.186388
WELL-015,2026-09-15 10:00:00,87,76.9695,23.975051
WELL-015,2026-09-15 10:00:00,88,77.134008,23.7724
WELL-015,2026-09-15 10:00:00,89,77.251657,23.578853
WELL-015,2026-09-15 10:00:00,90,77.322304,23.393952
WELL-015,2026-09-15 10:00:00,91,77.345863,23.216453
WELL-015,2026-09-15 10:00:00,92,77.322304,23.044519
WELL-015,2026-09-15 10:00:00,93,77.251657,22.876004
WELL-015,2026-09-15 10:00:00,94,77.134008,22.70877
WELL-015,2026-09-15 10:00:00,95,76.9695,22.541007
WELL-015,2026-09-15 10:00:00,96,76.758334,22.371494
WELL-015,2026-09-15 10:00:00,97,76.500766,22.19978
WELL-015,2026-09-15 10:00:00,98,76.197111,22.026242
WELL-015,2026-09-15 10:00:00,99,75.847739,21.852025
WELL-015,2026-09-15 10:00:00,100,75.453075,21.678864
WELL-015,2026-09-15 10:00:00,101,75.0136,21.508821
WELL-015,2026-09-15 10:00:00,102,74.529849,21.343972
WELL-015,2026-09-15 10:00:00,103,74.002412,21.186089
WELL-015,2026-09-15 10:00:00,104,73.431932,21.036369
WELL-015,2026-09-15 10:00:00,105,72.819103,20.89524
WELL-015,2026-09-15 10:00:00,106,72.164672,20.762286
WELL-015,2026-09-15 10:00:00,107,71.469437,20.636289
WELL-015,2026-09-15 10:00:00,108,70.734244,20.515394
WELL-015,2026-09-15 10:00:00,109,69.95999,20.397359
WELL-015,2026-09-15 10:00:00,110,69.147617,20.279875
WELL-015,2026-09-15 10:00:00,111,68.298115,20.160885
WELL-015,2026-09-15 10:00:00,112,67.41252,20.038877
WELL-015,2026-09-15 10:00:00,113,66.49191,19.913093
WELL-015,2026-09-15 10:00:00,114,65.537407,19.783639
WELL-015,2026-09-15 10:00:00,115,64.550173,19.651463
WELL-015,2026-09-15 10:00:00,116,63.531412,19.518219
WELL-015,2026-09-15 10:00:00,117,62.482365,19.38603
WELL-015,2026-09-15 10:00:00,118,61.40431,19.257185
WELL-015,2026-09-15 10:00:00,119,60.29856,19.133816
WELL-015,2026-09-15 10:00:00,120,59.166463,19.017602
WELL-015,2026-09-15 10:00:00,121,58.009397,18.909542
WELL-015,2026-09-15 10:00:00,122,56.828773,18.809828
WELL-015,2026-09-15 10:00:00,123,55.626029,18.717845
WELL-015,2026-09-15 10:00:00,124,54.40263,18.632285
WELL-015,2026-09-15 10:00:00,125,53.160066,18.55137
WELL-015,2026-09-15 10:00:00,126,51.899853,18.473147
WELL-015,2026-09-15 10:00:00,127,50.623524,18.395804
WELL-015,2026-09-15 10:00:00,128,49.332636,18.317979
WELL-015,2026-09-15 10:00:00,129,48.02876,18.239001
WELL-015,2026-09-15 10:00:00,130,46.713486,18.159026
WELL-015,2026-09-15 10:00:00,131,45.388415,18.079067
WELL-015,2026-09-15 10:00:00,132,44.055163,18.000891
WELL-015,2026-09-15 10:00:00,133,42.715353,17.926813
WELL-015,2026-09-15 10:00:00,134,41.370619,17.859406
WELL-015,2026-09-15 10:00:00,135,40.022597,17.801178
WELL-015,2026-09-15 10:00:00,136,38.672931,17.754256
WELL-015,2026-09-15 10:00:00,137,37.323266,17.720127
WELL-015,2026-09-15 10:00:00,138,35.975244,17.699471
WELL-015,2026-09-15 10:00:00,139,34.630509,17.692106
WELL-015,2026-09-15 10:00:00,140,33.2907,17.697065
WELL-015,2026-09-15 10:00:00,141,31.957447,17.712777
WELL-015,2026-09-15 10:00:00,142,30.632377,17.73734
WELL-015,2026-09-15 10:00:00,143,29.317102,17.768833
WELL-015,2026-09-15 10:00:00,144,28.013227,17.805637
WELL-015,2026-09-15 10:00:00,145,26.722338,17.846695
WELL-015,2026-09-15 10:00:00,146,25.44601,17.8917
WELL-015,2026-09-15 10:00:00,147,24.185796,17.941161
WELL-015,2026-09-15 10:00:00,148,22.943233,17.99635
WELL-015,2026-09-15 10:00:00,149,21.719834,18.059129
WELL-015,2026-09-15 10:00:00,150,20.51709,18.13169
WELL-015,2026-09-15 10:00:00,151,19.336466,18.216244
WELL-015,2026-09-15 10:00:00,152,18.1794,18.314696
WELL-015,2026-09-15 10:00:00,153,17.047303,18.428363
WELL-015,2026-09-15 10:00:00,154,15.941553,18.557774
WELL-015,2026-09-15 10:00:00,155,14.863497,18.702576
WELL-015,2026-09-15 10:00:00,156,13.81445,18.861568
WELL-015,2026-09-15 10:00:00,157,12.795689,19.032846
WELL-015,2026-09-15 10:00:00,158,11.808456,19.214057
WELL-015,2026-09-15 10:00:00,159,10.853953,19.4027
WELL-015,2026-09-15 10:00:00,160,9.933343,19.596458
WELL-015,2026-09-15 10:00:00,161,9.047747,19.793485
WELL-015,2026-09-15 10:00:00,162,8.198246,19.992633
WELL-015,2026-09-15 10:00:00,163,7.385873,20.193563
WELL-015,2026-09-15 10:00:00,164,6.611618,20.396743
WELL-015,2026-09-15 10:00:00,165,5.876426,20.603319
WELL-015,2026-09-15 10:00:00,166,5.18119,20.814891
WELL-015,2026-09-15 10:00:00,167,4.52676,21.03321
WELL-015,2026-09-15 10:00:00,168,3.913931,21.259863
WELL-015,2026-09-15 10:00:00,169,3.343451,21.49597
WELL-015,2026-09-15 10:00:00,170,2.816014,21.741956
WELL-015,2026-09-15 10:00:00,171,2.332263,21.997415
WELL-015,2026-09-15 10:00:00,172,1.892788,22.261098
WELL-015,2026-09-15 10:00:00,173,1.498124,22.531027
WELL-015,2026-09-15 10:00:00,174,1.148751,22.804709
WELL-015,2026-09-15 10:00:00,175,0.845096,23.079425
WELL-015,2026-09-15 10:00:00,176,0.587529,23.352562
WELL-015,2026-09-15 10:00:00,177,0.376362,23.621916
WELL-015,2026-09-15 10:00:00,178,0.211854,23.885951
WELL-015,2026-09-15 10:00:00,179,0.094205,24.14395
WELL-015,2026-09-15 10:00:00,180,0.023559,24.396056
WELL-015,2026-09-15 10:00:00,181,0.0,24.643187
WELL-015,2026-09-18 10:00:00,1,0.0,24.657713
WELL-015,2026-09-18 10:00:00,2,0.023841,24.908167
WELL-015,2026-09-18 10:00:00,3,0.095336,25.157061
WELL-015,2026-09-18 10:00:00,4,0.214397,25.406165
WELL-015,2026-09-18 10:00:00,5,0.380879,25.656917
WELL-015,2026-09-18 10:00:00,6,0.594579,25.910158
WELL-015,2026-09-18 10:00:00,7,0.855237,26.165958
WELL-015,2026-09-18 10:00:00,8,1.162536,26.423558
WELL-015,2026-09-18 10:00:00,9,1.516101,26.681431
WELL-015,2026-09-18 10:00:00,10,1.915501,26.93746
WELL-015,2026-09-18 10:00:00,11,2.36025,27.189208
WELL-015,2026-09-18 10:00:00,12,2.849806,27.434228
WELL-015,2026-09-18 10:00:00,13,3.383572,27.670385
WELL-015,2026-09-18 10:00:00,14,3.960898,27.896129
WELL-015,2026-09-18 10:00:00,15,4.581081,28.11069
WELL-015,2026-09-18 10:00:00,16,5.243365,28.314154
WELL-015,2026-09-18 10:00:00,17,5.946943,28.507422
WELL-015,2026-09-18 10:00:00,18,6.690958,28.692053
WELL-015,2026-09-18 10:00:00,19,7.474503,28.870002
WELL-015,2026-09-18 10:00:00,20,8.296625,29.043317
WELL-015,2026-09-18 10:00:00,21,9.15632,29.21381
WELL-015,2026-09-18 10:00:00,22,10.052543,29.38277
WELL-015,2026-09-18 10:00:00,23,10.9842,29.550752
WELL-015,2026-09-18 10:00:00,24,11.950157,29.717474
WELL-015,2026-09-18 10:00:00,25,12.949238,29.881832
WELL-015,2026-09-18 10:00:00,26,13.980224,30.042041
WELL-015,2026-09-18 10:00:00,27,15.041859,30.195875
WELL-015,2026-09-18 10:00:00,28,16.132851,30.340965
WELL-015,2026-09-18 10:00:00,29,17.25187,30.475124
WELL-015,2026-09-18 10:00:00,30,18.397553,30.596646
WELL-015,2026-09-18 10:00:00,31,19.568503,30.704532
WELL-015,2026-09-18 10:00:00,32,20.763295,30.798614
WELL-015,2026-09-18 10:00:00,33,21.980472,30.879558
WELL-015,2026-09-18 10:00:00,34,23.218552,30.94875
WELL-015,2026-09-18 10:00:00,35,24.476026,31.00807
WELL-015,2026-09-18 10:00:00,36,25.751362,31.059598
WELL-015,2026-09-18 10:00:00,37,27.043006,31.105297
WELL-015,2026-09-18 10:00:00,38,28.349386,31.146704
WELL-015,2026-09-18 10:00:00,39,29.668908,31.184689
WELL-015,2026-09-18 10:00:00,40,30.999965,31.219313
WELL-015,2026-09-18 10:00:00,41,32.340937,31.249804
WELL-015,2026-09-18 10:00:00,42,33.690188,31.274652
WELL-015,2026-09-18 10:00:00,43,35.046075,31.291821
WELL-015,2026-09-18 10:00:00,44,36.406947,31.299031
WELL-015,2026-09-18 10:00:00,45,37.771145,31.294084
WELL-015,2026-09-18 10:00:00,46,39.137007,31.275173
WELL-015,2026-09-18 10:00:00,47,40.502868,31.241146
WELL-015,2026-09-18 10:00:00,48,41.867066,31.19167
WELL-015,2026-09-18 10:00:00,49,43.227938,31.12728
WELL-015,2026-09-18 10:00:00,50,44.583825,31.049303
WELL-015,2026-09-18 10:00:00,51,45.933076,30.959677
WELL-015,2026-09-18 10:00:00,52,47.274048,30.860673
WELL-015,2026-09-18 10:00:00,53,48.605105,30.754583
WELL-015,2026-09-18 10:00:00,54,49.924628,30.643398
WELL-015,2026-09-18 10:00:00,55,51.231007,30.528543
WELL-015,2026-09-18 10:00:00,56,52.522651,30.410691
WELL-015,2026-09-18 10:00:00,57,53.797987,30.289691
WELL-015,2026-09-18 10:00:00,58,55.055461,30.164625
WELL-015,2026-09-18 10:00:00,59,56.293541,30.033975
WELL-015,2026-09-18 10:00:00,60,57.510718,29.895878
WELL-015,2026-09-18 10:00:00,61,58.70551,29.748446
WELL-015,2026-09-18 10:00:00,62,59.87646,29.590079
WELL-015,2026-09-18 10:00:00,63,61.022143,29.419752
WELL-015,2026-09-18 10:00:00,64,62.141162,29.237208
WELL-015,2026-09-18 10:00:00,65,63.232154,29.043057
WELL-015,2026-09-18 10:00:00,66,64.293789,28.838737
WELL-015,2026-09-18 10:00:00,67,65.324775,28.626366
WELL-015,2026-09-18 10:00:00,68,66.323856,28.408493
WELL-015,2026-09-18 10:00:00,69,67.289813,28.187788
WELL-015,2026-09-18 10:00:00,70,68.22147,27.966719
WELL-015,2026-09-18 10:00:00,71,69.117693,27.747255
WELL-015,2026-09-18 10:00:00,72,69.977389,27.530645
WELL-015,2026-09-18 10:00:00,73,70.79951,27.3173
WELL-015,2026-09-18 10:00:00,74,71.583055,27.106803
WELL-015,2026-09-18 10:00:00,75,72.32707,26.898029
WELL-015,2026-09-18 10:00:00,76,73.030648,26.689378
WELL-015,2026-09-18 10:00:00,77,73.692932,26.479068
WELL-015,2026-09-18 10:00:00,78,74.313115,26.265461
WELL-015,2026-09-18 10:00:00,79,74.890441,26.047354
WELL-015,2026-09-18 10:00:00,80,75.424207,25.82422
WELL-015,2026-09-18 10:00:00,81,75.913763,25.596337
WELL-015,2026-09-18 10:00:00,82,76.358512,25.364799
WELL-015,2026-09-18 10:00:00,83,76.757912,25.13141
WELL-015,2026-09-18 10:00:00,84,77.111477,24.898467
WELL-015,2026-09-18 10:00:00,85,77.418776,24.668466
WELL-015,2026-09-18 10:00:00,86,77.679434,24.443785
WELL-015,2026-09-18 10:00:00,87,77.893134,24.226368
WELL-015,2026-09-18 10:00:00,88,78.059616,24.017477
WELL-015,2026-09-18 10:00:00,89,78.178677,23.817537
WELL-015,2026-09-18 10:00:00,90,78.250172,23.626099
WELL-015,2026-09-18 10:00:00,91,78.274013,23.441927
WELL-015,2026-09-18 10:00:00,92,78.250172,23.263191
WELL-015,2026-09-18 10:00:00,93,78.178677,23.087753
WELL-015,2026-09-18 10:00:00,94,78.059616,22.913485
WELL-015,2026-09-18 10:00:00,95,77.893134,22.738584
WELL-015,2026-09-18 10:00:00,96,77.679434,22.561839
WELL-015,2026-09-18 10:00:00,97,77.418776,22.382807
WELL-015,2026-09-18 10:00:00,98,77.111477,22.201875
WELL-015,2026-09-18 10:00:00,99,76.757912,22.020196
WELL-015,2026-09-18 10:00:00,100,76.358512,21.839514
WELL-015,2026-09-18 10:00:00,101,75.913763,21.661901
WELL-015,2026-09-18 10:00:00,102,75.424207,21.489441
WELL-015,2026-09-18 10:00:00,103,74.890441,21.323916
WELL-015,2026-09-18 10:00:00,104,74.313115,21.166533
WELL-015,2026-09-18 10:00:00,105,73.692932,21.017728
WELL-015,2026-09-18 10:00:00,106,73.030648,20.877095
WELL-015,2026-09-18 10:00:00,107,72.32707,20.743426
WELL-015,2026-09-18 10:00:00,108,71.583055,20.614873
WELL-015,2026-09-18 10:00:00,109,70.79951,20.489206
WELL-015,2026-09-18 10:00:00,110,69.977389,20.364125
WELL-015,2026-09-18 10:00:00,111,69.117693,20.237581
WELL-015,2026-09-18 10:00:00,112,68.22147,20.108071
WELL-015,2026-09-18 10:00:00,113,67.289813,19.974848
WELL-015,2026-09-18 10:00:00,114,66.323856,19.838026
WELL-015,2026-09-18 10:00:00,115,65.324775,19.698561
WELL-015,2026-09-18 10:00:00,116,64.293789,19.558117
WELL-015,2026-09-18 10:00:00,117,63.232154,19.418826
WELL-015,2026-09-18 10:00:00,118,62.141162,19.282985
WELL-015,2026-09-18 10:00:00,119,61.022143,19.152735
WELL-015,2026-09-18 10:00:00,120,59.87646,19.029764
WELL-015,2026-09-18 10:00:00,121,58.70551,18.915077
WELL-015,2026-09-18 10:00:00,122,57.510718,18.808876
WELL-015,2026-09-18 10:00:00,123,56.293541,18.710553
WELL-015,2026-09-18 10:00:00,124,55.055461,18.618808
WELL-015,2026-09-18 10:00:00,125,53.797987,18.531872
WELL-015,2026-09-18 10:00:00,126,52.522651,18.447796
WELL-015,2026-09-18 10:00:00,127,51.231007,18.364778
WELL-015,2026-09-18 10:00:00,128,49.924628,18.281463
WELL-015,2026-09-18 10:00:00,129,48.605105,18.197184
WELL-015,2026-09-18 10:00:00,130,47.274048,18.112106
WELL-015,2026-09-18 10:00:00,131,45.933076,18.027247
WELL-015,2026-09-18 10:00:00,132,44.583825,17.944381
WELL-015,2026-09-18 10:00:00,133,43.227938,17.865828
WELL-015,2026-09-18 10:00:00,134,41.867066,17.794166
WELL-015,2026-09-18 10:00:00,135,40.502868,17.731908
WELL-015,2026-09-18 10:00:00,136,39.137007,17.681187
WELL-015,2026-09-18 10:00:00,137,37.771145,17.643495
WELL-015,2026-09-18 10:00:00,138,36.406947,17.619515
WELL-015,2026-09-18 10:00:00,139,35.046075,17.60907
WELL-015,2026-09-18 10:00:00,140,33.690188,17.611196
WELL-015,2026-09-18 10:00:00,141,32.340937,17.624327
WELL-015,2026-09-18 10:00:00,142,30.999965,17.646561
WELL-015,2026-09-18 10:00:00,143,29.668908,17.675984
WELL-015,2026-09-18 10:00:00,144,28.349386,17.710975
WELL-015,2026-09-18 10:00:00,145,27.043006,17.750483
WELL-015,2026-09-18 10:00:00,146,25.751362,17.794201
WELL-015,2026-09-18 10:00:00,147,24.476026,17.842641
WELL-015,2026-09-18 10:00:00,148,23.218552,17.897074
WELL-015,2026-09-18 10:00:00,149,21.980472,17.959363
WELL-015,2026-09-18 10:00:00,150,20.763295,18.031704
WELL-015,2026-09-18 10:00:00,151,19.568503,18.116306
WELL-015,2026-09-18 10:00:00,152,18.397553,18.215073
WELL-015,2026-09-18 10:00:00,153,17.25187,18.329323
WELL-015,2026-09-18 10:00:00,154,16.132851,18.459583
WELL-015,2026-09-18 10:00:00,155,15.041859,18.605501
WELL-015,2026-09-18 10:00:00,156,13.980224,18.765872
WELL-015,2026-09-18 10:00:00,157,12.949238,18.938793
WELL-015,2026-09-18 10:00:00,158,11.950157,19.121907
WELL-015,2026-09-18 10:00:00,159,10.9842,19.312713
WELL-015,2026-09-18 10:00:00,160,10.052543,19.508888
WELL-015,2026-09-18 10:00:00,161,9.15632,19.708586
WELL-015,2026-09-18 10:00:00,162,8.296625,19.910654
WELL-015,2026-09-18 10:00:00,163,7.474503,20.11475
WELL-015,2026-09-18 10:00:00,164,6.690958,20.321339
WELL-015,2026-09-18 10:00:00,165,5.946943,20.531562
WELL-015,2026-09-18 10:00:00,166,5.243365,20.747014
WELL-015,2026-09-18 10:00:00,167,4.581081,20.969442
WELL-015,2026-09-18 10:00:00,168,3.960898,21.200428
WELL-015,2026-09-18 10:00:00,169,3.383572,21.441087
WELL-015,2026-09-18 10:00:00,170,2.849806,21.691838
WELL-015,2026-09-18 10:00:00,171,2.36025,21.952269
WELL-015,2026-09-18 10:00:00,172,1.915501,22.221126
WELL-015,2026-09-18 10:00:00,173,1.516101,22.496423
WELL-015,2026-09-18 10:00:00,174,1.162536,22.775661
WELL-015,2026-09-18 10:00:00,175,0.855237,23.056115
WELL-015,2026-09-18 10:00:00,176,0.594579,23.335164
WELL-015,2026-09-18 10:00:00,177,0.380879,23.610599
WELL-015,2026-09-18 10:00:00,178,0.214397,23.880874
WELL-015,2026-09-18 10:00:00,179,0.095336,24.145266
WELL-015,2026-09-18 10:00:00,180,0.023841,24.403909
WELL-015,2026-09-18 10:00:00,181,0.0,24.657713
WELL-016,2026-09-16 11:00:00,1,0.0,24.713601
WELL-016,2026-09-16 11:00:00,2,0.023946,24.958045
WELL-016,2026-09-16 11:00:00,3,0.095756,25.201955
WELL-016,2026-09-16 11:00:00,4,0.215341,25.446965
WELL-016,2026-09-16 11:00:00,5,0.382557,25.694227
WELL-016,2026-09-16 11:00:00,6,0.597199,25.944194
WELL-016,2026-09-16 11:00:00,7,0.859006,26.196502
WELL-016,2026-09-16 11:00:00,8,1.167659,26.449974
WELL-016,2026-09-16 11:00:00,9,1.522782,26.702747
WELL-016,2026-09-16 11:00:00,10,1.923943,26.952499
WELL-016,2026-09-16 11:00:00,11,2.370652,27.196748
WELL-016,2026-09-16 11:00:00,12,2.862365,27.433171
WELL-016,2026-09-16 11:00:00,13,3.398483,27.659909
WELL-016,2026-09-16 11:00:00,14,3.978353,27.875802
WELL-016,2026-09-16 11:00:00,15,4.601269,28.080526
WELL-016,2026-09-16 11:00:00,16,5.266471,28.274608
WELL-016,2026-09-16 11:00:00,17,5.97315,28.459322
WELL-016,2026-09-16 11:00:00,18,6.720444,28.636473
WELL-016,2026-09-16 11:00:00,19,7.507442,28.808111
WELL-016,2026-09-16 11:00:00,20,8.333186,28.976204
WELL-016,2026-09-16 11:00:00,21,9.19667,29.14233
WELL-016,2026-09-16 11:00:00,22,10.096842,29.307424
WELL-016,2026-09-16 11:00:00,23,11.032606,29.471615
WELL-016,2026-09-16 11:00:00,24,12.00282,29.63419
WELL-016,2026-09-16 11:00:00,25,13.006303,29.793676
WELL-016,2026-09-16 11:00:00,26,14.041832,29.948029
WELL-016,2026-09-16 11:00:00,27,15.108146,30.094916
WELL-016,2026-09-16 11:00:00,28,16.203946,30.232033
WELL-016,2026-09-16 11:00:00,29,17.327896,30.357416
WELL-016,2026-09-16 11:00:00,30,18.478628,30.469714
WELL-016,2026-09-16 11:00:00,31,19.654738,30.56836
WELL-016,2026-09-16 11:00:00,32,20.854795,30.653634
WELL-016,2026-09-16 11:00:00,33,22.077336,30.726608
WELL-016,2026-09-16 11:00:00,34,23.320872,30.788961
WELL-016,2026-09-16 11:00:00,35,24.583887,30.842726
WELL-016,2026-09-16 11:00:00,36,25.864844,30.889965
WELL-016,2026-09-16 11:00:00,37,27.16218,30.93246
WELL-016,2026-09-16 11:00:00,38,28.474316,30.971428
WELL-016,2026-09-16 11:00:00,39,29.799653,31.007331
WELL-016,2026-09-16 11:00:00,40,31.136577,31.039793
WELL-016,2026-09-16 11:00:00,41,32.483458,31.067639
WELL-016,2026-09-16 11:00:00,42,33.838655,31.089053
WELL-016,2026-09-16 11:00:00,43,35.200517,31.101832
WELL-016,2026-09-16 11:00:00,44,36.567386,31.103694
WELL-016,2026-09-16 11:00:00,45,37.937596,31.092606
WELL-016,2026-09-16 11:00:00,46,39.309477,31.067071
WELL-016,2026-09-16 11:00:00,47,40.681357,31.026345
WELL-016,2026-09-16 11:00:00,48,42.051567,30.970542
WELL-016,2026-09-16 11:00:00,49,43.418436,30.900618
WELL-016,2026-09-16 11:00:00,50,44.780298,30.818242
WELL-016,2026-09-16 11:00:00,51,46.135495,30.725554
WELL-016,2026-09-16 11:00:00,52,47.482376,30.624867
WELL-016,2026-09-16 11:00:00,53,48.8193,30.518344
WELL-016,2026-09-16 11:00:00,54,50.144637,30.4077
WELL-016,2026-09-16 11:00:00,55,51.456773,30.293972
WELL-016,2026-09-16 11:00:00,56,52.754109,30.177395
WELL-016,2026-09-16 11:00:00,57,54.035066,30.057393
WELL-016,2026-09-16 11:00:00,58,55.298081,29.932696
WELL-016,2026-09-16 11:00:00,59,56.541617,29.801558
WELL-016,2026-09-16 11:00:00,60,57.764158,29.66205
WELL-016,2026-09-16 11:00:00,61,58.964215,29.512386
WELL-016,2026-09-16 11:00:00,62,60.140325,29.351223
WELL-016,2026-09-16 11:00:00,63,61.291057,29.177906
WELL-016,2026-09-16 11:00:00,64,62.415007,28.992619
WELL-016,2026-09-16 11:00:00,65,63.510807,28.796403
WELL-016,2026-09-16 11:00:00,66,64.577121,28.591068
WELL-016,2026-09-16 11:00:00,67,65.61265,28.378986
WELL-016,2026-09-16 11:00:00,68,66.616133,28.162801
WELL-016,2026-09-16 11:00:00,69,67.586347,27.945114
WELL-016,2026-09-16 11:00:00,70,68.522111,27.72816
WELL-016,2026-09-16 11:00:00,71,69.422283,27.51355
WELL-016,2026-09-16 11:00:00,72,70.285767,27.302103
WELL-016,2026-09-16 11:00:00,73,71.111511,27.093786
WELL-016,2026-09-16 11:00:00,74,71.898509,26.887792
WELL-016,2026-09-16 11:00:00,75,72.645803,26.682715
WELL-016,2026-09-16 11:00:00,76,73.352482,26.476821
WELL-016,2026-09-16 11:00:00,77,74.017684,26.268368
WELL-016,2026-09-16 11:00:00,78,74.6406,26.055911
WELL-016,2026-09-16 11:00:00,79,75.22047,25.838584
WELL-016,2026-09-16 11:00:00,80,75.756588,25.616273
WELL-016,2026-09-16 11:00:00,81,76.248302,25.389694
WELL-016,2026-09-16 11:00:00,82,76.69501,25.160339
WELL-016,2026-09-16 11:00:00,83,77.096171,24.930309
WELL-016,2026-09-16 11:00:00,84,77.451294,24.702052
WELL-016,2026-09-16 11:00:00,85,77.759947,24.478051
WELL-016,2026-09-16 11:00:00,86,78.021754,24.260502
WELL-016,2026-09-16 11:00:00,87,78.236396,24.051029
WELL-016,2026-09-16 11:00:00,88,78.403612,23.850479
WELL-016,2026-09-16 11:00:00,89,78.523197,23.658827
WELL-016,2026-09-16 11:00:00,90,78.595007,23.475203
WELL-016,2026-09-16 11:00:00,91,78.618953,23.298039
WELL-016,2026-09-16 11:00:00,92,78.595007,23.125313
WELL-016,2026-09-16 11:00:00,93,78.523197,22.954859
WELL-016,2026-09-16 11:00:00,94,78.403612,22.784685
WELL-016,2026-09-16 11:00:00,95,78.236396,22.613273
WELL-016,2026-09-16 11:00:00,96,78.021754,22.439803
WELL-016,2026-09-16 11:00:00,97,77.759947,22.264264
WELL-016,2026-09-16 11:00:00,98,77.451294,22.08746
WELL-016,2026-09-16 11:00:00,99,77.096171,21.91088
WELL-016,2026-09-16 11:00:00,100,76.69501,21.736475
WELL-016,2026-09-16 11:00:00,101,76.248302,21.56636
WELL-016,2026-09-16 11:00:00,102,75.756588,21.402498
WELL-016,2026-09-16 11:00:00,103,75.22047,21.246392
WELL-016,2026-09-16 11:00:00,104,74.6406,21.09886
WELL-016,2026-09-16 11:00:00,105,74.017684,20.959891
WELL-016,2026-09-16 11:00:00,106,73.352482,20.82864
WELL-016,2026-09-16 11:00:00,107,72.645803,20.703526
WELL-016,2026-09-16 11:00:00,108,71.898509,20.582453
WELL-016,2026-09-16 11:00:00,109,71.111511,20.463098
WELL-016,2026-09-16 11:00:00,110,70.285767,20.343238
WELL-016,2026-09-16 11:00:00,111,69.422283,20.221061
WELL-016,2026-09-16 11:00:00,112,68.522111,20.095417
WELL-016,2026-09-16 11:00:00,113,67.586347,19.965986
WELL-016,2026-09-16 11:00:00,114,66.616133,19.833309
WELL-016,2026-09-16 11:00:00,115,65.61265,19.698717
WELL-016,2026-09-16 11:00:00,116,64.577121,19.56413
WELL-016,2026-09-16 11:00:00,117,63.510807,19.431785
WELL-016,2026-09-16 11:00:00,118,62.415007,19.303917
WELL-016,2026-09-16 11:00:00,119,61.291057,19.182442
WELL-016,2026-09-16 11:00:00,120,60.140325,19.068695
WELL-016,2026-09-16 11:00:00,121,58.964215,18.963249
WELL-016,2026-09-16 11:00:00,122,57.764158,18.865855
WELL-016,2026-09-16 11:00:00,123,56.541617,18.775504
WELL-016,2026-09-16 11:00:00,124,55.298081,18.690598
WELL-016,2026-09-16 11:00:00,125,54.035066,18.609216
WELL-016,2026-09-16 11:00:00,126,52.754109,18.529429
WELL-016,2026-09-16 11:00:00,127,51.456773,18.449615
WELL-016,2026-09-16 11:00:00,128,50.144637,18.368739
WELL-016,2026-09-16 11:00:00,129,48.8193,18.286542
WELL-016,2026-09-16 11:00:00,130,47.482376,18.203625
WELL-016,2026-09-16 11:00:00,131,46.135495,18.121411
WELL-016,2026-09-16 11:00:00,132,44.780298,18.04198
WELL-016,2026-09-16 11:00:00,133,43.418436,17.967817
WELL-016,2026-09-16 11:00:00,134,42.051567,17.901503
WELL-016,2026-09-16 11:00:00,135,40.681357,17.845386
WELL-016,2026-09-16 11:00:00,136,39.309477,17.801289
WELL-016,2026-09-16 11:00:00,137,37.937596,17.770296
WELL-016,2026-09-16 11:00:00,138,36.567386,17.752644
WELL-016,2026-09-16 11:00:00,139,35.200517,17.747732
WELL-016,2026-09-16 11:00:00,140,33.838655,17.754257
WELL-016,2026-09-16 11:00:00,141,32.483458,17.770449
WELL-016,2026-09-16 11:00:00,142,31.136577,17.794367
WELL-016,2026-09-16 11:00:00,143,29.799653,17.824223
WELL-016,2026-09-16 11:00:00,144,28.474316,17.858674
WELL-016,2026-09-16 11:00:00,145,27.16218,17.897054
WELL-016,2026-09-16 11:00:00,146,25.864844,17.939497
WELL-016,2026-09-16 11:00:00,147,24.583887,17.986938
WELL-016,2026-09-16 11:00:00,148,23.320872,18.041003
WELL-016,2026-09-16 11:00:00,149,22.077336,18.103781
WELL-016,2026-09-16 11:00:00,150,20.854795,18.177532
WELL-016,2026-09-16 11:00:00,151,19.654738,18.264366
WELL-016,2026-09-16 11:00:00,152,18.478628,18.365929
WELL-016,2026-09-16 11:00:00,153,17.327896,18.483168
WELL-016,2026-09-16 11:00:00,154,16.203946,18.616173
WELL-016,2026-09-16 11:00:00,155,15.108146,18.764155
WELL-016,2026-09-16 11:00:00,156,14.041832,18.925541
WELL-016,2026-09-16 11:00:00,157,13.006303,19.098173
WELL-016,2026-09-16 11:00:00,158,12.00282,19.279598
WELL-016,2026-09-16 11:00:00,159,11.032606,19.467387
WELL-016,2026-09-16 11:00:00,160,10.096842,19.659447
WELL-016,2026-09-16 11:00:00,161,9.19667,19.854291
WELL-016,2026-09-16 11:00:00,162,8.333186,20.051196
WELL-016,2026-09-16 11:00:00,163,7.507442,20.250264
WELL-016,2026-09-16 11:00:00,164,6.720444,20.452349
WELL-016,2026-09-16 11:00:00,165,5.97315,20.658876
WELL-016,2026-09-16 11:00:00,166,5.266471,20.87157
WELL-016,2026-09-16 11:00:00,167,4.601269,21.092143
WELL-016,2026-09-16 11:00:00,168,3.978353,21.321977
WELL-016,2026-09-16 11:00:00,169,3.398483,21.561857
WELL-016,2026-09-16 11:00:00,170,2.862365,21.811786
WELL-016,2026-09-16 11:00:00,171,2.370652,22.070912
WELL-016,2026-09-16 11:00:00,172,1.923943,22.337585
WELL-016,2026-09-16 11:00:00,173,1.522782,22.609524
WELL-016,2026-09-16 11:00:00,174,1.167659,22.884075
WELL-016,2026-09-16 11:00:00,175,0.859006,23.15853
WELL-016,2026-09-16 11:00:00,176,0.597199,23.430447
WELL-016,2026-09-16 11:00:00,177,0.382557,23.697938
WELL-016,2026-09-16 11:00:00,178,0.215341,23.959872
WELL-016,2026-09-16 11:00:00,179,0.095756,24.215976
WELL-016,2026-09-16 11:00:00,180,0.023946,24.466806
WELL-016,2026-09-16 11:00:00,181,0.0,24.713601
WELL-016,2026-09-19 11:00:00,1,0.0,24.728128
WELL-016,2026-09-19 11:00:00,2,0.024234,24.979374
WELL-016,2026-09-19 11:00:00,3,0.096905,25.230207
WELL-016,2026-09-19 11:00:00,4,0.217926,25.48225
WELL-016,2026-09-19 11:00:00,5,0.387148,25.73665
WELL-016,2026-09-19 11:00:00,6,0.604366,25.993849
WELL-016,2026-09-19 11:00:00,7,0.869314,26.253474
WELL-016,2026-09-19 11:00:00,8,1.181671,26.514341
WELL-016,2026-09-19 11:00:00,9,1.541056,26.774576
WELL-016,2026-09-19 11:00:00,10,1.94703,27.031849
WELL-016,2026-09-19 11:00:00,11,2.399099,27.283668
WELL-016,2026-09-19 11:00:00,12,2.896713,27.527702
WELL-016,2026-09-19 11:00:00,13,3.439265,27.762082
WELL-016,2026-09-19 11:00:00,14,4.026093,27.985639
WELL-016,2026-09-19 11:00:00,15,4.656484,28.198039
WELL-016,2026-09-19 11:00:00,16,5.329669,28.3998
WELL-016,2026-09-19 11:00:00,17,6.044828,28.592186
WELL-016,2026-09-19 11:00:00,18,6.801089,28.776994
WELL-016,2026-09-19 11:00:00,19,7.597531,28.956263
WELL-016,2026-09-19 11:00:00,20,8.433185,29.131954
WELL-016,2026-09-19 11:00:00,21,9.307031,29.305635
WELL-016,2026-09-19 11:00:00,22,10.218005,29.478229
WELL-016,2026-09-19 11:00:00,23,11.164997,29.64986
WELL-016,2026-09-19 11:00:00,24,12.146853,29.819804
WELL-016,2026-09-19 11:00:00,25,13.162378,29.986578
WELL-016,2026-09-19 11:00:00,26,14.210334,30.14813
WELL-016,2026-09-19 11:00:00,27,15.289444,30.30212
WELL-016,2026-09-19 11:00:00,28,16.398393,30.446232
WELL-016,2026-09-19 11:00:00,29,17.535831,30.578497
WELL-016,2026-09-19 11:00:00,30,18.700371,30.697553
WELL-016,2026-09-19 11:00:00,31,19.890595,30.802825
WELL-016,2026-09-19 11:00:00,32,21.105053,30.894587
WELL-016,2026-09-19 11:00:00,33,22.342264,30.973899
WELL-016,2026-09-19 11:00:00,34,23.600722,31.042438
WELL-016,2026-09-19 11:00:00,35,24.878894,31.102224
WELL-016,2026-09-19 11:00:00,36,26.175222,31.155316
WELL-016,2026-09-19 11:00:00,37,27.488126,31.203486
WELL-016,2026-09-19 11:00:00,38,28.816008,31.247945
WELL-016,2026-09-19 11:00:00,39,30.157249,31.289148
WELL-016,2026-09-19 11:00:00,40,31.510216,31.326713
WELL-016,2026-09-19 11:00:00,41,32.873259,31.359459
WELL-016,2026-09-19 11:00:00,42,34.244719,31.385563
WELL-016,2026-09-19 11:00:00,43,35.622924,31.402817
WELL-016,2026-09-19 11:00:00,44,37.006195,31.408934
WELL-016,2026-09-19 11:00:00,45,38.392847,31.401876
WELL-016,2026-09-19 11:00:00,46,39.78119,31.38014
WELL-016,2026-09-19 11:00:00,47,41.169534,31.342977
WELL-016,2026-09-19 11:00:00,48,42.556186,31.290497
WELL-016,2026-09-19 11:00:00,49,43.939457,31.223654
WELL-016,2026-09-19 11:00:00,50,45.317662,31.144111
WELL-016,2026-09-19 11:00:00,51,46.689121,31.054004
WELL-016,2026-09-19 11:00:00,52,48.052165,30.955645
WELL-016,2026-09-19 11:00:00,53,49.405131,30.851193
WELL-016,2026-09-19 11:00:00,54,50.746372,30.742361
WELL-016,2026-09-19 11:00:00,55,52.074254,30.630184
WELL-016,2026-09-19 11:00:00,56,53.387159,30.514894
WELL-016,2026-09-19 11:00:00,57,54.683486,30.395914
WELL-016,2026-09-19 11:00:00,58,55.961658,30.271973
WELL-016,2026-09-19 11:00:00,59,57.220116,30.141323
WELL-016,2026-09-19 11:00:00,60,58.457328,30.002036
WELL-016,2026-09-19 11:00:00,61,59.671785,29.852325
WELL-016,2026-09-19 11:00:00,62,60.862009,29.690846
WELL-016,2026-09-19 11:00:00,63,62.026549,29.516947
WELL-016,2026-09-19 11:00:00,64,63.163987,29.33081
WELL-016,2026-09-19 11:00:00,65,64.272936,29.133479
WELL-016,2026-09-19 11:00:00,66,65.352046,28.926764
WELL-016,2026-09-19 11:00:00,67,66.400002,28.713039
WELL-016,2026-09-19 11:00:00,68,67.415527,28.494951
WELL-016,2026-09-19 11:00:00,69,68.397384,28.275102
WELL-016,2026-09-19 11:00:00,70,69.344376,28.05573
WELL-016,2026-09-19 11:00:00,71,70.25535,27.83845
WELL-016,2026-09-19 11:00:00,72,71.129196,27.624082
WELL-016,2026-09-19 11:00:00,73,71.964849,27.412599
WELL-016,2026-09-19 11:00:00,74,72.761292,27.203196
WELL-016,2026-09-19 11:00:00,75,73.517553,26.994472
WELL-016,2026-09-19 11:00:00,76,74.232712,26.784698
WELL-016,2026-09-19 11:00:00,77,74.905896,26.572135
WELL-016,2026-09-19 11:00:00,78,75.536287,26.355346
WELL-016,2026-09-19 11:00:00,79,76.123116,26.133467
WELL-016,2026-09-19 11:00:00,80,76.665668,25.906391
WELL-016,2026-09-19 11:00:00,81,77.163281,25.67484
WELL-016,2026-09-19 11:00:00,82,77.61535,25.440312
WELL-016,2026-09-19 11:00:00,83,78.021325,25.204914
WELL-016,2026-09-19 11:00:00,84,78.380709,24.9711
WELL-016,2026-09-19 11:00:00,85,78.693066,24.741361
WELL-016,2026-09-19 11:00:00,86,78.958015,24.517899
WELL-016,2026-09-19 11:00:00,87,79.175233,24.302346
WELL-016,2026-09-19 11:00:00,88,79.344455,24.095556
WELL-016,2026-09-19 11:00:00,89,79.465475,23.897512
WELL-016,2026-09-19 11:00:00,90,79.538147,23.70735
WELL-016,2026-09-19 11:00:00,91,79.56238,23.523512
WELL-016,2026-09-19 11:00:00,92,79.538147,23.343985
WELL-016,2026-09-19 11:00:00,93,79.465475,23.166608
WELL-016,2026-09-19 11:00:00,94,79.344455,22.989399
WELL-016,2026-09-19 11:00:00,95,79.175233,22.810851
WELL-016,2026-09-19 11:00:00,96,78.958015,22.630148
WELL-016,2026-09-19 11:00:00,97,78.693066,22.447292
WELL-016,2026-09-19 11:00:00,98,78.380709,22.263093
WELL-016,2026-09-19 11:00:00,99,78.021325,22.079051
WELL-016,2026-09-19 11:00:00,100,77.61535,21.897125
WELL-016,2026-09-19 11:00:00,101,77.163281,21.71944
WELL-016,2026-09-19 11:00:00,102,76.665668,21.547967
WELL-016,2026-09-19 11:00:00,103,76.123116,21.384219
WELL-016,2026-09-19 11:00:00,104,75.536287,21.229023
WELL-016,2026-09-19 11:00:00,105,74.905896,21.082379
WELL-016,2026-09-19 11:00:00,106,74.232712,20.943449
WELL-016,2026-09-19 11:00:00,107,73.517553,20.810662
WELL-016,2026-09-19 11:00:00,108,72.761292,20.681932
WELL-016,2026-09-19 11:00:00,109,71.964849,20.554945
WELL-016,2026-09-19 11:00:00,110,71.129196,20.427488
WELL-016,2026-09-19 11:00:00,111,70.25535,20.297756
WELL-016,2026-09-19 11:00:00,112,69.344376,20.164612
WELL-016,2026-09-19 11:00:00,113,68.397384,20.027741
WELL-016,2026-09-19 11:00:00,114,67.415527,19.887696
WELL-016,2026-09-19 11:00:00,115,66.400002,19.745815
WELL-016,2026-09-19 11:00:00,116,65.352046,19.604028
WELL-016,2026-09-19 11:00:00,117,64.272936,19.464581
WELL-016,2026-09-19 11:00:00,118,63.163987,19.329717
WELL-016,2026-09-19 11:00:00,119,62.026549,19.201362
WELL-016,2026-09-19 11:00:00,120,60.862009,19.080856
WELL-016,2026-09-19 11:00:00,121,59.671785,18.968783
WELL-016,2026-09-19 11:00:00,122,58.457328,18.864903
WELL-016,2026-09-19 11:00:00,123,57.220116,18.768212
WELL-016,2026-09-19 11:00:00,124,55.961658,18.677121
WELL-016,2026-09-19 11:00:00,125,54.683486,18.589717
WELL-016,2026-09-19 11:00:00,126,53.387159,18.504078
WELL-016,2026-09-19 11:00:00,127,52.074254,18.418589
WELL-016,2026-09-19 11:00:00,128,50.746372,18.332222
WELL-016,2026-09-19 11:00:00,129,49.405131,18.244725
WELL-016,2026-09-19 11:00:00,130,48.052165,18.156705
WELL-016,2026-09-19 11:00:00,131,46.689121,18.069592
WELL-016,2026-09-19 11:00:00,132,45.317662,17.98547
WELL-016,2026-09-19 11:00:00,133,43.939457,17.906831
WELL-016,2026-09-19 11:00:00,134,42.556186,17.836263
WELL-016,2026-09-19 11:00:00,135,41.169534,17.776116
WELL-016,2026-09-19 11:00:00,136,39.78119,17.728221
WELL-016,2026-09-19 11:00:00,137,38.392847,17.693665
WELL-016,2026-09-19 11:00:00,138,37.006195,17.672689
WELL-016,2026-09-19 11:00:00,139,35.622924,17.664696
WELL-016,2026-09-19 11:00:00,140,34.244719,17.668389
WELL-016,2026-09-19 11:00:00,141,32.873259,17.681999
WELL-016,2026-09-19 11:00:00,142,31.510216,17.703589
WELL-016,2026-09-19 11:00:00,143,30.157249,17.731373
WELL-016,2026-09-19 11:00:00,144,28.816008,17.764012
WELL-016,2026-09-19 11:00:00,145,27.488126,17.800842
WELL-016,2026-09-19 11:00:00,146,26.175222,17.841998
WELL-016,2026-09-19 11:00:00,147,24.878894,17.888417
WELL-016,2026-09-19 11:00:00,148,23.600722,17.941726
WELL-016,2026-09-19 11:00:00,149,22.342264,18.004015
WELL-016,2026-09-19 11:00:00,150,21.105053,18.077546
WELL-016,2026-09-19 11:00:00,151,19.890595,18.164427
WELL-016,2026-09-19 11:00:00,152,18.700371,18.266306
WELL-016,2026-09-19 11:00:00,153,17.535831,18.384127
WELL-016,2026-09-19 11:00:00,154,16.398393,18.517981
WELL-016,2026-09-19 11:00:00,155,15.289444,18.667079
WELL-016,2026-09-19 11:00:00,156,14.210334,18.829845
WELL-016,2026-09-19 11:00:00,157,13.162378,19.00412
WELL-016,2026-09-19 11:00:00,158,12.146853,19.187449
WELL-016,2026-09-19 11:00:00,159,11.164997,19.377399
WELL-016,2026-09-19 11:00:00,160,10.218005,19.571877
WELL-016,2026-09-19 11:00:00,161,9.307031,19.769392
WELL-016,2026-09-19 11:00:00,162,8.433185,19.969217
WELL-016,2026-09-19 11:00:00,163,7.597531,20.171451
WELL-016,2026-09-19 11:00:00,164,6.801089,20.376945
WELL-016,2026-09-19 11:00:00,165,6.044828,20.587119
WELL-016,2026-09-19 11:00:00,166,5.329669,20.803693
WELL-016,2026-09-19 11:00:00,167,4.656484,21.028375
WELL-016,2026-09-19 11:00:00,168,4.026093,21.262543
WELL-016,2026-09-19 11:00:00,169,3.439265,21.506975
WELL-016,2026-09-19 11:00:00,170,2.896713,21.761668
WELL-016,2026-09-19 11:00:00,171,2.399099,22.025766
WELL-016,2026-09-19 11:00:00,172,1.94703,22.297612
WELL-016,2026-09-19 11:00:00,173,1.541056,22.574919
WELL-016,2026-09-19 11:00:00,174,1.181671,22.855027
WELL-016,2026-09-19 11:00:00,175,0.869314,23.135221
WELL-016,2026-09-19 11:00:00,176,0.604366,23.41305
WELL-016,2026-09-19 11:00:00,177,0.387148,23.686621
WELL-016,2026-09-19 11:00:00,178,0.217926,23.954795
WELL-016,2026-09-19 11:00:00,179,0.096905,24.217291
WELL-016,2026-09-19 11:00:00,180,0.024234,24.474658
WELL-016,2026-09-19 11:00:00,181,0.0,24.728128
WELL-017,2026-09-17 08:00:00,1,0.0,24.783791
WELL-017,2026-09-17 08:00:00,2,0.025804,25.029634
WELL-017,2026-09-17 08:00:00,3,0.103186,25.276036
WELL-017,2026-09-17 08:00:00,4,0.232051,25.524401
WELL-017,2026-09-17 08:00:00,5,0.412241,25.77553
WELL-017,2026-09-17 08:00:00,6,0.643539,26.029446
WELL-017,2026-09-17 08:00:00,7,0.92566,26.285342
WELL-017,2026-09-17 08:00:00,8,1.258263,26.54165
WELL-017,2026-09-17 08:00:00,9,1.640942,26.796227
WELL-017,2026-09-17 08:00:00,10,2.07323,27.046615
WELL-017,2026-09-17 08:00:00,11,2.554601,27.290366
WELL-017,2026-09-17 08:00:00,12,3.084468,27.525357
WELL-017,2026-09-17 08:00:00,13,3.662186,27.750059
WELL-017,2026-09-17 08:00:00,14,4.287051,27.963732
WELL-017,2026-09-17 08:00:00,15,4.958301,28.166492
WELL-017,2026-09-17 08:00:00,16,5.67512,28.35927
WELL-017,2026-09-17 08:00:00,17,6.436633,28.543643
WELL-017,2026-09-17 08:00:00,18,7.241912,28.721578
WELL-017,2026-09-17 08:00:00,19,8.089977,28.895118
WELL-017,2026-09-17 08:00:00,20,8.979795,29.06606
WELL-017,2026-09-17 08:00:00,21,9.91028,29.23567
WELL-017,2026-09-17 08:00:00,22,10.8803,29.404474
WELL-017,2026-09-17 08:00:00,23,11.888674,29.572157
WELL-017,2026-09-17 08:00:00,24,12.934171,29.737589
WELL-017,2026-09-17 08:00:00,25,14.015518,29.89897
WELL-017,2026-09-17 08:00:00,26,15.131399,30.054065
WELL-017,2026-09-17 08:00:00,27,16.280453,30.200515
WELL-017,2026-09-17 08:00:00,28,17.461281,30.336156
WELL-017,2026-09-17 08:00:00,29,18.672443,30.459313
WELL-017,2026-09-17 08:00:00,30,19.912465,30.569027
WELL-017,2026-09-17 08:00:00,31,21.179835,30.665173
WELL-017,2026-09-17 08:00:00,32,22.47301,30.748458
WELL-017,2026-09-17 08:00:00,33,23.790413,30.820297
WELL-017,2026-09-17 08:00:00,34,25.13044,30.88259
WELL-017,2026-09-17 08:00:00,35,26.491458,30.937422
WELL-017,2026-09-17 08:00:00,36,27.87181,30.986748
WELL-017,2026-09-17 08:00:00,37,29.269812,31.032081
WELL-017,2026-09-17 08:00:00,38,30.683763,31.074259
WELL-017,2026-09-17 08:00:00,39,32.111939,31.113308
WELL-017,2026-09-17 08:00:00,40,33.5526,31.148417
WELL-017,2026-09-17 08:00:00,41,35.003991,31.178046
WELL-017,2026-09-17 08:00:00,42,36.464344,31.200134
WELL-017,2026-09-17 08:00:00,43,37.931879,31.212391
WELL-017,2026-09-17 08:00:00,44,39.404809,31.212617
WELL-017,2026-09-17 08:00:00,45,40.881339,31.199018
WELL-017,2026-09-17 08:00:00,46,42.35967,31.17046
WELL-017,2026-09-17 08:00:00,47,43.838001,31.126628
WELL-017,2026-09-17 08:00:00,48,45.314531,31.068076
WELL-017,2026-09-17 08:00:00,49,46.787461,30.996145
WELL-017,2026-09-17 08:00:00,50,48.254997,30.91277
WELL-017,2026-09-17 08:00:00,51,49.71535,30.82021
WELL-017,2026-09-17 08:00:00,52,51.166741,30.720729
WELL-017,2026-09-17 08:00:00,53,52.607402,30.616275
WELL-017,2026-09-17 08:00:00,54,54.035578,30.508222
WELL-017,2026-09-17 08:00:00,55,55.449528,30.397183
WELL-017,2026-09-17 08:00:00,56,56.847531,30.282953
WELL-017,2026-09-17 08:00:00,57,58.227882,30.164557
WELL-017,2026-09-17 08:00:00,58,59.5889,30.040432
WELL-017,2026-09-17 08:00:00,59,60.928927,29.908687
WELL-017,2026-09-17 08:00:00,60,62.246331,29.767414
WELL-017,2026-09-17 08:00:00,61,63.539505,29.61501
WELL-017,2026-09-17 08:00:00,62,64.806876,29.450458
WELL-017,2026-09-17 08:00:00,63,66.046897,29.273516
WELL-017,2026-09-17 08:00:00,64,67.25806,29.084811
WELL-017,2026-09-17 08:00:00,65,68.438887,28.885797
WELL-017,2026-09-17 08:00:00,66,69.587941,28.678599
WELL-017,2026-09-17 08:00:00,67,70.703822,28.465766
WELL-017,2026-09-17 08:00:00,68,71.78517,28.249956
WELL-017,2026-09-17 08:00:00,69,72.830667,28.033611
WELL-017,2026-09-17 08:00:00,70,73.83904,27.818668
WELL-017,2026-09-17 08:00:00,71,74.80906,27.606339
WELL-017,2026-09-17 08:00:00,72,75.739546,27.396998
WELL-017,2026-09-17 08:00:00,73,76.629363,27.190195
WELL-017,2026-09-17 08:00:00,74,77.477428,26.984786
WELL-017,2026-09-17 08:00:00,75,78.282708,26.779161
WELL-017,2026-09-17 08:00:00,76,79.044221,26.571548
WELL-017,2026-09-17 08:00:00,77,79.761039,26.360329
WELL-017,2026-09-17 08:00:00,78,80.43229,26.144341
WELL-017,2026-09-17 08:00:00,79,81.057155,25.923103
WELL-017,2026-09-17 08:00:00,80,81.634873,25.696944
WELL-017,2026-09-17 08:00:00,81,82.16474,25.46701
WELL-017,2026-09-17 08:00:00,82,82.646111,25.235151
WELL-017,2026-09-17 08:00:00,83,83.078399,25.003698
WELL-017,2026-09-17 08:00:00,84,83.461077,24.775175
WELL-017,2026-09-17 08:00:00,85,83.79368,24.551968
WELL-017,2026-09-17 08:00:00,86,84.075802,24.336023
WELL-017,2026-09-17 08:00:00,87,84.307099,24.128593
WELL-017,2026-09-17 08:00:00,88,84.48729,23.930092
WELL-017,2026-09-17 08:00:00,89,84.616154,23.74006
WELL-017,2026-09-17 08:00:00,90,84.693536,23.557254
WELL-017,2026-09-17 08:00:00,91,84.719341,23.379849
WELL-017,2026-09-17 08:00:00,92,84.693536,23.205724
WELL-017,2026-09-17 08:00:00,93,84.616154,23.032778
WELL-017,2026-09-17 08:00:00,94,84.48729,22.859248
WELL-017,2026-09-17 08:00:00,95,84.307099,22.68397
WELL-017,2026-09-17 08:00:00,96,84.075802,22.506551
WELL-017,2026-09-17 08:00:00,97,83.79368,22.327424
WELL-017,2026-09-17 08:00:00,98,83.461077,22.147783
WELL-017,2026-09-17 08:00:00,99,83.078399,21.9694
WELL-017,2026-09-17 08:00:00,100,82.646111,21.794359
WELL-017,2026-09-17 08:00:00,101,82.16474,21.624742
WELL-017,2026-09-17 08:00:00,102,81.634873,21.462312
WELL-017,2026-09-17 08:00:00,103,81.057155,21.308242
WELL-017,2026-09-17 08:00:00,104,80.43229,21.16293
WELL-017,2026-09-17 08:00:00,105,79.761039,21.025925
WELL-017,2026-09-17 08:00:00,106,79.044221,20.895978
WELL-017,2026-09-17 08:00:00,107,78.282708,20.771205
WELL-017,2026-09-17 08:00:00,108,77.477428,20.649348
WELL-017,2026-09-17 08:00:00,109,76.629363,20.528091
WELL-017,2026-09-17 08:00:00,110,75.739546,20.405382
WELL-017,2026-09-17 08:00:00,111,74.80906,20.27972
WELL-017,2026-09-17 08:00:00,112,73.83904,20.150367
WELL-017,2026-09-17 08:00:00,113,72.830667,20.017444
WELL-017,2026-09-17 08:00:00,114,71.78517,19.88191
WELL-017,2026-09-17 08:00:00,115,70.703822,19.745423
WELL-017,2026-09-17 08:00:00,116,69.587941,19.610093
WELL-017,2026-09-17 08:00:00,117,68.438887,19.478186
WELL-017,2026-09-17 08:00:00,118,67.25806,19.351794
WELL-017,2026-09-17 08:00:00,119,66.046897,19.232546
WELL-017,2026-09-17 08:00:00,120,64.806876,19.121382
WELL-017,2026-09-17 08:00:00,121,63.539505,19.018435
WELL-017,2026-09-17 08:00:00,122,62.246331,18.923031
WELL-017,2026-09-17 08:00:00,123,60.928927,18.833814
WELL-017,2026-09-17 08:00:00,124,59.5889,18.748969
WELL-017,2026-09-17 08:00:00,125,58.227882,18.666519
WELL-017,2026-09-17 08:00:00,126,56.847531,18.584646
WELL-017,2026-09-17 08:00:00,127,55.449528,18.501995
WELL-017,2026-09-17 08:00:00,128,54.035578,18.417908
WELL-017,2026-09-17 08:00:00,129,52.607402,18.332565
WELL-017,2026-09-17 08:00:00,130,51.166741,18.247002
WELL-017,2026-09-17 08:00:00,131,49.71535,18.163005
WELL-017,2026-09-17 08:00:00,132,48.254997,18.082899
WELL-017,2026-09-17 08:00:00,133,46.787461,18.009258
WELL-017,2026-09-17 08:00:00,134,45.314531,17.94458
WELL-017,2026-09-17 08:00:00,135,43.838001,17.890973
WELL-017,2026-09-17 08:00:00,136,42.35967,17.849901
WELL-017,2026-09-17 08:00:00,137,40.881339,17.822014
WELL-017,2026-09-17 08:00:00,138,39.404809,17.80711
WELL-017,2026-09-17 08:00:00,139,37.931879,17.804206
WELL-017,2026-09-17 08:00:00,140,36.464344,17.81173
WELL-017,2026-09-17 08:00:00,141,35.003991,17.827793
WELL-017,2026-09-17 08:00:00,142,33.5526,17.850506
WELL-017,2026-09-17 08:00:00,143,32.111939,17.878292
WELL-017,2026-09-17 08:00:00,144,30.683763,17.910152
WELL-017,2026-09-17 08:00:00,145,29.269812,17.945843
WELL-017,2026-09-17 08:00:00,146,27.87181,17.985939
WELL-017,2026-09-17 08:00:00,147,26.491458,18.031775
WELL-017,2026-09-17 08:00:00,148,25.13044,18.085267
WELL-017,2026-09-17 08:00:00,149,23.790413,18.148651
WELL-017,2026-09-17 08:00:00,150,22.47301,18.224169
WELL-017,2026-09-17 08:00:00,151,21.179835,18.313741
WELL-017,2026-09-17 08:00:00,152,19.912465,18.418695
WELL-017,2026-09-17 08:00:00,153,18.672443,18.539559
WELL-017,2026-09-17 08:00:00,154,17.461281,18.675981
WELL-017,2026-09-17 08:00:00,155,16.280453,18.826761
WELL-017,2026-09-17 08:00:00,156,15.131399,18.99001
WELL-017,2026-09-17 08:00:00,157,14.015518,19.163393
WELL-017,2026-09-17 08:00:00,158,12.934171,19.344444
WELL-017,2026-09-17 08:00:00,159,11.888674,19.53089
WELL-017,2026-09-17 08:00:00,160,10.8803,19.720939
WELL-017,2026-09-17 08:00:00,161,9.91028,19.913503
WELL-017,2026-09-17 08:00:00,162,8.979795,20.108301
WELL-017,2026-09-17 08:00:00,163,8.089977,20.305855
WELL-017,2026-09-17 08:00:00,164,7.241912,20.507356
WELL-017,2026-09-17 08:00:00,165,6.436633,20.71443
WELL-017,2026-09-17 08:00:00,166,5.67512,20.928844
WELL-017,2026-09-17 08:00:00,167,4.958301,21.152182
WELL-017,2026-09-17 08:00:00,168,4.287051,21.385548
WELL-017,2026-09-17 08:00:00,169,3.662186,21.629338
WELL-017,2026-09-17 08:00:00,170,3.084468,21.883114
WELL-017,2026-09-17 08:00:00,171,2.554601,22.145596
WELL-017,2026-09-17 08:00:00,172,2.07323,22.414774
WELL-017,2026-09-17 08:00:00,173,1.640942,22.688135
WELL-017,2026-09-17 08:00:00,174,1.258263,22.962952
WELL-017,2026-09-17 08:00:00,175,0.92566,23.236613
WELL-017,2026-09-17 08:00:00,176,0.643539,23.506927
WELL-017,2026-09-17 08:00:00,177,0.412241,23.772374
WELL-017,2026-09-17 08:00:00,178,0.232051,24.032259
WELL-017,2026-09-17 08:00:00,179,0.103186,24.286743
WELL-017,2026-09-17 08:00:00,180,0.025804,24.536755
WELL-017,2026-09-17 08:00:00,181,0.0,24.783791
WELL-017,2026-09-20 08:00:00,1,0.0,24.798317
WELL-017,2026-09-20 08:00:00,2,0.026114,25.050963
WELL-017,2026-09-20 08:00:00,3,0.104424,25.304287
WELL-017,2026-09-20 08:00:00,4,0.234835,25.559687
WELL-017,2026-09-20 08:00:00,5,0.417188,25.817953
WELL-017,2026-09-20 08:00:00,6,0.651261,26.0791
WELL-017,2026-09-20 08:00:00,7,0.936768,26.342314
WELL-017,2026-09-20 08:00:00,8,1.273362,26.606017
WELL-017,2026-09-20 08:00:00,9,1.660633,26.868056
WELL-017,2026-09-20 08:00:00,10,2.098109,27.125965
WELL-017,2026-09-20 08:00:00,11,2.585256,27.377287
WELL-017,2026-09-20 08:00:00,12,3.121482,27.619888
WELL-017,2026-09-20 08:00:00,13,3.706132,27.852232
WELL-017,2026-09-20 08:00:00,14,4.338495,28.073568
WELL-017,2026-09-20 08:00:00,15,5.017801,28.284005
WELL-017,2026-09-20 08:00:00,16,5.743221,28.484462
WELL-017,2026-09-20 08:00:00,17,6.513872,28.676507
WELL-017,2026-09-20 08:00:00,18,7.328815,28.862099
WELL-017,2026-09-20 08:00:00,19,8.187057,29.04327
WELL-017,2026-09-20 08:00:00,20,9.087552,29.22181
WELL-017,2026-09-20 08:00:00,21,10.029204,29.398975
WELL-017,2026-09-20 08:00:00,22,11.010864,29.57528
WELL-017,2026-09-20 08:00:00,23,12.031338,29.750402
WELL-017,2026-09-20 08:00:00,24,13.089381,29.923203
WELL-017,2026-09-20 08:00:00,25,14.183705,30.091872
WELL-017,2026-09-20 08:00:00,26,15.312976,30.254167
WELL-017,2026-09-20 08:00:00,27,16.475819,30.407719
WELL-017,2026-09-20 08:00:00,28,17.670816,30.550355
WELL-017,2026-09-20 08:00:00,29,18.896513,30.680393
WELL-017,2026-09-20 08:00:00,30,20.151415,30.796866
WELL-017,2026-09-20 08:00:00,31,21.433993,30.899639
WELL-017,2026-09-20 08:00:00,32,22.742686,30.98941
WELL-017,2026-09-20 08:00:00,33,24.075898,31.067589
WELL-017,2026-09-20 08:00:00,34,25.432005,31.136066
WELL-017,2026-09-20 08:00:00,35,26.809356,31.196921
WELL-017,2026-09-20 08:00:00,36,28.206271,31.252099
WELL-017,2026-09-20 08:00:00,37,29.62105,31.303106
WELL-017,2026-09-20 08:00:00,38,31.051968,31.350776
WELL-017,2026-09-20 08:00:00,39,32.497282,31.395125
WELL-017,2026-09-20 08:00:00,40,33.955231,31.435337
WELL-017,2026-09-20 08:00:00,41,35.424039,31.469865
WELL-017,2026-09-20 08:00:00,42,36.901916,31.496644
WELL-017,2026-09-20 08:00:00,43,38.387062,31.513377
WELL-017,2026-09-20 08:00:00,44,39.877667,31.517858
WELL-017,2026-09-20 08:00:00,45,41.371915,31.508288
WELL-017,2026-09-20 08:00:00,46,42.867986,31.483528
WELL-017,2026-09-20 08:00:00,47,44.364057,31.443259
WELL-017,2026-09-20 08:00:00,48,45.858306,31.388031
WELL-017,2026-09-20 08:00:00,49,47.348911,31.31918
WELL-017,2026-09-20 08:00:00,50,48.834057,31.238638
WELL-017,2026-09-20 08:00:00,51,50.311934,31.148661
WELL-017,2026-09-20 08:00:00,52,51.780742,31.051507
WELL-017,2026-09-20 08:00:00,53,53.238691,30.949125
WELL-017,2026-09-20 08:00:00,54,54.684005,30.842883
WELL-017,2026-09-20 08:00:00,55,56.114923,30.733395
WELL-017,2026-09-20 08:00:00,56,57.529701,30.620451
WELL-017,2026-09-20 08:00:00,57,58.926617,30.503077
WELL-017,2026-09-20 08:00:00,58,60.303967,30.379709
WELL-017,2026-09-20 08:00:00,59,61.660075,30.248452
WELL-017,2026-09-20 08:00:00,60,62.993287,30.1074
WELL-017,2026-09-20 08:00:00,61,64.301979,29.954949
WELL-017,2026-09-20 08:00:00,62,65.584558,29.790081
WELL-017,2026-09-20 08:00:00,63,66.83946,29.612557
WELL-017,2026-09-20 08:00:00,64,68.065156,29.423002
WELL-017,2026-09-20 08:00:00,65,69.260154,29.222872
WELL-017,2026-09-20 08:00:00,66,70.422997,29.014295
WELL-017,2026-09-20 08:00:00,67,71.552268,28.799819
WELL-017,2026-09-20 08:00:00,68,72.646592,28.582105
WELL-017,2026-09-20 08:00:00,69,73.704635,28.363599
WELL-017,2026-09-20 08:00:00,70,74.725108,28.146238
WELL-017,2026-09-20 08:00:00,71,75.706769,27.931238
WELL-017,2026-09-20 08:00:00,72,76.64842,27.718977
WELL-017,2026-09-20 08:00:00,73,77.548916,27.509008
WELL-017,2026-09-20 08:00:00,74,78.407158,27.30019
WELL-017,2026-09-20 08:00:00,75,79.2221,27.090918
WELL-017,2026-09-20 08:00:00,76,79.992751,26.879425
WELL-017,2026-09-20 08:00:00,77,80.718172,26.664097
WELL-017,2026-09-20 08:00:00,78,81.397477,26.443776
WELL-017,2026-09-20 08:00:00,79,82.02984,26.217986
WELL-017,2026-09-20 08:00:00,80,82.614491,25.987062
WELL-017,2026-09-20 08:00:00,81,83.150717,25.752156
WELL-017,2026-09-20 08:00:00,82,83.637864,25.515123
WELL-017,2026-09-20 08:00:00,83,84.07534,25.278303
WELL-017,2026-09-20 08:00:00,84,84.46261,25.044223
WELL-017,2026-09-20 08:00:00,85,84.799204,24.815278
WELL-017,2026-09-20 08:00:00,86,85.084712,24.59342
WELL-017,2026-09-20 08:00:00,87,85.318784,24.37991
WELL-017,2026-09-20 08:00:00,88,85.501137,24.175169
WELL-017,2026-09-20 08:00:00,89,85.631548,23.978745
WELL-017,2026-09-20 08:00:00,90,85.709859,23.789401
WELL-017,2026-09-20 08:00:00,91,85.735973,23.605323
WELL-017,2026-09-20 08:00:00,92,85.709859,23.424396
WELL-017,2026-09-20 08:00:00,93,85.631548,23.244527
WELL-017,2026-09-20 08:00:00,94,85.501137,23.063963
WELL-017,2026-09-20 08:00:00,95,85.318784,22.881548
WELL-017,2026-09-20 08:00:00,96,85.084712,22.696896
WELL-017,2026-09-20 08:00:00,97,84.799204,22.510452
WELL-017,2026-09-20 08:00:00,98,84.46261,22.323416
WELL-017,2026-09-20 08:00:00,99,84.07534,22.137571
WELL-017,2026-09-20 08:00:00,100,83.637864,21.955009
WELL-017,2026-09-20 08:00:00,101,83.150717,21.777822
WELL-017,2026-09-20 08:00:00,102,82.614491,21.607781
WELL-017,2026-09-20 08:00:00,103,82.02984,21.446069
WELL-017,2026-09-20 08:00:00,104,81.397477,21.293093
WELL-017,2026-09-20 08:00:00,105,80.718172,21.148413
WELL-017,2026-09-20 08:00:00,106,79.992751,21.010787
WELL-017,2026-09-20 08:00:00,107,79.2221,20.878341
WELL-017,2026-09-20 08:00:00,108,78.407158,20.748827
WELL-017,2026-09-20 08:00:00,109,77.548916,20.619938
WELL-017,2026-09-20 08:00:00,110,76.64842,20.489632
WELL-017,2026-09-20 08:00:00,111,75.706769,20.356416
WELL-017,2026-09-20 08:00:00,112,74.725108,20.219561
WELL-017,2026-09-20 08:00:00,113,73.704635,20.079199
WELL-017,2026-09-20 08:00:00,114,72.646592,19.936297
WELL-017,2026-09-20 08:00:00,115,71.552268,19.792521
WELL-017,2026-09-20 08:00:00,116,70.422997,19.649992
WELL-017,2026-09-20 08:00:00,117,69.260154,19.510982
WELL-017,2026-09-20 08:00:00,118,68.065156,19.377595
WELL-017,2026-09-20 08:00:00,119,66.83946,19.251466
WELL-017,2026-09-20 08:00:00,120,65.584558,19.133544
WELL-017,2026-09-20 08:00:00,121,64.301979,19.02397
WELL-017,2026-09-20 08:00:00,122,62.993287,18.922079
WELL-017,2026-09-20 08:00:00,123,61.660075,18.826522
WELL-017,2026-09-20 08:00:00,124,60.303967,18.735493
WELL-017,2026-09-20 08:00:00,125,58.926617,18.647021
WELL-017,2026-09-20 08:00:00,126,57.529701,18.559296
WELL-017,2026-09-20 08:00:00,127,56.114923,18.470969
WELL-017,2026-09-20 08:00:00,128,54.684005,18.381391
WELL-017,2026-09-20 08:00:00,129,53.238691,18.290748
WELL-017,2026-09-20 08:00:00,130,51.780742,18.200082
WELL-017,2026-09-20 08:00:00,131,50.311934,18.111185
WELL-017,2026-09-20 08:00:00,132,48.834057,18.026388
WELL-017,2026-09-20 08:00:00,133,47.348911,17.948272
WELL-017,2026-09-20 08:00:00,134,45.858306,17.879339
WELL-017,2026-09-20 08:00:00,135,44.364057,17.821704
WELL-017,2026-09-20 08:00:00,136,42.867986,17.776832
WELL-017,2026-09-20 08:00:00,137,41.371915,17.745382
WELL-017,2026-09-20 08:00:00,138,39.877667,17.727154
WELL-017,2026-09-20 08:00:00,139,38.387062,17.72117
WELL-017,2026-09-20 08:00:00,140,36.901916,17.725861
WELL-017,2026-09-20 08:00:00,141,35.424039,17.739343
WELL-017,2026-09-20 08:00:00,142,33.955231,17.759727
WELL-017,2026-09-20 08:00:00,143,32.497282,17.785442
WELL-017,2026-09-20 08:00:00,144,31.051968,17.81549
WELL-017,2026-09-20 08:00:00,145,29.62105,17.849631
WELL-017,2026-09-20 08:00:00,146,28.206271,17.88844
WELL-017,2026-09-20 08:00:00,147,26.809356,17.933254
WELL-017,2026-09-20 08:00:00,148,25.432005,17.98599
WELL-017,2026-09-20 08:00:00,149,24.075898,18.048886
WELL-017,2026-09-20 08:00:00,150,22.742686,18.124183
WELL-017,2026-09-20 08:00:00,151,21.433993,18.213803
WELL-017,2026-09-20 08:00:00,152,20.151415,18.319071
WELL-017,2026-09-20 08:00:00,153,18.896513,18.440518
WELL-017,2026-09-20 08:00:00,154,17.670816,18.577789
WELL-017,2026-09-20 08:00:00,155,16.475819,18.729686
WELL-017,2026-09-20 08:00:00,156,15.312976,18.894314
WELL-017,2026-09-20 08:00:00,157,14.183705,19.06934
WELL-017,2026-09-20 08:00:00,158,13.089381,19.252294
WELL-017,2026-09-20 08:00:00,159,12.031338,19.440902
WELL-017,2026-09-20 08:00:00,160,11.010864,19.633369
WELL-017,2026-09-20 08:00:00,161,10.029204,19.828603
WELL-017,2026-09-20 08:00:00,162,9.087552,20.026322
WELL-017,2026-09-20 08:00:00,163,8.187057,20.227042
WELL-017,2026-09-20 08:00:00,164,7.328815,20.431952
WELL-017,2026-09-20 08:00:00,165,6.513872,20.642672
WELL-017,2026-09-20 08:00:00,166,5.743221,20.860967
WELL-017,2026-09-20 08:00:00,167,5.017801,21.088414
WELL-017,2026-09-20 08:00:00,168,4.338495,21.326113
WELL-017,2026-09-20 08:00:00,169,3.706132,21.574455
WELL-017,2026-09-20 08:00:00,170,3.121482,21.832996
WELL-017,2026-09-20 08:00:00,171,2.585256,22.10045
WELL-017,2026-09-20 08:00:00,172,2.098109,22.374801
WELL-017,2026-09-20 08:00:00,173,1.660633,22.65353
WELL-017,2026-09-20 08:00:00,174,1.273362,22.933904
WELL-017,2026-09-20 08:00:00,175,0.936768,23.213303
WELL-017,2026-09-20 08:00:00,176,0.651261,23.489529
WELL-017,2026-09-20 08:00:00,177,0.417188,23.761057
WELL-017,2026-09-20 08:00:00,178,0.234835,24.027182
WELL-017,2026-09-20 08:00:00,179,0.104424,24.288058
WELL-017,2026-09-20 08:00:00,180,0.026114,24.544607
WELL-017,2026-09-20 08:00:00,181,0.0,24.798317
WELL-018,2026-09-18 09:00:00,1,0.0,24.854073
WELL-018,2026-09-18 09:00:00,2,0.027015,25.101905
WELL-018,2026-09-18 09:00:00,3,0.108029,25.351289
WELL-018,2026-09-18 09:00:00,4,0.242941,25.60333
WELL-018,2026-09-18 09:00:00,5,0.431589,25.858428
WELL-018,2026-09-18 09:00:00,6,0.673741,26.116161
WELL-018,2026-09-18 09:00:00,7,0.969104,26.375302
WELL-018,2026-09-18 09:00:00,8,1.317317,26.633941
WELL-018,2026-09-18 09:00:00,9,1.717955,26.889725
WELL-018,2026-09-18 09:00:00,10,2.170532,27.14015
WELL-018,2026-09-18 09:00:00,11,2.674495,27.38289
WELL-018,2026-09-18 09:00:00,12,3.22923,27.616093
WELL-018,2026-09-18 09:00:00,13,3.834062,27.838617
WELL-018,2026-09-18 09:00:00,14,4.488253,28.050157
WELL-018,2026-09-18 09:00:00,15,5.191007,28.251261
WELL-018,2026-09-18 09:00:00,16,5.941468,28.443217
WELL-018,2026-09-18 09:00:00,17,6.73872,28.627835
WELL-018,2026-09-18 09:00:00,18,7.581793,28.807158
WELL-018,2026-09-18 09:00:00,19,8.46966,28.983136
WELL-018,2026-09-18 09:00:00,20,9.401239,29.157316
WELL-018,2026-09-18 09:00:00,21,10.375395,29.330595
WELL-018,2026-09-18 09:00:00,22,11.390941,29.503062
WELL-018,2026-09-18 09:00:00,23,12.446639,29.673966
WELL-018,2026-09-18 09:00:00,24,13.541204,29.841801
WELL-018,2026-09-18 09:00:00,25,14.673302,30.004504
WELL-018,2026-09-18 09:00:00,26,15.841554,30.159734
WELL-018,2026-09-18 09:00:00,27,17.044536,30.305192
WELL-018,2026-09-18 09:00:00,28,18.280783,30.438936
WELL-018,2026-09-18 09:00:00,29,19.548789,30.559641
WELL-018,2026-09-18 09:00:00,30,20.847008,30.666776
WELL-018,2026-09-18 09:00:00,31,22.173859,30.760655
WELL-018,2026-09-18 09:00:00,32,23.527725,30.842375
WELL-018,2026-09-18 09:00:00,33,24.906958,30.913637
WELL-018,2026-09-18 09:00:00,34,26.309876,30.976477
WELL-018,2026-09-18 09:00:00,35,27.73477,31.032949
WELL-018,2026-09-18 09:00:00,36,29.179905,31.08481
WELL-018,2026-09-18 09:00:00,37,30.643519,31.133244
WELL-018,2026-09-18 09:00:00,38,32.12383,31.178672
WELL-018,2026-09-18 09:00:00,39,33.619034,31.220675
WELL-018,2026-09-18 09:00:00,40,35.127309,31.258037
WELL-018,2026-09-18 09:00:00,41,36.646817,31.288909
WELL-018,2026-09-18 09:00:00,42,38.175708,31.311067
WELL-018,2026-09-18 09:00:00,43,39.712119,31.322218
WELL-018,2026-09-18 09:00:00,44,41.254177,31.320331
WELL-018,2026-09-18 09:00:00,45,42.800005,31.30392
WELL-018,2026-09-18 09:00:00,46,44.347718,31.272256
WELL-018,2026-09-18 09:00:00,47,45.895431,31.225469
WELL-018,2026-09-18 09:00:00,48,47.441258,31.16453
WELL-018,2026-09-18 09:00:00,49,48.983317,31.091108
WELL-018,2026-09-18 09:00:00,50,50.519727,31.007335
WELL-018,2026-09-18 09:00:00,51,52.048618,30.915499
WELL-018,2026-09-18 09:00:00,52,53.568127,30.817724
WELL-018,2026-09-18 09:00:00,53,55.076402,30.715678
WELL-018,2026-09-18 09:00:00,54,56.571605,30.610338
WELL-018,2026-09-18 09:00:00,55,58.051916,30.50188
WELL-018,2026-09-18 09:00:00,56,59.515531,30.38967
WELL-018,2026-09-18 09:00:00,57,60.960665,30.272385
WELL-018,2026-09-18 09:00:00,58,62.38556,30.148242
WELL-018,2026-09-18 09:00:00,59,63.788478,30.015288
WELL-018,2026-09-18 09:00:00,60,65.16771,29.871724
WELL-018,2026-09-18 09:00:00,61,66.521577,29.716209
WELL-018,2026-09-18 09:00:00,62,67.848428,29.548103
WELL-018,2026-09-18 09:00:00,63,69.146647,29.367603
WELL-018,2026-09-18 09:00:00,64,70.414652,29.17577
WELL-018,2026-09-18 09:00:00,65,71.650899,28.974426
WELL-018,2026-09-18 09:00:00,66,72.853881,28.765945
WELL-018,2026-09-18 09:00:00,67,74.022133,28.552969
WELL-018,2026-09-18 09:00:00,68,75.154231,28.338078
WELL-018,2026-09-18 09:00:00,69,76.248796,28.12348
WELL-018,2026-09-18 09:00:00,70,77.304495,27.910753
WELL-018,2026-09-18 09:00:00,71,78.32004,27.700678
WELL-018,2026-09-18 09:00:00,72,79.294196,27.493194
WELL-018,2026-09-18 09:00:00,73,80.225775,27.287465
WELL-018,2026-09-18 09:00:00,74,81.113642,27.082074
WELL-018,2026-09-18 09:00:00,75,81.956715,26.875294
WELL-018,2026-09-18 09:00:00,76,82.753968,26.665397
WELL-018,2026-09-18 09:00:00,77,83.504428,26.450978
WELL-018,2026-09-18 09:00:00,78,84.207182,26.231215
WELL-018,2026-09-18 09:00:00,79,84.861374,26.006049
WELL-018,2026-09-18 09:00:00,80,85.466206,25.776253
WELL-018,2026-09-18 09:00:00,81,86.020941,25.543374
WELL-018,2026-09-18 09:00:00,82,86.524904,25.309559
WELL-018,2026-09-18 09:00:00,83,86.97748,25.077291
WELL-018,2026-09-18 09:00:00,84,87.378119,24.849079
WELL-018,2026-09-18 09:00:00,85,87.726331,24.627131
WELL-018,2026-09-18 09:00:00,86,88.021694,24.413071
WELL-018,2026-09-18 09:00:00,87,88.263847,24.207745
WELL-018,2026-09-18 09:00:00,88,88.452494,24.011122
WELL-018,2026-09-18 09:00:00,89,88.587407,23.822332
WELL-018,2026-09-18 09:00:00,90,88.66842,23.639814
WELL-018,2026-09-18 09:00:00,91,88.695435,23.461567
WELL-018,2026-09-18 09:00:00,92,88.66842,23.285453
WELL-018,2026-09-18 09:00:00,93,88.587407,23.109525
WELL-018,2026-09-18 09:00:00,94,88.452494,22.93232
WELL-018,2026-09-18 09:00:00,95,88.263847,22.753073
WELL-018,2026-09-18 09:00:00,96,88.021694,22.571835
WELL-018,2026-09-18 09:00:00,97,87.726331,22.389464
WELL-018,2026-09-18 09:00:00,98,87.378119,22.207492
WELL-018,2026-09-18 09:00:00,99,86.97748,22.027902
WELL-018,2026-09-18 09:00:00,100,86.524904,21.852824
WELL-018,2026-09-18 09:00:00,101,86.020941,21.684218
WELL-018,2026-09-18 09:00:00,102,85.466206,21.523575
WELL-018,2026-09-18 09:00:00,103,84.861374,21.371684
WELL-018,2026-09-18 09:00:00,104,84.207182,21.228504
WELL-018,2026-09-18 09:00:00,105,83.504428,21.093156
WELL-018,2026-09-18 09:00:00,106,82.753968,20.964031
WELL-018,2026-09-18 09:00:00,107,81.956715,20.839013
WELL-018,2026-09-18 09:00:00,108,81.113642,20.715768
WELL-018,2026-09-18 09:00:00,109,80.225775,20.592073
WELL-018,2026-09-18 09:00:00,110,79.294196,20.466126
WELL-018,2026-09-18 09:00:00,111,78.32004,20.336796
WELL-018,2026-09-18 09:00:00,112,77.304495,20.203779
WELL-018,2026-09-18 09:00:00,113,76.248796,20.067634
WELL-018,2026-09-18 09:00:00,114,75.154231,19.929698
WELL-018,2026-09-18 09:00:00,115,74.022133,19.791888
WELL-018,2026-09-18 09:00:00,116,72.853881,19.656425
WELL-018,2026-09-18 09:00:00,117,71.650899,19.525509
WELL-018,2026-09-18 09:00:00,118,70.414652,19.401014
WELL-018,2026-09-18 09:00:00,119,69.146647,19.284217
WELL-018,2026-09-18 09:00:00,120,67.848428,19.175633
WELL-018,2026-09-18 09:00:00,121,66.521577,19.074954
WELL-018,2026-09-18 09:00:00,122,65.16771,18.981114
WELL-018,2026-09-18 09:00:00,123,63.788478,18.892474
WELL-018,2026-09-18 09:00:00,124,62.38556,18.807082
WELL-018,2026-09-18 09:00:00,125,60.960665,18.722993
WELL-018,2026-09-18 09:00:00,126,59.515531,18.638584
WELL-018,2026-09-18 09:00:00,127,58.051916,18.552831
WELL-018,2026-09-18 09:00:00,128,56.571605,18.465495
WELL-018,2026-09-18 09:00:00,129,55.076402,18.377198
WELL-018,2026-09-18 09:00:00,130,53.568127,18.289382
WELL-018,2026-09-18 09:00:00,131,52.048618,18.204141
WELL-018,2026-09-18 09:00:00,132,50.519727,18.123966
WELL-018,2026-09-18 09:00:00,133,48.983317,18.051431
WELL-018,2026-09-18 09:00:00,134,47.441258,17.988866
WELL-018,2026-09-18 09:00:00,135,45.895431,17.938072
WELL-018,2026-09-18 09:00:00,136,44.347718,17.900104
WELL-018,2026-09-18 09:00:00,137,42.800005,17.875173
WELL-018,2026-09-18 09:00:00,138,41.254177,17.862656
WELL-018,2026-09-18 09:00:00,139,39.712119,17.861242
WELL-018,2026-09-18 09:00:00,140,38.175708,17.869165
WELL-018,2026-09-18 09:00:00,141,36.646817,17.884505
WELL-018,2026-09-18 09:00:00,142,35.127309,17.90551
WELL-018,2026-09-18 09:00:00,143,33.619034,17.930889
WELL-018,2026-09-18 09:00:00,144,32.12383,17.960035
WELL-018,2026-09-18 09:00:00,145,30.643519,17.993146
WELL-018,2026-09-18 09:00:00,146,29.179905,18.031222
WELL-018,2026-09-18 09:00:00,147,27.73477,18.075947
WELL-018,2026-09-18 09:00:00,148,26.309876,18.129457
WELL-018,2026-09-18 09:00:00,149,24.906958,18.194051
WELL-018,2026-09-18 09:00:00,150,23.527725,18.271859
WELL-018,2026-09-18 09:00:00,151,22.173859,18.364542
WELL-018,2026-09-18 09:00:00,152,20.847008,18.473049
WELL-018,2026-09-18 09:00:00,153,19.548789,18.597471
WELL-018,2026-09-18 09:00:00,154,18.280783,18.737022
WELL-018,2026-09-18 09:00:00,155,17.044536,18.890132
WELL-018,2026-09-18 09:00:00,156,15.841554,19.054664
WELL-018,2026-09-18 09:00:00,157,14.673302,19.22819
WELL-018,2026-09-18 09:00:00,158,13.541204,19.408322
WELL-018,2026-09-18 09:00:00,159,12.446639,19.593021
WELL-018,2026-09-18 09:00:00,160,11.390941,19.780855
WELL-018,2026-09-18 09:00:00,161,10.375395,19.971163
WELL-018,2026-09-18 09:00:00,162,9.401239,20.164105
WELL-018,2026-09-18 09:00:00,163,8.46966,20.360586
WELL-018,2026-09-18 09:00:00,164,7.581793,20.562067
WELL-018,2026-09-18 09:00:00,165,6.73872,20.770297
WELL-018,2026-09-18 09:00:00,166,5.941468,20.986994
WELL-018,2026-09-18 09:00:00,167,5.191007,21.213532
WELL-018,2026-09-18 09:00:00,168,4.488253,21.450674
WELL-018,2026-09-18 09:00:00,169,3.834062,21.698392
WELL-018,2026-09-18 09:00:00,170,3.22923,21.955805
WELL-018,2026-09-18 09:00:00,171,2.674495,22.221232
WELL-018,2026-09-18 09:00:00,172,2.170532,22.492366
WELL-018,2026-09-18 09:00:00,173,1.717955,22.766542
WELL-018,2026-09-18 09:00:00,174,1.317317,23.041048
WELL-018,2026-09-18 09:00:00,175,0.969104,23.313451
WELL-018,2026-09-18 09:00:00,176,0.673741,23.581878
WELL-018,2026-09-18 09:00:00,177,0.431589,23.845222
WELL-018,2026-09-18 09:00:00,178,0.242941,24.103229
WELL-018,2026-09-18 09:00:00,179,0.108029,24.356471
WELL-018,2026-09-18 09:00:00,180,0.027015,24.606194
WELL-018,2026-09-18 09:00:00,181,0.0,24.854073
WELL-018,2026-09-21 09:00:00,1,0.0,24.868599
WELL-018,2026-09-21 09:00:00,2,0.02734,25.123234
WELL-018,2026-09-21 09:00:00,3,0.109325,25.37954
WELL-018,2026-09-21 09:00:00,4,0.245857,25.638615
WELL-018,2026-09-21 09:00:00,5,0.436768,25.90085
WELL-018,2026-09-21 09:00:00,6,0.681826,26.165816
WELL-018,2026-09-21 09:00:00,7,0.980733,26.432274
WELL-018,2026-09-21 09:00:00,8,1.333125,26.698308
WELL-018,2026-09-21 09:00:00,9,1.738571,26.961554
WELL-018,2026-09-21 09:00:00,10,2.196578,27.2195
WELL-018,2026-09-21 09:00:00,11,2.706589,27.46981
WELL-018,2026-09-21 09:00:00,12,3.267981,27.710625
WELL-018,2026-09-21 09:00:00,13,3.88007,27.94079
WELL-018,2026-09-21 09:00:00,14,4.542112,28.159994
WELL-018,2026-09-21 09:00:00,15,5.253299,28.368774
WELL-018,2026-09-21 09:00:00,16,6.012765,28.568408
WELL-018,2026-09-21 09:00:00,17,6.819585,28.760699
WELL-018,2026-09-21 09:00:00,18,7.672775,28.947679
WELL-018,2026-09-21 09:00:00,19,8.571296,29.131288
WELL-018,2026-09-21 09:00:00,20,9.514054,29.313066
WELL-018,2026-09-21 09:00:00,21,10.4999,29.493899
WELL-018,2026-09-21 09:00:00,22,11.527632,29.673868
WELL-018,2026-09-21 09:00:00,23,12.595999,29.852211
WELL-018,2026-09-21 09:00:00,24,13.703699,30.027415
WELL-018,2026-09-21 09:00:00,25,14.849382,30.197406
WELL-018,2026-09-21 09:00:00,26,16.031653,30.359836
WELL-018,2026-09-21 09:00:00,27,17.249071,30.512396
WELL-018,2026-09-21 09:00:00,28,18.500153,30.653135
WELL-018,2026-09-21 09:00:00,29,19.783374,30.780722
WELL-018,2026-09-21 09:00:00,30,21.097172,30.894615
WELL-018,2026-09-21 09:00:00,31,22.439945,30.99512
WELL-018,2026-09-21 09:00:00,32,23.810058,31.083327
WELL-018,2026-09-21 09:00:00,33,25.205841,31.160929
WELL-018,2026-09-21 09:00:00,34,26.625594,31.229953
WELL-018,2026-09-21 09:00:00,35,28.067588,31.292447
WELL-018,2026-09-21 09:00:00,36,29.530064,31.350161
WELL-018,2026-09-21 09:00:00,37,31.011242,31.404269
WELL-018,2026-09-21 09:00:00,38,32.509316,31.455189
WELL-018,2026-09-21 09:00:00,39,34.022462,31.502492
WELL-018,2026-09-21 09:00:00,40,35.548836,31.544957
WELL-018,2026-09-21 09:00:00,41,37.086579,31.580729
WELL-018,2026-09-21 09:00:00,42,38.633817,31.607577
WELL-018,2026-09-21 09:00:00,43,40.188664,31.623204
WELL-018,2026-09-21 09:00:00,44,41.749227,31.625572
WELL-018,2026-09-21 09:00:00,45,43.313605,31.61319
WELL-018,2026-09-21 09:00:00,46,44.87989,31.585324
WELL-018,2026-09-21 09:00:00,47,46.446176,31.542101
WELL-018,2026-09-21 09:00:00,48,48.010553,31.484485
WELL-018,2026-09-21 09:00:00,49,49.571116,31.414144
WELL-018,2026-09-21 09:00:00,50,51.125964,31.333203
WELL-018,2026-09-21 09:00:00,51,52.673202,31.243949
WELL-018,2026-09-21 09:00:00,52,54.210944,31.148503
WELL-018,2026-09-21 09:00:00,53,55.737318,31.048527
WELL-018,2026-09-21 09:00:00,54,57.250465,30.945
WELL-018,2026-09-21 09:00:00,55,58.748539,30.838092
WELL-018,2026-09-21 09:00:00,56,60.229717,30.727168
WELL-018,2026-09-21 09:00:00,57,61.692193,30.610906
WELL-018,2026-09-21 09:00:00,58,63.134186,30.487519
WELL-018,2026-09-21 09:00:00,59,64.553939,30.355053
WELL-018,2026-09-21 09:00:00,60,65.949723,30.211709
WELL-018,2026-09-21 09:00:00,61,67.319836,30.056148
WELL-018,2026-09-21 09:00:00,62,68.662609,29.887726
WELL-018,2026-09-21 09:00:00,63,69.976407,29.706644
WELL-018,2026-09-21 09:00:00,64,71.259628,29.513961
WELL-018,2026-09-21 09:00:00,65,72.51071,29.311501
WELL-018,2026-09-21 09:00:00,66,73.728128,29.101641
WELL-018,2026-09-21 09:00:00,67,74.910399,28.887022
WELL-018,2026-09-21 09:00:00,68,76.056082,28.670227
WELL-018,2026-09-21 09:00:00,69,77.163782,28.453467
WELL-018,2026-09-21 09:00:00,70,78.232149,28.238323
WELL-018,2026-09-21 09:00:00,71,79.259881,28.025578
WELL-018,2026-09-21 09:00:00,72,80.245727,27.815173
WELL-018,2026-09-21 09:00:00,73,81.188484,27.606277
WELL-018,2026-09-21 09:00:00,74,82.087006,27.397478
WELL-018,2026-09-21 09:00:00,75,82.940196,27.187051
WELL-018,2026-09-21 09:00:00,76,83.747015,26.973274
WELL-018,2026-09-21 09:00:00,77,84.506481,26.754746
WELL-018,2026-09-21 09:00:00,78,85.217669,26.530649
WELL-018,2026-09-21 09:00:00,79,85.87971,26.300932
WELL-018,2026-09-21 09:00:00,80,86.4918,26.066371
WELL-018,2026-09-21 09:00:00,81,87.053192,25.82852
WELL-018,2026-09-21 09:00:00,82,87.563202,25.589531
WELL-018,2026-09-21 09:00:00,83,88.02121,25.351896
WELL-018,2026-09-21 09:00:00,84,88.426656,25.118127
WELL-018,2026-09-21 09:00:00,85,88.779047,24.890441
WELL-018,2026-09-21 09:00:00,86,89.077954,24.670469
WELL-018,2026-09-21 09:00:00,87,89.323013,24.459062
WELL-018,2026-09-21 09:00:00,88,89.513924,24.256199
WELL-018,2026-09-21 09:00:00,89,89.650456,24.061016
WELL-018,2026-09-21 09:00:00,90,89.732441,23.871962
WELL-018,2026-09-21 09:00:00,91,89.759781,23.68704
WELL-018,2026-09-21 09:00:00,92,89.732441,23.504124
WELL-018,2026-09-21 09:00:00,93,89.650456,23.321274
WELL-018,2026-09-21 09:00:00,94,89.513924,23.137035
WELL-018,2026-09-21 09:00:00,95,89.323013,22.95065
WELL-018,2026-09-21 09:00:00,96,89.077954,22.762181
WELL-018,2026-09-21 09:00:00,97,88.779047,22.572491
WELL-018,2026-09-21 09:00:00,98,88.426656,22.383125
WELL-018,2026-09-21 09:00:00,99,88.02121,22.196073
WELL-018,2026-09-21 09:00:00,100,87.563202,22.013474
WELL-018,2026-09-21 09:00:00,101,87.053192,21.837298
WELL-018,2026-09-21 09:00:00,102,86.4918,21.669044
WELL-018,2026-09-21 09:00:00,103,85.87971,21.509511
WELL-018,2026-09-21 09:00:00,104,85.217669,21.358668
WELL-018,2026-09-21 09:00:00,105,84.506481,21.215644
WELL-018,2026-09-21 09:00:00,106,83.747015,21.07884
WELL-018,2026-09-21 09:00:00,107,82.940196,20.946149
WELL-018,2026-09-21 09:00:00,108,82.087006,20.815247
WELL-018,2026-09-21 09:00:00,109,81.188484,20.68392
WELL-018,2026-09-21 09:00:00,110,80.245727,20.550376
WELL-018,2026-09-21 09:00:00,111,79.259881,20.413492
WELL-018,2026-09-21 09:00:00,112,78.232149,20.272973
WELL-018,2026-09-21 09:00:00,113,77.163782,20.129389
WELL-018,2026-09-21 09:00:00,114,76.056082,19.984085
WELL-018,2026-09-21 09:00:00,115,74.910399,19.838986
WELL-018,2026-09-21 09:00:00,116,73.728128,19.696323
WELL-018,2026-09-21 09:00:00,117,72.51071,19.558306
WELL-018,2026-09-21 09:00:00,118,71.259628,19.426814
WELL-018,2026-09-21 09:00:00,119,69.976407,19.303137
WELL-018,2026-09-21 09:00:00,120,68.662609,19.187795
WELL-018,2026-09-21 09:00:00,121,67.319836,19.080489
WELL-018,2026-09-21 09:00:00,122,65.949723,18.980162
WELL-018,2026-09-21 09:00:00,123,64.553939,18.885182
WELL-018,2026-09-21 09:00:00,124,63.134186,18.793605
WELL-018,2026-09-21 09:00:00,125,61.692193,18.703494
WELL-018,2026-09-21 09:00:00,126,60.229717,18.613234
WELL-018,2026-09-21 09:00:00,127,58.748539,18.521806
WELL-018,2026-09-21 09:00:00,128,57.250465,18.428978
WELL-018,2026-09-21 09:00:00,129,55.737318,18.335381
WELL-018,2026-09-21 09:00:00,130,54.210944,18.242462
WELL-018,2026-09-21 09:00:00,131,52.673202,18.152321
WELL-018,2026-09-21 09:00:00,132,51.125964,18.067456
WELL-018,2026-09-21 09:00:00,133,49.571116,17.990445
WELL-018,2026-09-21 09:00:00,134,48.010553,17.923625
WELL-018,2026-09-21 09:00:00,135,46.446176,17.868802
WELL-018,2026-09-21 09:00:00,136,44.87989,17.827036
WELL-018,2026-09-21 09:00:00,137,43.313605,17.798541
WELL-018,2026-09-21 09:00:00,138,41.749227,17.7827
WELL-018,2026-09-21 09:00:00,139,40.188664,17.778206
WELL-018,2026-09-21 09:00:00,140,38.633817,17.783296
WELL-018,2026-09-21 09:00:00,141,37.086579,17.796054
WELL-018,2026-09-21 09:00:00,142,35.548836,17.814732
WELL-018,2026-09-21 09:00:00,143,34.022462,17.838039
WELL-018,2026-09-21 09:00:00,144,32.509316,17.865373
WELL-018,2026-09-21 09:00:00,145,31.011242,17.896934
WELL-018,2026-09-21 09:00:00,146,29.530064,17.933723
WELL-018,2026-09-21 09:00:00,147,28.067588,17.977426
WELL-018,2026-09-21 09:00:00,148,26.625594,18.030181
WELL-018,2026-09-21 09:00:00,149,25.205841,18.094286
WELL-018,2026-09-21 09:00:00,150,23.810058,18.171873
WELL-018,2026-09-21 09:00:00,151,22.439945,18.264604
WELL-018,2026-09-21 09:00:00,152,21.097172,18.373426
WELL-018,2026-09-21 09:00:00,153,19.783374,18.498431
WELL-018,2026-09-21 09:00:00,154,18.500153,18.63883
WELL-018,2026-09-21 09:00:00,155,17.249071,18.793057
WELL-018,2026-09-21 09:00:00,156,16.031653,18.958968
WELL-018,2026-09-21 09:00:00,157,14.849382,19.134137
WELL-018,2026-09-21 09:00:00,158,13.703699,19.316172
WELL-018,2026-09-21 09:00:00,159,12.595999,19.503033
WELL-018,2026-09-21 09:00:00,160,11.527632,19.693285
WELL-018,2026-09-21 09:00:00,161,10.4999,19.886263
WELL-018,2026-09-21 09:00:00,162,9.514054,20.082126
WELL-018,2026-09-21 09:00:00,163,8.571296,20.281773
WELL-018,2026-09-21 09:00:00,164,7.672775,20.486663
WELL-018,2026-09-21 09:00:00,165,6.819585,20.69854
WELL-018,2026-09-21 09:00:00,166,6.012765,20.919117
WELL-018,2026-09-21 09:00:00,167,5.253299,21.149764
WELL-018,2026-09-21 09:00:00,168,4.542112,21.391239
WELL-018,2026-09-21 09:00:00,169,3.88007,21.643509
WELL-018,2026-09-21 09:00:00,170,3.267981,21.905687
WELL-018,2026-09-21 09:00:00,171,2.706589,22.176086
WELL-018,2026-09-21 09:00:00,172,2.196578,22.452393
WELL-018,2026-09-21 09:00:00,173,1.738571,22.731937
WELL-018,2026-09-21 09:00:00,174,1.333125,23.012
WELL-018,2026-09-21 09:00:00,175,0.980733,23.290141
WELL-018,2026-09-21 09:00:00,176,0.681826,23.564481
WELL-018,2026-09-21 09:00:00,177,0.436768,23.833905
WELL-018,2026-09-21 09:00:00,178,0.245857,24.098152
WELL-018,2026-09-21 09:00:00,179,0.109325,24.357787
WELL-018,2026-09-21 09:00:00,180,0.02734,24.614047
WELL-018,2026-09-21 09:00:00,181,0.0,24.868599
WELL-019,2026-09-19 10:00:00,1,0.0,24.924763
WELL-019,2026-09-19 10:00:00,2,0.02761,25.175132
WELL-019,2026-09-19 10:00:00,3,0.110405,25.427906
WELL-019,2026-09-19 10:00:00,4,0.248286,25.683833
WELL-019,2026-09-19 10:00:00,5,0.441083,25.94288
WELL-019,2026-09-19 10:00:00,6,0.688563,26.204186
WELL-019,2026-09-19 10:00:00,7,0.990422,26.466135
WELL-019,2026-09-19 10:00:00,8,1.346295,26.726542
WELL-019,2026-09-19 10:00:00,9,1.755747,26.982924
WELL-019,2026-09-19 10:00:00,10,2.218279,27.232821
WELL-019,2026-09-19 10:00:00,11,2.733328,27.474111
WELL-019,2026-09-19 10:00:00,12,3.300267,27.705278
WELL-019,2026-09-19 10:00:00,13,3.918404,27.925599
WELL-019,2026-09-19 10:00:00,14,4.586986,28.135213
WELL-019,2026-09-19 10:00:00,15,5.305199,28.335066
WELL-019,2026-09-19 10:00:00,16,6.072168,28.526746
WELL-019,2026-09-19 10:00:00,17,6.886959,28.712216
WELL-019,2026-09-19 10:00:00,18,7.748578,28.893507
WELL-019,2026-09-19 10:00:00,19,8.655977,29.07239
WELL-019,2026-09-19 10:00:00,20,9.608048,29.250095
WELL-019,2026-09-19 10:00:00,21,10.603634,29.427108
WELL-019,2026-09-19 10:00:00,22,11.64152,29.603073
WELL-019,2026-09-19 10:00:00,23,12.720442,29.776826
WELL-019,2026-09-19 10:00:00,24,13.839085,29.946538
WELL-019,2026-09-19 10:00:00,25,14.996087,30.10996
WELL-019,2026-09-19 10:00:00,26,16.190038,30.264733
WELL-019,2026-09-19 10:00:00,27,17.419484,30.408706
WELL-019,2026-09-19 10:00:00,28,18.682925,30.540229
WELL-019,2026-09-19 10:00:00,29,19.978825,30.658376
WELL-019,2026-09-19 10:00:00,30,21.305602,30.763055
WELL-019,2026-09-19 10:00:00,31,22.661641,30.855005
WELL-019,2026-09-19 10:00:00,32,24.04529,30.935664
WELL-019,2026-09-19 10:00:00,33,25.454863,31.006944
WELL-019,2026-09-19 10:00:00,34,26.888643,31.070931
WELL-019,2026-09-19 10:00:00,35,28.344882,31.129559
WELL-019,2026-09-19 10:00:00,36,29.821807,31.184315
WELL-019,2026-09-19 10:00:00,37,31.317618,31.235999
WELL-019,2026-09-19 10:00:00,38,32.830493,31.284594
WELL-019,2026-09-19 10:00:00,39,34.358588,31.329249
WELL-019,2026-09-19 10:00:00,40,35.900042,31.368385
WELL-019,2026-09-19 10:00:00,41,37.452977,31.399917
WELL-019,2026-09-19 10:00:00,42,39.015501,31.421538
WELL-019,2026-09-19 10:00:00,43,40.585709,31.431046
WELL-019,2026-09-19 10:00:00,44,42.16169,31.426653
WELL-019,2026-09-19 10:00:00,45,43.741523,31.407239
WELL-019,2026-09-19 10:00:00,46,45.323282,31.37251
WELL-019,2026-09-19 10:00:00,47,46.905042,31.323034
WELL-019,2026-09-19 10:00:00,48,48.484875,31.260158
WELL-019,2026-09-19 10:00:00,49,50.060856,31.185817
WELL-019,2026-09-19 10:00:00,50,51.631064,31.102253
WELL-019,2026-09-19 10:00:00,51,53.193588,31.011697
WELL-019,2026-09-19 10:00:00,52,54.746523,30.916055
WELL-019,2026-09-19 10:00:00,53,56.287977,30.816645
WELL-019,2026-09-19 10:00:00,54,57.816072,30.714021
WELL-019,2026-09-19 10:00:00,55,59.328947,30.607918
WELL-019,2026-09-19 10:00:00,56,60.824758,30.497306
WELL-019,2026-09-19 10:00:00,57,62.301683,30.380577
WELL-019,2026-09-19 10:00:00,58,63.757922,30.255808
WELL-019,2026-09-19 10:00:00,59,65.191702,30.121072
WELL-019,2026-09-19 10:00:00,60,66.601275,29.974763
WELL-019,2026-09-19 10:00:00,61,67.984924,29.815869
WELL-019,2026-09-19 10:00:00,62,69.340963,29.644165
WELL-019,2026-09-19 10:00:00,63,70.66774,29.460293
WELL-019,2026-09-19 10:00:00,64,71.96364,29.265721
WELL-019,2026-09-19 10:00:00,65,73.227081,29.062583
WELL-019,2026-09-19 10:00:00,66,74.456527,28.853425
WELL-019,2026-09-19 10:00:00,67,75.650478,28.640891
WELL-019,2026-09-19 10:00:00,68,76.80748,28.427399
WELL-019,2026-09-19 10:00:00,69,77.926123,28.214854
WELL-019,2026-09-19 10:00:00,70,79.005045,28.00443
WELL-019,2026-09-19 10:00:00,71,80.042931,27.796466
WELL-019,2026-09-19 10:00:00,72,81.038516,27.590481
WELL-019,2026-09-19 10:00:00,73,81.990588,27.38531
WELL-019,2026-09-19 10:00:00,74,82.897987,27.17934
WELL-019,2026-09-19 10:00:00,75,83.759606,26.970808
WELL-019,2026-09-19 10:00:00,76,84.574396,26.758123
WELL-019,2026-09-19 10:00:00,77,85.341366,26.540162
WELL-019,2026-09-19 10:00:00,78,86.059579,26.316494
WELL-019,2026-09-19 10:00:00,79,86.728161,26.087504
WELL-019,2026-09-19 10:00:00,80,87.346298,25.854393
WELL-019,2026-09-19 10:00:00,81,87.913237,25.619059
WELL-019,2026-09-19 10:00:00,82,88.428286,25.383878
WELL-019,2026-09-19 10:00:00,83,88.890818,25.151398
WELL-019,2026-09-19 10:00:00,84,89.30027,24.924026
WELL-019,2026-09-19 10:00:00,85,89.656142,24.703712
WELL-019,2026-09-19 10:00:00,86,89.958002,24.491708
WELL-019,2026-09-19 10:00:00,87,90.205482,24.288423
WELL-019,2026-09-19 10:00:00,88,90.398279,24.093394
WELL-019,2026-09-19 10:00:00,89,90.53616,23.905382
WELL-019,2026-09-19 10:00:00,90,90.618955,23.722575
WELL-019,2026-09-19 10:00:00,91,90.646565,23.542877
WELL-019,2026-09-19 10:00:00,92,90.618955,23.364226
WELL-019,2026-09-19 10:00:00,93,90.53616,23.184908
WELL-019,2026-09-19 10:00:00,94,90.398279,23.003817
WELL-019,2026-09-19 10:00:00,95,90.205482,22.820621
WELL-019,2026-09-19 10:00:00,96,89.958002,22.63581
WELL-019,2026-09-19 10:00:00,97,89.656142,22.45063
WELL-019,2026-09-19 10:00:00,98,89.30027,22.266892
WELL-019,2026-09-19 10:00:00,99,88.890818,22.086703
WELL-019,2026-09-19 10:00:00,100,88.428286,21.912153
WELL-019,2026-09-19 10:00:00,101,87.913237,21.744998
WELL-019,2026-09-19 10:00:00,102,87.346298,21.586391
WELL-019,2026-09-19 10:00:00,103,86.728161,21.436702
WELL-019,2026-09-19 10:00:00,104,86.059579,21.295449
WELL-019,2026-09-19 10:00:00,105,85.341366,21.161351
WELL-019,2026-09-19 10:00:00,106,84.574396,21.032503
WELL-019,2026-09-19 10:00:00,107,83.759606,20.906632
WELL-019,2026-09-19 10:00:00,108,82.897987,20.781419
WELL-019,2026-09-19 10:00:00,109,81.990588,20.654819
WELL-019,2026-09-19 10:00:00,110,81.038516,20.525347
WELL-019,2026-09-19 10:00:00,111,80.042931,20.392283
WELL-019,2026-09-19 10:00:00,112,79.005045,20.255768
WELL-019,2026-09-19 10:00:00,113,77.926123,20.116774
WELL-019,2026-09-19 10:00:00,114,76.80748,19.976962
WELL-019,2026-09-19 10:00:00,115,75.650478,19.838432
WELL-019,2026-09-19 10:00:00,116,74.456527,19.703425
WELL-019,2026-09-19 10:00:00,117,73.227081,19.573995
WELL-019,2026-09-19 10:00:00,118,71.96364,19.451721
WELL-019,2026-09-19 10:00:00,119,70.66774,19.337483
WELL-019,2026-09-19 10:00:00,120,69.340963,19.231354
WELL-019,2026-09-19 10:00:00,121,67.984924,19.132604
WELL-019,2026-09-19 10:00:00,122,66.601275,19.039825
WELL-019,2026-09-19 10:00:00,123,65.191702,18.951167
WELL-019,2026-09-19 10:00:00,124,63.757922,18.864628
WELL-019,2026-09-19 10:00:00,125,62.301683,18.778383
WELL-019,2026-09-19 10:00:00,126,60.824758,18.691079
WELL-019,2026-09-19 10:00:00,127,59.328947,18.602076
WELL-019,2026-09-19 10:00:00,128,57.816072,18.511572
WELL-019,2026-09-19 10:00:00,129,56.287977,18.420624
WELL-019,2026-09-19 10:00:00,130,54.746523,18.331033
WELL-019,2026-09-19 10:00:00,131,53.193588,18.245133
WELL-019,2026-09-19 10:00:00,132,51.631064,18.165495
WELL-019,2026-09-19 10:00:00,133,50.060856,18.094603
WELL-019,2026-09-19 10:00:00,134,48.484875,18.034544
WELL-019,2026-09-19 10:00:00,135,46.905042,17.986752
WELL-019,2026-09-19 10:00:00,136,45.323282,17.95185
WELL-019,2026-09-19 10:00:00,137,43.741523,17.929608
WELL-019,2026-09-19 10:00:00,138,42.16169,17.919028
WELL-019,2026-09-19 10:00:00,139,40.585709,17.918533
WELL-019,2026-09-19 10:00:00,140,39.015501,17.926246
WELL-019,2026-09-19 10:00:00,141,37.452977,17.940306
WELL-019,2026-09-19 10:00:00,142,35.900042,17.95918
WELL-019,2026-09-19 10:00:00,143,34.358588,17.981922
WELL-019,2026-09-19 10:00:00,144,32.830493,18.008352
WELL-019,2026-09-19 10:00:00,145,31.317618,18.039108
WELL-019,2026-09-19 10:00:00,146,29.821807,18.075586
WELL-019,2026-09-19 10:00:00,147,28.344882,18.119754
WELL-019,2026-09-19 10:00:00,148,26.888643,18.173891
WELL-019,2026-09-19 10:00:00,149,25.454863,18.240266
WELL-019,2026-09-19 10:00:00,150,24.04529,18.320819
WELL-019,2026-09-19 10:00:00,151,22.661641,18.416882
WELL-019,2026-09-19 10:00:00,152,21.305602,18.528987
WELL-019,2026-09-19 10:00:00,153,19.978825,18.656782
WELL-019,2026-09-19 10:00:00,154,18.682925,18.799071
WELL-019,2026-09-19 10:00:00,155,17.419484,18.953975
WELL-019,2026-09-19 10:00:00,156,16.190038,19.119184
WELL-019,2026-09-19 10:00:00,157,14.996087,19.292268
WELL-019,2026-09-19 10:00:00,158,13.839085,19.471
WELL-019,2026-09-19 10:00:00,159,12.720442,19.653646
WELL-019,2026-09-19 10:00:00,160,11.64152,19.839177
WELL-019,2026-09-19 10:00:00,161,10.603634,20.027375
WELL-019,2026-09-19 10:00:00,162,9.608048,20.218818
WELL-019,2026-09-19 10:00:00,163,8.655977,20.41474
WELL-019,2026-09-19 10:00:00,164,7.748578,20.616801
WELL-019,2026-09-19 10:00:00,165,6.886959,20.826783
WELL-019,2026-09-19 10:00:00,166,6.072168,21.046268
WELL-019,2026-09-19 10:00:00,167,5.305199,21.276348
WELL-019,2026-09-19 10:00:00,168,4.586986,21.517394
WELL-019,2026-09-19 10:00:00,169,3.918404,21.768937
WELL-019,2026-09-19 10:00:00,170,3.300267,22.029666
WELL-019,2026-09-19 10:00:00,171,2.733328,22.297546
WELL-019,2026-09-19 10:00:00,172,2.218279,22.570047
WELL-019,2026-09-19 10:00:00,173,1.755747,22.844435
WELL-019,2026-09-19 10:00:00,174,1.346295,23.118101
WELL-019,2026-09-19 10:00:00,175,0.990422,23.38887
WELL-019,2026-09-19 10:00:00,176,0.688563,23.655241
WELL-019,2026-09-19 10:00:00,177,0.441083,23.916544
WELL-019,2026-09-19 10:00:00,178,0.248286,24.172957
WELL-019,2026-09-19 10:00:00,179,0.110405,24.425421
WELL-019,2026-09-19 10:00:00,180,0.02761,24.675433
WELL-019,2026-09-19 10:00:00,181,0.0,24.924763
WELL-019,2026-09-22 10:00:00,1,0.0,24.939289
WELL-019,2026-09-22 10:00:00,2,0.027941,25.196461
WELL-019,2026-09-22 10:00:00,3,0.11173,25.456157
WELL-019,2026-09-22 10:00:00,4,0.251265,25.719118
WELL-019,2026-09-22 10:00:00,5,0.446376,25.985303
WELL-019,2026-09-22 10:00:00,6,0.696825,26.253841
WELL-019,2026-09-22 10:00:00,7,1.002308,26.523108
WELL-019,2026-09-22 10:00:00,8,1.362451,26.790909
WELL-019,2026-09-22 10:00:00,9,1.776816,27.054753
WELL-019,2026-09-22 10:00:00,10,2.244899,27.312171
WELL-019,2026-09-22 10:00:00,11,2.766128,27.561031
WELL-019,2026-09-22 10:00:00,12,3.33987,27.799809
WELL-019,2026-09-22 10:00:00,13,3.965424,28.027772
WELL-019,2026-09-22 10:00:00,14,4.64203,28.245049
WELL-019,2026-09-22 10:00:00,15,5.368862,28.452579
WELL-019,2026-09-22 10:00:00,16,6.145034,28.651937
WELL-019,2026-09-22 10:00:00,17,6.969603,28.84508
WELL-019,2026-09-22 10:00:00,18,7.841561,29.034027
WELL-019,2026-09-22 10:00:00,19,8.759848,29.220542
WELL-019,2026-09-22 10:00:00,20,9.723345,29.405845
WELL-019,2026-09-22 10:00:00,21,10.730877,29.590412
WELL-019,2026-09-22 10:00:00,22,11.781218,29.773879
WELL-019,2026-09-22 10:00:00,23,12.873087,29.955071
WELL-019,2026-09-22 10:00:00,24,14.005154,30.132151
WELL-019,2026-09-22 10:00:00,25,15.17604,30.302862
WELL-019,2026-09-22 10:00:00,26,16.384319,30.464835
WELL-019,2026-09-22 10:00:00,27,17.628517,30.61591
WELL-019,2026-09-22 10:00:00,28,18.907121,30.754429
WELL-019,2026-09-22 10:00:00,29,20.21857,30.879457
WELL-019,2026-09-22 10:00:00,30,21.561269,30.990894
WELL-019,2026-09-22 10:00:00,31,22.933581,31.08947
WELL-019,2026-09-22 10:00:00,32,24.333834,31.176616
WELL-019,2026-09-22 10:00:00,33,25.760322,31.254236
WELL-019,2026-09-22 10:00:00,34,27.211306,31.324407
WELL-019,2026-09-22 10:00:00,35,28.685021,31.389057
WELL-019,2026-09-22 10:00:00,36,30.179669,31.449665
WELL-019,2026-09-22 10:00:00,37,31.693429,31.507025
WELL-019,2026-09-22 10:00:00,38,33.224459,31.561111
WELL-019,2026-09-22 10:00:00,39,34.770891,31.611065
WELL-019,2026-09-22 10:00:00,40,36.330843,31.655305
WELL-019,2026-09-22 10:00:00,41,37.902413,31.691737
WELL-019,2026-09-22 10:00:00,42,39.483687,31.718048
WELL-019,2026-09-22 10:00:00,43,41.072738,31.732031
WELL-019,2026-09-22 10:00:00,44,42.66763,31.731893
WELL-019,2026-09-22 10:00:00,45,44.266421,31.716509
WELL-019,2026-09-22 10:00:00,46,45.867162,31.685578
WELL-019,2026-09-22 10:00:00,47,47.467903,31.639665
WELL-019,2026-09-22 10:00:00,48,49.066693,31.580114
WELL-019,2026-09-22 10:00:00,49,50.661586,31.508853
WELL-019,2026-09-22 10:00:00,50,52.250637,31.428122
WELL-019,2026-09-22 10:00:00,51,53.831911,31.340147
WELL-019,2026-09-22 10:00:00,52,55.403481,31.246833
WELL-019,2026-09-22 10:00:00,53,56.963433,31.149494
WELL-019,2026-09-22 10:00:00,54,58.509865,31.048683
WELL-019,2026-09-22 10:00:00,55,60.040894,30.944129
WELL-019,2026-09-22 10:00:00,56,61.554655,30.834805
WELL-019,2026-09-22 10:00:00,57,63.049303,30.719098
WELL-019,2026-09-22 10:00:00,58,64.523017,30.595084
WELL-019,2026-09-22 10:00:00,59,65.974002,30.460837
WELL-019,2026-09-22 10:00:00,60,67.40049,30.314749
WELL-019,2026-09-22 10:00:00,61,68.800743,30.155808
WELL-019,2026-09-22 10:00:00,62,70.173055,29.983788
WELL-019,2026-09-22 10:00:00,63,71.515753,29.799334
WELL-019,2026-09-22 10:00:00,64,72.827203,29.603912
WELL-019,2026-09-22 10:00:00,65,74.105806,29.399659
WELL-019,2026-09-22 10:00:00,66,75.350005,29.189121
WELL-019,2026-09-22 10:00:00,67,76.558284,28.974944
WELL-019,2026-09-22 10:00:00,68,77.72917,28.759549
WELL-019,2026-09-22 10:00:00,69,78.861237,28.544842
WELL-019,2026-09-22 10:00:00,70,79.953106,28.332
WELL-019,2026-09-22 10:00:00,71,81.003446,28.121365
WELL-019,2026-09-22 10:00:00,72,82.010979,27.91246
WELL-019,2026-09-22 10:00:00,73,82.974475,27.704123
WELL-019,2026-09-22 10:00:00,74,83.892762,27.494744
WELL-019,2026-09-22 10:00:00,75,84.764721,27.282565
WELL-019,2026-09-22 10:00:00,76,85.589289,27.066
WELL-019,2026-09-22 10:00:00,77,86.365462,26.84393
WELL-019,2026-09-22 10:00:00,78,87.092294,26.615929
WELL-019,2026-09-22 10:00:00,79,87.768899,26.382387
WELL-019,2026-09-22 10:00:00,80,88.394454,26.144511
WELL-019,2026-09-22 10:00:00,81,88.968195,25.904205
WELL-019,2026-09-22 10:00:00,82,89.489425,25.66385
WELL-019,2026-09-22 10:00:00,83,89.957508,25.426003
WELL-019,2026-09-22 10:00:00,84,90.371873,25.193074
WELL-019,2026-09-22 10:00:00,85,90.732016,24.967022
WELL-019,2026-09-22 10:00:00,86,91.037498,24.749105
WELL-019,2026-09-22 10:00:00,87,91.287948,24.539741
WELL-019,2026-09-22 10:00:00,88,91.483059,24.338471
WELL-019,2026-09-22 10:00:00,89,91.622594,24.144066
WELL-019,2026-09-22 10:00:00,90,91.706383,23.954722
WELL-019,2026-09-22 10:00:00,91,91.734324,23.768351
WELL-019,2026-09-22 10:00:00,92,91.706383,23.582897
WELL-019,2026-09-22 10:00:00,93,91.622594,23.396657
WELL-019,2026-09-22 10:00:00,94,91.483059,23.208532
WELL-019,2026-09-22 10:00:00,95,91.287948,23.018198
WELL-019,2026-09-22 10:00:00,96,91.037498,22.826156
WELL-019,2026-09-22 10:00:00,97,90.732016,22.633658
WELL-019,2026-09-22 10:00:00,98,90.371873,22.442525
WELL-019,2026-09-22 10:00:00,99,89.957508,22.254874
WELL-019,2026-09-22 10:00:00,100,89.489425,22.072803
WELL-019,2026-09-22 10:00:00,101,88.968195,21.898077
WELL-019,2026-09-22 10:00:00,102,88.394454,21.73186
WELL-019,2026-09-22 10:00:00,103,87.768899,21.574529
WELL-019,2026-09-22 10:00:00,104,87.092294,21.425612
WELL-019,2026-09-22 10:00:00,105,86.365462,21.283839
WELL-019,2026-09-22 10:00:00,106,85.589289,21.147312
WELL-019,2026-09-22 10:00:00,107,84.764721,21.013768
WELL-019,2026-09-22 10:00:00,108,83.892762,20.880898
WELL-019,2026-09-22 10:00:00,109,82.974475,20.746666
WELL-019,2026-09-22 10:00:00,110,82.010979,20.609597
WELL-019,2026-09-22 10:00:00,111,81.003446,20.468979
WELL-019,2026-09-22 10:00:00,112,79.953106,20.324962
WELL-019,2026-09-22 10:00:00,113,78.861237,20.178529
WELL-019,2026-09-22 10:00:00,114,77.72917,20.031348
WELL-019,2026-09-22 10:00:00,115,76.558284,19.88553
WELL-019,2026-09-22 10:00:00,116,75.350005,19.743324
WELL-019,2026-09-22 10:00:00,117,74.105806,19.606792
WELL-019,2026-09-22 10:00:00,118,72.827203,19.477521
WELL-019,2026-09-22 10:00:00,119,71.515753,19.356402
WELL-019,2026-09-22 10:00:00,120,70.173055,19.243516
WELL-019,2026-09-22 10:00:00,121,68.800743,19.138139
WELL-019,2026-09-22 10:00:00,122,67.40049,19.038873
WELL-019,2026-09-22 10:00:00,123,65.974002,18.943875
WELL-019,2026-09-22 10:00:00,124,64.523017,18.851151
WELL-019,2026-09-22 10:00:00,125,63.049303,18.758884
WELL-019,2026-09-22 10:00:00,126,61.554655,18.665729
WELL-019,2026-09-22 10:00:00,127,60.040894,18.57105
WELL-019,2026-09-22 10:00:00,128,58.509865,18.475056
WELL-019,2026-09-22 10:00:00,129,56.963433,18.378807
WELL-019,2026-09-22 10:00:00,130,55.403481,18.284113
WELL-019,2026-09-22 10:00:00,131,53.831911,18.193313
WELL-019,2026-09-22 10:00:00,132,52.250637,18.108984
WELL-019,2026-09-22 10:00:00,133,50.661586,18.033617
WELL-019,2026-09-22 10:00:00,134,49.066693,17.969304
WELL-019,2026-09-22 10:00:00,135,47.467903,17.917483
WELL-019,2026-09-22 10:00:00,136,45.867162,17.878782
WELL-019,2026-09-22 10:00:00,137,44.266421,17.852977
WELL-019,2026-09-22 10:00:00,138,42.66763,17.839072
WELL-019,2026-09-22 10:00:00,139,41.072738,17.835497
WELL-019,2026-09-22 10:00:00,140,39.483687,17.840378
WELL-019,2026-09-22 10:00:00,141,37.902413,17.851856
WELL-019,2026-09-22 10:00:00,142,36.330843,17.868401
WELL-019,2026-09-22 10:00:00,143,34.770891,17.889072
WELL-019,2026-09-22 10:00:00,144,33.224459,17.91369
WELL-019,2026-09-22 10:00:00,145,31.693429,17.942897
WELL-019,2026-09-22 10:00:00,146,30.179669,17.978087
WELL-019,2026-09-22 10:00:00,147,28.685021,18.021233
WELL-019,2026-09-22 10:00:00,148,27.211306,18.074615
WELL-019,2026-09-22 10:00:00,149,25.760322,18.140501
WELL-019,2026-09-22 10:00:00,150,24.333834,18.220833
WELL-019,2026-09-22 10:00:00,151,22.933581,18.316944
WELL-019,2026-09-22 10:00:00,152,21.561269,18.429364
WELL-019,2026-09-22 10:00:00,153,20.21857,18.557741
WELL-019,2026-09-22 10:00:00,154,18.907121,18.700879
WELL-019,2026-09-22 10:00:00,155,17.628517,18.856899
WELL-019,2026-09-22 10:00:00,156,16.384319,19.023488
WELL-019,2026-09-22 10:00:00,157,15.17604,19.198215
WELL-019,2026-09-22 10:00:00,158,14.005154,19.378851
WELL-019,2026-09-22 10:00:00,159,12.873087,19.563659
WELL-019,2026-09-22 10:00:00,160,11.781218,19.751607
WELL-019,2026-09-22 10:00:00,161,10.730877,19.942476
WELL-019,2026-09-22 10:00:00,162,9.723345,20.136839
WELL-019,2026-09-22 10:00:00,163,8.759848,20.335927
WELL-019,2026-09-22 10:00:00,164,7.841561,20.541397
WELL-019,2026-09-22 10:00:00,165,6.969603,20.755025
WELL-019,2026-09-22 10:00:00,166,6.145034,20.978391
WELL-019,2026-09-22 10:00:00,167,5.368862,21.212581
WELL-019,2026-09-22 10:00:00,168,4.64203,21.45796
WELL-019,2026-09-22 10:00:00,169,3.965424,21.714054
WELL-019,2026-09-22 10:00:00,170,3.33987,21.979548
WELL-019,2026-09-22 10:00:00,171,2.766128,22.2524
WELL-019,2026-09-22 10:00:00,172,2.244899,22.530074
WELL-019,2026-09-22 10:00:00,173,1.776816,22.80983
WELL-019,2026-09-22 10:00:00,174,1.362451,23.089053
WELL-019,2026-09-22 10:00:00,175,1.002308,23.36556
WELL-019,2026-09-22 10:00:00,176,0.696825,23.637844
WELL-019,2026-09-22 10:00:00,177,0.446376,23.905227
WELL-019,2026-09-22 10:00:00,178,0.251265,24.16788
WELL-019,2026-09-22 10:00:00,179,0.11173,24.426737
WELL-019,2026-09-22 10:00:00,180,0.027941,24.683286
WELL-019,2026-09-22 10:00:00,181,0.0,24.939289
WELL-020,2026-09-20 11:00:00,1,0.0,24.996159
WELL-020,2026-09-20 11:00:00,2,0.029234,25.249549
WELL-020,2026-09-20 11:00:00,3,0.116901,25.506024
WELL-020,2026-09-20 11:00:00,4,0.262893,25.765929
WELL-020,2026-09-20 11:00:00,5,0.467033,26.028786
WELL-020,2026-09-20 11:00:00,6,0.729072,26.293314
WELL-020,2026-09-20 11:00:00,7,1.048692,26.55756
WELL-020,2026-09-20 11:00:00,8,1.425501,26.819135
WELL-020,2026-09-20 11:00:00,9,1.859042,27.075519
WELL-020,2026-09-20 11:00:00,10,2.348786,27.324379
WELL-020,2026-09-20 11:00:00,11,2.894137,27.563871
WELL-020,2026-09-20 11:00:00,12,3.49443,27.792868
WELL-020,2026-09-20 11:00:00,13,4.148933,28.011085
WELL-020,2026-09-20 11:00:00,14,4.85685,28.219088
WELL-020,2026-09-20 11:00:00,15,5.617318,28.418179
WELL-020,2026-09-20 11:00:00,16,6.42941,28.61017
WELL-020,2026-09-20 11:00:00,17,7.292137,28.797096
WELL-020,2026-09-20 11:00:00,18,8.204447,28.980886
WELL-020,2026-09-20 11:00:00,19,9.16523,29.163055
WELL-020,2026-09-20 11:00:00,20,10.173315,29.344461
WELL-020,2026-09-20 11:00:00,21,11.227473,29.525152
WELL-020,2026-09-20 11:00:00,22,12.32642,29.704337
WELL-020,2026-09-20 11:00:00,23,13.468818,29.880477
WELL-020,2026-09-20 11:00:00,24,14.653274,30.051489
WELL-020,2026-09-20 11:00:00,25,15.878346,30.215024
WELL-020,2026-09-20 11:00:00,26,17.14254,30.36879
WELL-020,2026-09-20 11:00:00,27,18.444317,30.510864
WELL-020,2026-09-20 11:00:00,28,19.78209,30.639951
WELL-020,2026-09-20 11:00:00,29,21.15423,30.755552
WELL-020,2026-09-20 11:00:00,30,22.559066,30.858016
WELL-020,2026-09-20 11:00:00,31,23.994884,30.948469
WELL-020,2026-09-20 11:00:00,32,25.459937,31.028629
WELL-020,2026-09-20 11:00:00,33,26.952439,31.100536
WELL-020,2026-09-20 11:00:00,34,28.470571,31.166236
WELL-020,2026-09-20 11:00:00,35,30.012485,31.227463
WELL-020,2026-09-20 11:00:00,36,31.576301,31.285369
WELL-020,2026-09-20 11:00:00,37,33.160114,31.340333
WELL-020,2026-09-20 11:00:00,38,34.761995,31.391894
WELL-020,2026-09-20 11:00:00,39,36.379993,31.438798
WELL-020,2026-09-20 11:00:00,40,38.012134,31.479166
WELL-020,2026-09-20 11:00:00,41,39.656433,31.510751
WELL-020,2026-09-20 11:00:00,42,41.310883,31.531255
WELL-020,2026-09-20 11:00:00,43,42.973472,31.538647
WELL-020,2026-09-20 11:00:00,44,44.642171,31.531456
WELL-020,2026-09-20 11:00:00,45,46.31495,31.508969
WELL-020,2026-09-20 11:00:00,46,47.989768,31.471335
WELL-020,2026-09-20 11:00:00,47,49.664587,31.419537
WELL-020,2026-09-20 11:00:00,48,51.337365,31.355248
WELL-020,2026-09-20 11:00:00,49,53.006065,31.280589
WELL-020,2026-09-20 11:00:00,50,54.668653,31.197827
WELL-020,2026-09-20 11:00:00,51,56.323104,31.109048
WELL-020,2026-09-20 11:00:00,52,57.967402,31.015866
WELL-020,2026-09-20 11:00:00,53,59.599544,30.919206
WELL-020,2026-09-20 11:00:00,54,61.217541,30.81918
WELL-020,2026-09-20 11:00:00,55,62.819422,30.715097
WELL-020,2026-09-20 11:00:00,56,64.403236,30.605584
WELL-020,2026-09-20 11:00:00,57,65.967052,30.488818
WELL-020,2026-09-20 11:00:00,58,67.508966,30.362821
WELL-020,2026-09-20 11:00:00,59,69.027098,30.225783
WELL-020,2026-09-20 11:00:00,60,70.5196,30.076366
WELL-020,2026-09-20 11:00:00,61,71.984653,29.913938
WELL-020,2026-09-20 11:00:00,62,73.420471,29.738712
WELL-020,2026-09-20 11:00:00,63,74.825306,29.551766
WELL-020,2026-09-20 11:00:00,64,76.197446,29.35493
WELL-020,2026-09-20 11:00:00,65,77.53522,29.150582
WELL-020,2026-09-20 11:00:00,66,78.836997,28.941352
WELL-020,2026-09-20 11:00:00,67,80.101191,28.7298
WELL-020,2026-09-20 11:00:00,68,81.326263,28.518106
WELL-020,2026-09-20 11:00:00,69,82.510719,28.307809
WELL-020,2026-09-20 11:00:00,70,83.653116,28.099653
WELL-020,2026-09-20 11:00:00,71,84.752064,27.893539
WELL-020,2026-09-20 11:00:00,72,85.806222,27.688607
WELL-020,2026-09-20 11:00:00,73,86.814306,27.483426
WELL-020,2026-09-20 11:00:00,74,87.775089,27.276268
WELL-020,2026-09-20 11:00:00,75,88.6874,27.065425
WELL-020,2026-09-20 11:00:00,76,89.550127,26.849523
WELL-020,2026-09-20 11:00:00,77,90.362219,26.627785
WELL-020,2026-09-20 11:00:00,78,91.122686,26.400205
WELL-020,2026-09-20 11:00:00,79,91.830603,26.167611
WELL-020,2026-09-20 11:00:00,80,92.485107,25.9316
WELL-020,2026-09-20 11:00:00,81,93.0854,25.694366
WELL-020,2026-09-20 11:00:00,82,93.63075,25.458426
WELL-020,2026-09-20 11:00:00,83,94.120494,25.226309
WELL-020,2026-09-20 11:00:00,84,94.554035,25.000234
WELL-020,2026-09-20 11:00:00,85,94.930845,24.781828
WELL-020,2026-09-20 11:00:00,86,95.250464,24.57193
WELL-020,2026-09-20 11:00:00,87,95.512504,24.370506
WELL-020,2026-09-20 11:00:00,88,95.716644,24.176686
WELL-020,2026-09-20 11:00:00,89,95.862636,23.988917
WELL-020,2026-09-20 11:00:00,90,95.950303,23.805217
WELL-020,2026-09-20 11:00:00,91,95.979537,23.623481
WELL-020,2026-09-20 11:00:00,92,95.950303,23.441809
WELL-020,2026-09-20 11:00:00,93,95.862636,23.25879
WELL-020,2026-09-20 11:00:00,94,95.716644,23.073721
WELL-020,2026-09-20 11:00:00,95,95.512504,22.886714
WELL-020,2026-09-20 11:00:00,96,95.250464,22.698683
WELL-020,2026-09-20 11:00:00,97,94.930845,22.511206
WELL-020,2026-09-20 11:00:00,98,94.554035,22.326299
WELL-020,2026-09-20 11:00:00,99,94.120494,22.146108
WELL-020,2026-09-20 11:00:00,100,93.63075,21.972595
WELL-020,2026-09-20 11:00:00,101,93.0854,21.807237
WELL-020,2026-09-20 11:00:00,102,92.485107,21.650801
WELL-020,2026-09-20 11:00:00,103,91.830603,21.503216
WELL-020,2026-09-20 11:00:00,104,91.122686,21.363573
WELL-020,2026-09-20 11:00:00,105,90.362219,21.230239
WELL-020,2026-09-20 11:00:00,106,89.550127,21.101078
WELL-020,2026-09-20 11:00:00,107,88.6874,20.973752
WELL-020,2026-09-20 11:00:00,108,87.775089,20.84604
WELL-020,2026-09-20 11:00:00,109,86.814306,20.716154
WELL-020,2026-09-20 11:00:00,110,85.806222,20.582981
WELL-020,2026-09-20 11:00:00,111,84.752064,20.446239
WELL-020,2026-09-20 11:00:00,112,83.653116,20.306504
WELL-020,2026-09-20 11:00:00,113,82.510719,20.165123
WELL-020,2026-09-20 11:00:00,114,81.326263,20.024011
WELL-020,2026-09-20 11:00:00,115,80.101191,19.885369
WELL-020,2026-09-20 11:00:00,116,78.836997,19.751369
WELL-020,2026-09-20 11:00:00,117,77.53522,19.623838
WELL-020,2026-09-20 11:00:00,118,76.197446,19.503999
WELL-020,2026-09-20 11:00:00,119,74.825306,19.392307
WELL-020,2026-09-20 11:00:00,120,73.420471,19.288393
WELL-020,2026-09-20 11:00:00,121,71.984653,19.191139
WELL-020,2026-09-20 11:00:00,122,70.5196,19.098861
WELL-020,2026-09-20 11:00:00,123,69.027098,19.009576
WELL-020,2026-09-20 11:00:00,124,67.508966,18.921323
WELL-020,2026-09-20 11:00:00,125,65.967052,18.832478
WELL-020,2026-09-20 11:00:00,126,64.403236,18.742025
WELL-020,2026-09-20 11:00:00,127,62.819422,18.649743
WELL-020,2026-09-20 11:00:00,128,61.217541,18.556273
WELL-020,2026-09-20 11:00:00,129,59.599544,18.463074
WELL-020,2026-09-20 11:00:00,130,57.967402,18.372252
WELL-020,2026-09-20 11:00:00,131,56.323104,18.286299
WELL-020,2026-09-20 11:00:00,132,54.668653,18.207778
WELL-020,2026-09-20 11:00:00,133,53.006065,18.139002
WELL-020,2026-09-20 11:00:00,134,51.337365,18.081741
WELL-020,2026-09-20 11:00:00,135,49.664587,18.037023
WELL-020,2026-09-20 11:00:00,136,47.989768,18.005025
WELL-020,2026-09-20 11:00:00,137,46.31495,17.985105
WELL-020,2026-09-20 11:00:00,138,44.642171,17.975938
WELL-020,2026-09-20 11:00:00,139,42.973472,17.975761
WELL-020,2026-09-20 11:00:00,140,41.310883,17.982672
WELL-020,2026-09-20 11:00:00,141,39.656433,17.994956
WELL-020,2026-09-20 11:00:00,142,38.012134,18.011368
WELL-020,2026-09-20 11:00:00,143,36.379993,18.03136
WELL-020,2026-09-20 11:00:00,144,34.761995,18.055193
WELL-020,2026-09-20 11:00:00,145,33.160114,18.083929
WELL-020,2026-09-20 11:00:00,146,31.576301,18.119308
WELL-020,2026-09-20 11:00:00,147,30.012485,18.163514
WELL-020,2026-09-20 11:00:00,148,28.470571,18.218878
WELL-020,2026-09-20 11:00:00,149,26.952439,18.287555
WELL-020,2026-09-20 11:00:00,150,25.459937,18.371216
WELL-020,2026-09-20 11:00:00,151,23.994884,18.470814
WELL-020,2026-09-20 11:00:00,152,22.559066,18.58644
WELL-020,2026-09-20 11:00:00,153,21.15423,18.717309
WELL-020,2026-09-20 11:00:00,154,19.78209,18.861862
WELL-020,2026-09-20 11:00:00,155,18.444317,19.017976
WELL-020,2026-09-20 11:00:00,156,17.14254,19.183257
WELL-020,2026-09-20 11:00:00,157,15.878346,19.355359
WELL-020,2026-09-20 11:00:00,158,14.653274,19.532294
WELL-020,2026-09-20 11:00:00,159,13.468818,19.712691
WELL-020,2026-09-20 11:00:00,160,12.32642,19.895954
WELL-020,2026-09-20 11:00:00,161,11.227473,20.082302
WELL-020,2026-09-20 11:00:00,162,10.173315,20.272692
WELL-020,2026-09-20 11:00:00,163,9.16523,20.468624
WELL-020,2026-09-20 11:00:00,164,8.204447,20.671874
WELL-020,2026-09-20 11:00:00,165,7.292137,20.884166
WELL-020,2026-09-20 11:00:00,166,6.42941,21.106869
WELL-020,2026-09-20 11:00:00,167,5.617318,21.340726
WELL-020,2026-09-20 11:00:00,168,4.85685,21.585684
WELL-020,2026-09-20 11:00:00,169,4.148933,21.840831
WELL-020,2026-09-20 11:00:00,170,3.49443,22.104458
WELL-020,2026-09-20 11:00:00,171,2.894137,22.37424
WELL-020,2026-09-20 11:00:00,172,2.348786,22.647499
WELL-020,2026-09-20 11:00:00,173,1.859042,22.921524
WELL-020,2026-09-20 11:00:00,174,1.425501,23.193893
WELL-020,2026-09-20 11:00:00,175,1.048692,23.462754
WELL-020,2026-09-20 11:00:00,176,0.729072,23.72702
WELL-020,2026-09-20 11:00:00,177,0.467033,23.986461
WELL-020,2026-09-20 11:00:00,178,0.262893,24.241665
WELL-020,2026-09-20 11:00:00,179,0.116901,24.493886
WELL-020,2026-09-20 11:00:00,180,0.029234,24.744792
WELL-020,2026-09-20 11:00:00,181,0.0,24.996159
WELL-020,2026-09-23 11:00:00,1,0.0,25.010685
WELL-020,2026-09-23 11:00:00,2,0.029585,25.270878
WELL-020,2026-09-23 11:00:00,3,0.118303,25.534275
WELL-020,2026-09-23 11:00:00,4,0.266048,25.801214
WELL-020,2026-09-23 11:00:00,5,0.472638,26.071209
WELL-020,2026-09-23 11:00:00,6,0.737821,26.342969
WELL-020,2026-09-23 11:00:00,7,1.061276,26.614532
WELL-020,2026-09-23 11:00:00,8,1.442607,26.883502
WELL-020,2026-09-23 11:00:00,9,1.881351,27.147348
WELL-020,2026-09-23 11:00:00,10,2.376972,27.403729
WELL-020,2026-09-23 11:00:00,11,2.928867,27.650792
WELL-020,2026-09-23 11:00:00,12,3.536363,27.887399
WELL-020,2026-09-23 11:00:00,13,4.198721,28.113258
WELL-020,2026-09-23 11:00:00,14,4.915132,28.328925
WELL-020,2026-09-23 11:00:00,15,5.684726,28.535691
WELL-020,2026-09-23 11:00:00,16,6.506563,28.735361
WELL-020,2026-09-23 11:00:00,17,7.379642,28.92996
WELL-020,2026-09-23 11:00:00,18,8.302901,29.121407
WELL-020,2026-09-23 11:00:00,19,9.275213,29.311208
WELL-020,2026-09-23 11:00:00,20,10.295395,29.500211
WELL-020,2026-09-23 11:00:00,21,11.362203,29.688456
WELL-020,2026-09-23 11:00:00,22,12.474337,29.875142
WELL-020,2026-09-23 11:00:00,23,13.630444,30.058722
WELL-020,2026-09-23 11:00:00,24,14.829113,30.237102
WELL-020,2026-09-23 11:00:00,25,16.068886,30.407926
WELL-020,2026-09-23 11:00:00,26,17.34825,30.568891
WELL-020,2026-09-23 11:00:00,27,18.665649,30.718067
WELL-020,2026-09-23 11:00:00,28,20.019475,30.85415
WELL-020,2026-09-23 11:00:00,29,21.408081,30.976633
WELL-020,2026-09-23 11:00:00,30,22.829774,31.085855
WELL-020,2026-09-23 11:00:00,31,24.282823,31.182934
WELL-020,2026-09-23 11:00:00,32,25.765456,31.269581
WELL-020,2026-09-23 11:00:00,33,27.275868,31.347828
WELL-020,2026-09-23 11:00:00,34,28.812218,31.419712
WELL-020,2026-09-23 11:00:00,35,30.372635,31.486962
WELL-020,2026-09-23 11:00:00,36,31.955217,31.550719
WELL-020,2026-09-23 11:00:00,37,33.558036,31.611358
WELL-020,2026-09-23 11:00:00,38,35.179139,31.668411
WELL-020,2026-09-23 11:00:00,39,36.816553,31.720615
WELL-020,2026-09-23 11:00:00,40,38.46828,31.766086
WELL-020,2026-09-23 11:00:00,41,40.13231,31.802571
WELL-020,2026-09-23 11:00:00,42,41.806614,31.827765
WELL-020,2026-09-23 11:00:00,43,43.489153,31.839633
WELL-020,2026-09-23 11:00:00,44,45.177877,31.836696
WELL-020,2026-09-23 11:00:00,45,46.870729,31.818238
WELL-020,2026-09-23 11:00:00,46,48.565646,31.784403
WELL-020,2026-09-23 11:00:00,47,50.260562,31.736168
WELL-020,2026-09-23 11:00:00,48,51.953414,31.675203
WELL-020,2026-09-23 11:00:00,49,53.642138,31.603625
WELL-020,2026-09-23 11:00:00,50,55.324677,31.523695
WELL-020,2026-09-23 11:00:00,51,56.998981,31.437498
WELL-020,2026-09-23 11:00:00,52,58.663011,31.346645
WELL-020,2026-09-23 11:00:00,53,60.314739,31.252056
WELL-020,2026-09-23 11:00:00,54,61.952152,31.153842
WELL-020,2026-09-23 11:00:00,55,63.573255,31.051309
WELL-020,2026-09-23 11:00:00,56,65.176075,30.943083
WELL-020,2026-09-23 11:00:00,57,66.758657,30.827339
WELL-020,2026-09-23 11:00:00,58,68.319073,30.702098
WELL-020,2026-09-23 11:00:00,59,69.855423,30.565549
WELL-020,2026-09-23 11:00:00,60,71.365835,30.416352
WELL-020,2026-09-23 11:00:00,61,72.848468,30.253877
WELL-020,2026-09-23 11:00:00,62,74.301517,30.078336
WELL-020,2026-09-23 11:00:00,63,75.72321,29.890806
WELL-020,2026-09-23 11:00:00,64,77.111816,29.693121
WELL-020,2026-09-23 11:00:00,65,78.465643,29.487658
WELL-020,2026-09-23 11:00:00,66,79.783041,29.277048
WELL-020,2026-09-23 11:00:00,67,81.062405,29.063854
WELL-020,2026-09-23 11:00:00,68,82.302178,28.850256
WELL-020,2026-09-23 11:00:00,69,83.500847,28.637797
WELL-020,2026-09-23 11:00:00,70,84.656954,28.427223
WELL-020,2026-09-23 11:00:00,71,85.769088,28.218438
WELL-020,2026-09-23 11:00:00,72,86.835897,28.010586
WELL-020,2026-09-23 11:00:00,73,87.856078,27.802238
WELL-020,2026-09-23 11:00:00,74,88.82839,27.591672
WELL-020,2026-09-23 11:00:00,75,89.751649,27.377182
WELL-020,2026-09-23 11:00:00,76,90.624728,27.1574
WELL-020,2026-09-23 11:00:00,77,91.446565,26.931552
WELL-020,2026-09-23 11:00:00,78,92.216159,26.699639
WELL-020,2026-09-23 11:00:00,79,92.93257,26.462493
WELL-020,2026-09-23 11:00:00,80,93.594928,26.221719
WELL-020,2026-09-23 11:00:00,81,94.202424,25.979512
WELL-020,2026-09-23 11:00:00,82,94.754319,25.738398
WELL-020,2026-09-23 11:00:00,83,95.24994,25.500914
WELL-020,2026-09-23 11:00:00,84,95.688684,25.269282
WELL-020,2026-09-23 11:00:00,85,96.070015,25.045138
WELL-020,2026-09-23 11:00:00,86,96.39347,24.829327
WELL-020,2026-09-23 11:00:00,87,96.658654,24.621823
WELL-020,2026-09-23 11:00:00,88,96.865243,24.421763
WELL-020,2026-09-23 11:00:00,89,97.012988,24.227602
WELL-020,2026-09-23 11:00:00,90,97.101706,24.037364
WELL-020,2026-09-23 11:00:00,91,97.131291,23.848955
WELL-020,2026-09-23 11:00:00,92,97.101706,23.66048
WELL-020,2026-09-23 11:00:00,93,97.012988,23.470539
WELL-020,2026-09-23 11:00:00,94,96.865243,23.278436
WELL-020,2026-09-23 11:00:00,95,96.658654,23.084292
WELL-020,2026-09-23 11:00:00,96,96.39347,22.889028
WELL-020,2026-09-23 11:00:00,97,96.070015,22.694234
WELL-020,2026-09-23 11:00:00,98,95.688684,22.501932
WELL-020,2026-09-23 11:00:00,99,95.24994,22.314279
WELL-020,2026-09-23 11:00:00,100,94.754319,22.133245
WELL-020,2026-09-23 11:00:00,101,94.202424,21.960317
WELL-020,2026-09-23 11:00:00,102,93.594928,21.796269
WELL-020,2026-09-23 11:00:00,103,92.93257,21.641043
WELL-020,2026-09-23 11:00:00,104,92.216159,21.493737
WELL-020,2026-09-23 11:00:00,105,91.446565,21.352727
WELL-020,2026-09-23 11:00:00,106,90.624728,21.215887
WELL-020,2026-09-23 11:00:00,107,89.751649,21.080888
WELL-020,2026-09-23 11:00:00,108,88.82839,20.945519
WELL-020,2026-09-23 11:00:00,109,87.856078,20.808001
WELL-020,2026-09-23 11:00:00,110,86.835897,20.667231
WELL-020,2026-09-23 11:00:00,111,85.769088,20.522935
WELL-020,2026-09-23 11:00:00,112,84.656954,20.375699
WELL-020,2026-09-23 11:00:00,113,83.500847,20.226878
WELL-020,2026-09-23 11:00:00,114,82.302178,20.078397
WELL-020,2026-09-23 11:00:00,115,81.062405,19.932467
WELL-020,2026-09-23 11:00:00,116,79.783041,19.791268
WELL-020,2026-09-23 11:00:00,117,78.465643,19.656634
WELL-020,2026-09-23 11:00:00,118,77.111816,19.529799
WELL-020,2026-09-23 11:00:00,119,75.72321,19.411226
WELL-020,2026-09-23 11:00:00,120,74.301517,19.300554
WELL-020,2026-09-23 11:00:00,121,72.848468,19.196674
WELL-020,2026-09-23 11:00:00,122,71.365835,19.097909
WELL-020,2026-09-23 11:00:00,123,69.855423,19.002284
WELL-020,2026-09-23 11:00:00,124,68.319073,18.907846
WELL-020,2026-09-23 11:00:00,125,66.758657,18.81298
WELL-020,2026-09-23 11:00:00,126,65.176075,18.716675
WELL-020,2026-09-23 11:00:00,127,63.573255,18.618717
WELL-020,2026-09-23 11:00:00,128,61.952152,18.519756
WELL-020,2026-09-23 11:00:00,129,60.314739,18.421258
WELL-020,2026-09-23 11:00:00,130,58.663011,18.325332
WELL-020,2026-09-23 11:00:00,131,56.998981,18.234479
WELL-020,2026-09-23 11:00:00,132,55.324677,18.151268
WELL-020,2026-09-23 11:00:00,133,53.642138,18.078016
WELL-020,2026-09-23 11:00:00,134,51.953414,18.016501
WELL-020,2026-09-23 11:00:00,135,50.260562,17.967753
WELL-020,2026-09-23 11:00:00,136,48.565646,17.931957
WELL-020,2026-09-23 11:00:00,137,46.870729,17.908474
WELL-020,2026-09-23 11:00:00,138,45.177877,17.895983
WELL-020,2026-09-23 11:00:00,139,43.489153,17.892725
WELL-020,2026-09-23 11:00:00,140,41.806614,17.896804
WELL-020,2026-09-23 11:00:00,141,40.13231,17.906505
WELL-020,2026-09-23 11:00:00,142,38.46828,17.92059
WELL-020,2026-09-23 11:00:00,143,36.816553,17.938511
WELL-020,2026-09-23 11:00:00,144,35.179139,17.960531
WELL-020,2026-09-23 11:00:00,145,33.558036,17.987717
WELL-020,2026-09-23 11:00:00,146,31.955217,18.021809
WELL-020,2026-09-23 11:00:00,147,30.372635,18.064993
WELL-020,2026-09-23 11:00:00,148,28.812218,18.119601
WELL-020,2026-09-23 11:00:00,149,27.275868,18.18779
WELL-020,2026-09-23 11:00:00,150,25.765456,18.27123
WELL-020,2026-09-23 11:00:00,151,24.282823,18.370875
WELL-020,2026-09-23 11:00:00,152,22.829774,18.486816
WELL-020,2026-09-23 11:00:00,153,21.408081,18.618268
WELL-020,2026-09-23 11:00:00,154,20.019475,18.76367
WELL-020,2026-09-23 11:00:00,155,18.665649,18.9209
WELL-020,2026-09-23 11:00:00,156,17.34825,19.087562
WELL-020,2026-09-23 11:00:00,157,16.068886,19.261305
WELL-020,2026-09-23 11:00:00,158,14.829113,19.440144
WELL-020,2026-09-23 11:00:00,159,13.630444,19.622704
WELL-020,2026-09-23 11:00:00,160,12.474337,19.808384
WELL-020,2026-09-23 11:00:00,161,11.362203,19.997403
WELL-020,2026-09-23 11:00:00,162,10.295395,20.190713
WELL-020,2026-09-23 11:00:00,163,9.275213,20.389812
WELL-020,2026-09-23 11:00:00,164,8.302901,20.59647
WELL-020,2026-09-23 11:00:00,165,7.379642,20.812409
WELL-020,2026-09-23 11:00:00,166,6.506563,21.038992
WELL-020,2026-09-23 11:00:00,167,5.684726,21.276958
WELL-020,2026-09-23 11:00:00,168,4.915132,21.526249
WELL-020,2026-09-23 11:00:00,169,4.198721,21.785948
WELL-020,2026-09-23 11:00:00,170,3.536363,22.05434
WELL-020,2026-09-23 11:00:00,171,2.928867,22.329094
WELL-020,2026-09-23 11:00:00,172,2.376972,22.607526
WELL-020,2026-09-23 11:00:00,173,1.881351,22.88692
WELL-020,2026-09-23 11:00:00,174,1.442607,23.164845
WELL-020,2026-09-23 11:00:00,175,1.061276,23.439444
WELL-020,2026-09-23 11:00:00,176,0.737821,23.709622
WELL-020,2026-09-23 11:00:00,177,0.472638,23.975144
WELL-020,2026-09-23 11:00:00,178,0.266048,24.236588
WELL-020,2026-09-23 11:00:00,179,0.118303,24.495201
WELL-020,2026-09-23 11:00:00,180,0.029585,24.752644
WELL-020,2026-09-23 11:00:00,181,0.0,25.010685
